ac_no,ac_name,total_electors,polling_station,candidate,votes,source_pdf
129,Kultali (C),265561,1,candidate_col_1,175,129_Form20.pdf
129,Kultali (C),265561,1,candidate_col_2,151,129_Form20.pdf
129,Kultali (C),265561,1,Mintu Halder,68,129_Form20.pdf
129,Kultali (C),265561,1,candidate_col_4,6,129_Form20.pdf
129,Kultali (C),265561,1,Ram Sankar Halder,166,129_Form20.pdf
129,Kultali (C),265561,1,candidate_col_6,9,129_Form20.pdf
129,Kultali (C),265561,1,candidate_col_7,4,129_Form20.pdf
129,Kultali (C),265561,1,candidate_col_8,9,129_Form20.pdf
129,Kultali (C),265561,2,candidate_col_1,120,129_Form20.pdf
129,Kultali (C),265561,2,candidate_col_2,242,129_Form20.pdf
129,Kultali (C),265561,2,Mintu Halder,153,129_Form20.pdf
129,Kultali (C),265561,2,candidate_col_4,5,129_Form20.pdf
129,Kultali (C),265561,2,Ram Sankar Halder,279,129_Form20.pdf
129,Kultali (C),265561,2,candidate_col_6,3,129_Form20.pdf
129,Kultali (C),265561,2,candidate_col_7,1,129_Form20.pdf
129,Kultali (C),265561,2,candidate_col_8,11,129_Form20.pdf
129,Kultali (C),265561,3,candidate_col_1,522,129_Form20.pdf
129,Kultali (C),265561,3,candidate_col_2,115,129_Form20.pdf
129,Kultali (C),265561,3,Mintu Halder,80,129_Form20.pdf
129,Kultali (C),265561,3,candidate_col_4,5,129_Form20.pdf
129,Kultali (C),265561,3,Ram Sankar Halder,72,129_Form20.pdf
129,Kultali (C),265561,3,candidate_col_6,2,129_Form20.pdf
129,Kultali (C),265561,3,candidate_col_7,1,129_Form20.pdf
129,Kultali (C),265561,3,candidate_col_8,7,129_Form20.pdf
129,Kultali (C),265561,4,candidate_col_1,607,129_Form20.pdf
129,Kultali (C),265561,4,candidate_col_2,14,129_Form20.pdf
129,Kultali (C),265561,4,Mintu Halder,118,129_Form20.pdf
129,Kultali (C),265561,4,candidate_col_4,1,129_Form20.pdf
129,Kultali (C),265561,4,Ram Sankar Halder,60,129_Form20.pdf
129,Kultali (C),265561,4,candidate_col_6,1,129_Form20.pdf
129,Kultali (C),265561,4,candidate_col_7,1,129_Form20.pdf
129,Kultali (C),265561,4,candidate_col_8,4,129_Form20.pdf
129,Kultali (C),265561,5,candidate_col_1,262,129_Form20.pdf
129,Kultali (C),265561,5,candidate_col_2,5,129_Form20.pdf
129,Kultali (C),265561,5,Mintu Halder,109,129_Form20.pdf
129,Kultali (C),265561,5,candidate_col_4,4,129_Form20.pdf
129,Kultali (C),265561,5,Ram Sankar Halder,252,129_Form20.pdf
129,Kultali (C),265561,5,candidate_col_6,1,129_Form20.pdf
129,Kultali (C),265561,5,candidate_col_7,4,129_Form20.pdf
129,Kultali (C),265561,5,candidate_col_8,1,129_Form20.pdf
129,Kultali (C),265561,6,candidate_col_1,218,129_Form20.pdf
129,Kultali (C),265561,6,candidate_col_2,3,129_Form20.pdf
129,Kultali (C),265561,6,Mintu Halder,145,129_Form20.pdf
129,Kultali (C),265561,6,candidate_col_4,1,129_Form20.pdf
129,Kultali (C),265561,6,Ram Sankar Halder,65,129_Form20.pdf
129,Kultali (C),265561,6,candidate_col_6,1,129_Form20.pdf
129,Kultali (C),265561,6,candidate_col_7,1,129_Form20.pdf
129,Kultali (C),265561,6,candidate_col_8,4,129_Form20.pdf
129,Kultali (C),265561,6A,candidate_col_1,202,129_Form20.pdf
129,Kultali (C),265561,6A,candidate_col_2,7,129_Form20.pdf
129,Kultali (C),265561,6A,Mintu Halder,135,129_Form20.pdf
129,Kultali (C),265561,6A,candidate_col_4,0,129_Form20.pdf
129,Kultali (C),265561,6A,Ram Sankar Halder,115,129_Form20.pdf
129,Kultali (C),265561,6A,candidate_col_6,2,129_Form20.pdf
129,Kultali (C),265561,6A,candidate_col_7,2,129_Form20.pdf
129,Kultali (C),265561,6A,candidate_col_8,5,129_Form20.pdf
129,Kultali (C),265561,7,candidate_col_1,421,129_Form20.pdf
129,Kultali (C),265561,7,candidate_col_2,18,129_Form20.pdf
129,Kultali (C),265561,7,Mintu Halder,279,129_Form20.pdf
129,Kultali (C),265561,7,candidate_col_4,8,129_Form20.pdf
129,Kultali (C),265561,7,Ram Sankar Halder,143,129_Form20.pdf
129,Kultali (C),265561,7,candidate_col_6,4,129_Form20.pdf
129,Kultali (C),265561,7,candidate_col_7,3,129_Form20.pdf
129,Kultali (C),265561,7,candidate_col_8,8,129_Form20.pdf
129,Kultali (C),265561,8,candidate_col_1,349,129_Form20.pdf
129,Kultali (C),265561,8,candidate_col_2,30,129_Form20.pdf
129,Kultali (C),265561,8,Mintu Halder,307,129_Form20.pdf
129,Kultali (C),265561,8,candidate_col_4,1,129_Form20.pdf
129,Kultali (C),265561,8,Ram Sankar Halder,43,129_Form20.pdf
129,Kultali (C),265561,8,candidate_col_6,2,129_Form20.pdf
129,Kultali (C),265561,8,candidate_col_7,0,129_Form20.pdf
129,Kultali (C),265561,8,candidate_col_8,7,129_Form20.pdf
129,Kultali (C),265561,9,candidate_col_1,0,129_Form20.pdf
129,Kultali (C),265561,9,candidate_col_2,0,129_Form20.pdf
129,Kultali (C),265561,9,Mintu Halder,0,129_Form20.pdf
129,Kultali (C),265561,9,candidate_col_4,0,129_Form20.pdf
129,Kultali (C),265561,9,Ram Sankar Halder,0,129_Form20.pdf
129,Kultali (C),265561,9,candidate_col_6,0,129_Form20.pdf
129,Kultali (C),265561,9,candidate_col_7,0,129_Form20.pdf
129,Kultali (C),265561,9,candidate_col_8,0,129_Form20.pdf
129,Kultali (C),265561,10,candidate_col_1,631,129_Form20.pdf
129,Kultali (C),265561,10,candidate_col_2,11,129_Form20.pdf
129,Kultali (C),265561,10,Mintu Halder,214,129_Form20.pdf
129,Kultali (C),265561,10,candidate_col_4,2,129_Form20.pdf
129,Kultali (C),265561,10,Ram Sankar Halder,8,129_Form20.pdf
129,Kultali (C),265561,10,candidate_col_6,2,129_Form20.pdf
129,Kultali (C),265561,10,candidate_col_7,0,129_Form20.pdf
129,Kultali (C),265561,10,candidate_col_8,6,129_Form20.pdf
129,Kultali (C),265561,11,candidate_col_1,678,129_Form20.pdf
129,Kultali (C),265561,11,candidate_col_2,4,129_Form20.pdf
129,Kultali (C),265561,11,Mintu Halder,206,129_Form20.pdf
129,Kultali (C),265561,11,candidate_col_4,1,129_Form20.pdf
129,Kultali (C),265561,11,Ram Sankar Halder,33,129_Form20.pdf
129,Kultali (C),265561,11,candidate_col_6,1,129_Form20.pdf
129,Kultali (C),265561,11,candidate_col_7,0,129_Form20.pdf
129,Kultali (C),265561,11,candidate_col_8,2,129_Form20.pdf
129,Kultali (C),265561,12,candidate_col_1,652,129_Form20.pdf
129,Kultali (C),265561,12,candidate_col_2,118,129_Form20.pdf
129,Kultali (C),265561,12,Mintu Halder,75,129_Form20.pdf
129,Kultali (C),265561,12,candidate_col_4,3,129_Form20.pdf
129,Kultali (C),265561,12,Ram Sankar Halder,15,129_Form20.pdf
129,Kultali (C),265561,12,candidate_col_6,1,129_Form20.pdf
129,Kultali (C),265561,12,candidate_col_7,2,129_Form20.pdf
129,Kultali (C),265561,12,candidate_col_8,5,129_Form20.pdf
129,Kultali (C),265561,13,candidate_col_1,425,129_Form20.pdf
129,Kultali (C),265561,13,candidate_col_2,306,129_Form20.pdf
129,Kultali (C),265561,13,Mintu Halder,26,129_Form20.pdf
129,Kultali (C),265561,13,candidate_col_4,3,129_Form20.pdf
129,Kultali (C),265561,13,Ram Sankar Halder,15,129_Form20.pdf
129,Kultali (C),265561,13,candidate_col_6,3,129_Form20.pdf
129,Kultali (C),265561,13,candidate_col_7,1,129_Form20.pdf
129,Kultali (C),265561,13,candidate_col_8,3,129_Form20.pdf
129,Kultali (C),265561,14,candidate_col_1,683,129_Form20.pdf
129,Kultali (C),265561,14,candidate_col_2,101,129_Form20.pdf
129,Kultali (C),265561,14,Mintu Halder,74,129_Form20.pdf
129,Kultali (C),265561,14,candidate_col_4,3,129_Form20.pdf
129,Kultali (C),265561,14,Ram Sankar Halder,7,129_Form20.pdf
129,Kultali (C),265561,14,candidate_col_6,0,129_Form20.pdf
129,Kultali (C),265561,14,candidate_col_7,1,129_Form20.pdf
129,Kultali (C),265561,14,candidate_col_8,17,129_Form20.pdf
129,Kultali (C),265561,15,candidate_col_1,329,129_Form20.pdf
129,Kultali (C),265561,15,candidate_col_2,5,129_Form20.pdf
129,Kultali (C),265561,15,Mintu Halder,115,129_Form20.pdf
129,Kultali (C),265561,15,candidate_col_4,3,129_Form20.pdf
129,Kultali (C),265561,15,Ram Sankar Halder,5,129_Form20.pdf
129,Kultali (C),265561,15,candidate_col_6,1,129_Form20.pdf
129,Kultali (C),265561,15,candidate_col_7,0,129_Form20.pdf
129,Kultali (C),265561,15,candidate_col_8,4,129_Form20.pdf
129,Kultali (C),265561,15A,candidate_col_1,349,129_Form20.pdf
129,Kultali (C),265561,15A,candidate_col_2,2,129_Form20.pdf
129,Kultali (C),265561,15A,Mintu Halder,130,129_Form20.pdf
129,Kultali (C),265561,15A,candidate_col_4,0,129_Form20.pdf
129,Kultali (C),265561,15A,Ram Sankar Halder,6,129_Form20.pdf
129,Kultali (C),265561,15A,candidate_col_6,1,129_Form20.pdf
129,Kultali (C),265561,15A,candidate_col_7,0,129_Form20.pdf
129,Kultali (C),265561,15A,candidate_col_8,2,129_Form20.pdf
129,Kultali (C),265561,16,candidate_col_1,638,129_Form20.pdf
129,Kultali (C),265561,16,candidate_col_2,14,129_Form20.pdf
129,Kultali (C),265561,16,Mintu Halder,133,129_Form20.pdf
129,Kultali (C),265561,16,candidate_col_4,2,129_Form20.pdf
129,Kultali (C),265561,16,Ram Sankar Halder,5,129_Form20.pdf
129,Kultali (C),265561,16,candidate_col_6,3,129_Form20.pdf
129,Kultali (C),265561,16,candidate_col_7,2,129_Form20.pdf
129,Kultali (C),265561,16,candidate_col_8,14,129_Form20.pdf
129,Kultali (C),265561,17,candidate_col_1,260,129_Form20.pdf
129,Kultali (C),265561,17,candidate_col_2,172,129_Form20.pdf
129,Kultali (C),265561,17,Mintu Halder,6,129_Form20.pdf
129,Kultali (C),265561,17,candidate_col_4,1,129_Form20.pdf
129,Kultali (C),265561,17,Ram Sankar Halder,1,129_Form20.pdf
129,Kultali (C),265561,17,candidate_col_6,0,129_Form20.pdf
129,Kultali (C),265561,17,candidate_col_7,0,129_Form20.pdf
129,Kultali (C),265561,17,candidate_col_8,3,129_Form20.pdf
129,Kultali (C),265561,18,candidate_col_1,331,129_Form20.pdf
129,Kultali (C),265561,18,candidate_col_2,388,129_Form20.pdf
129,Kultali (C),265561,18,Mintu Halder,11,129_Form20.pdf
129,Kultali (C),265561,18,candidate_col_4,2,129_Form20.pdf
129,Kultali (C),265561,18,Ram Sankar Halder,5,129_Form20.pdf
129,Kultali (C),265561,18,candidate_col_6,5,129_Form20.pdf
129,Kultali (C),265561,18,candidate_col_7,3,129_Form20.pdf
129,Kultali (C),265561,18,candidate_col_8,6,129_Form20.pdf
129,Kultali (C),265561,19,candidate_col_1,274,129_Form20.pdf
129,Kultali (C),265561,19,candidate_col_2,3,129_Form20.pdf
129,Kultali (C),265561,19,Mintu Halder,198,129_Form20.pdf
129,Kultali (C),265561,19,candidate_col_4,3,129_Form20.pdf
129,Kultali (C),265561,19,Ram Sankar Halder,9,129_Form20.pdf
129,Kultali (C),265561,19,candidate_col_6,0,129_Form20.pdf
129,Kultali (C),265561,19,candidate_col_7,0,129_Form20.pdf
129,Kultali (C),265561,19,candidate_col_8,2,129_Form20.pdf
129,Kultali (C),265561,19A,candidate_col_1,283,129_Form20.pdf
129,Kultali (C),265561,19A,candidate_col_2,5,129_Form20.pdf
129,Kultali (C),265561,19A,Mintu Halder,169,129_Form20.pdf
129,Kultali (C),265561,19A,candidate_col_4,0,129_Form20.pdf
129,Kultali (C),265561,19A,Ram Sankar Halder,3,129_Form20.pdf
129,Kultali (C),265561,19A,candidate_col_6,0,129_Form20.pdf
129,Kultali (C),265561,19A,candidate_col_7,0,129_Form20.pdf
129,Kultali (C),265561,19A,candidate_col_8,2,129_Form20.pdf
129,Kultali (C),265561,20,candidate_col_1,555,129_Form20.pdf
129,Kultali (C),265561,20,candidate_col_2,7,129_Form20.pdf
129,Kultali (C),265561,20,Mintu Halder,231,129_Form20.pdf
129,Kultali (C),265561,20,candidate_col_4,0,129_Form20.pdf
129,Kultali (C),265561,20,Ram Sankar Halder,7,129_Form20.pdf
129,Kultali (C),265561,20,candidate_col_6,1,129_Form20.pdf
129,Kultali (C),265561,20,candidate_col_7,2,129_Form20.pdf
129,Kultali (C),265561,20,candidate_col_8,7,129_Form20.pdf
129,Kultali (C),265561,21,candidate_col_1,307,129_Form20.pdf
129,Kultali (C),265561,21,candidate_col_2,118,129_Form20.pdf
129,Kultali (C),265561,21,Mintu Halder,60,129_Form20.pdf
129,Kultali (C),265561,21,candidate_col_4,2,129_Form20.pdf
129,Kultali (C),265561,21,Ram Sankar Halder,0,129_Form20.pdf
129,Kultali (C),265561,21,candidate_col_6,0,129_Form20.pdf
129,Kultali (C),265561,21,candidate_col_7,2,129_Form20.pdf
129,Kultali (C),265561,21,candidate_col_8,3,129_Form20.pdf
129,Kultali (C),265561,21A,candidate_col_1,287,129_Form20.pdf
129,Kultali (C),265561,21A,candidate_col_2,69,129_Form20.pdf
129,Kultali (C),265561,21A,Mintu Halder,92,129_Form20.pdf
129,Kultali (C),265561,21A,candidate_col_4,1,129_Form20.pdf
129,Kultali (C),265561,21A,Ram Sankar Halder,1,129_Form20.pdf
129,Kultali (C),265561,21A,candidate_col_6,1,129_Form20.pdf
129,Kultali (C),265561,21A,candidate_col_7,1,129_Form20.pdf
129,Kultali (C),265561,21A,candidate_col_8,0,129_Form20.pdf
129,Kultali (C),265561,22,candidate_col_1,433,129_Form20.pdf
129,Kultali (C),265561,22,candidate_col_2,37,129_Form20.pdf
129,Kultali (C),265561,22,Mintu Halder,166,129_Form20.pdf
129,Kultali (C),265561,22,candidate_col_4,1,129_Form20.pdf
129,Kultali (C),265561,22,Ram Sankar Halder,7,129_Form20.pdf
129,Kultali (C),265561,22,candidate_col_6,0,129_Form20.pdf
129,Kultali (C),265561,22,candidate_col_7,1,129_Form20.pdf
129,Kultali (C),265561,22,candidate_col_8,1,129_Form20.pdf
129,Kultali (C),265561,23,candidate_col_1,212,129_Form20.pdf
129,Kultali (C),265561,23,candidate_col_2,377,129_Form20.pdf
129,Kultali (C),265561,23,Mintu Halder,13,129_Form20.pdf
129,Kultali (C),265561,23,candidate_col_4,2,129_Form20.pdf
129,Kultali (C),265561,23,Ram Sankar Halder,4,129_Form20.pdf
129,Kultali (C),265561,23,candidate_col_6,0,129_Form20.pdf
129,Kultali (C),265561,23,candidate_col_7,0,129_Form20.pdf
129,Kultali (C),265561,23,candidate_col_8,3,129_Form20.pdf
129,Kultali (C),265561,23A,candidate_col_1,272,129_Form20.pdf
129,Kultali (C),265561,23A,candidate_col_2,419,129_Form20.pdf
129,Kultali (C),265561,23A,Mintu Halder,26,129_Form20.pdf
129,Kultali (C),265561,23A,candidate_col_4,2,129_Form20.pdf
129,Kultali (C),265561,23A,Ram Sankar Halder,3,129_Form20.pdf
129,Kultali (C),265561,23A,candidate_col_6,1,129_Form20.pdf
129,Kultali (C),265561,23A,candidate_col_7,4,129_Form20.pdf
129,Kultali (C),265561,23A,candidate_col_8,2,129_Form20.pdf
129,Kultali (C),265561,24,candidate_col_1,405,129_Form20.pdf
129,Kultali (C),265561,24,candidate_col_2,260,129_Form20.pdf
129,Kultali (C),265561,24,Mintu Halder,52,129_Form20.pdf
129,Kultali (C),265561,24,candidate_col_4,0,129_Form20.pdf
129,Kultali (C),265561,24,Ram Sankar Halder,6,129_Form20.pdf
129,Kultali (C),265561,24,candidate_col_6,0,129_Form20.pdf
129,Kultali (C),265561,24,candidate_col_7,3,129_Form20.pdf
129,Kultali (C),265561,24,candidate_col_8,2,129_Form20.pdf
129,Kultali (C),265561,25,candidate_col_1,242,129_Form20.pdf
129,Kultali (C),265561,25,candidate_col_2,289,129_Form20.pdf
129,Kultali (C),265561,25,Mintu Halder,46,129_Form20.pdf
129,Kultali (C),265561,25,candidate_col_4,3,129_Form20.pdf
129,Kultali (C),265561,25,Ram Sankar Halder,3,129_Form20.pdf
129,Kultali (C),265561,25,candidate_col_6,2,129_Form20.pdf
129,Kultali (C),265561,25,candidate_col_7,2,129_Form20.pdf
129,Kultali (C),265561,25,candidate_col_8,1,129_Form20.pdf
129,Kultali (C),265561,5,candidate_col_1,172,129_Form20.pdf
129,Kultali (C),265561,5,Mintu Halder,296,129_Form20.pdf
129,Kultali (C),265561,5,candidate_col_3,7,129_Form20.pdf
129,Kultali (C),265561,5,oVaiasin,1,129_Form20.pdf
129,Kultali (C),265561,5,candidate_col_5,3,129_Form20.pdf
129,Kultali (C),265561,5,Bablu Sanfui,0,129_Form20.pdf
129,Kultali (C),265561,5,Gobinda Majhi,3,129_Form20.pdf
129,Kultali (C),265561,5,candidate_col_8,3,129_Form20.pdf
129,Kultali (C),265561,3,candidate_col_1,352,129_Form20.pdf
129,Kultali (C),265561,3,Mintu Halder,276,129_Form20.pdf
129,Kultali (C),265561,3,candidate_col_3,22,129_Form20.pdf
129,Kultali (C),265561,3,oVaiasin,0,129_Form20.pdf
129,Kultali (C),265561,3,candidate_col_5,3,129_Form20.pdf
129,Kultali (C),265561,3,Bablu Sanfui,0,129_Form20.pdf
129,Kultali (C),265561,3,Gobinda Majhi,0,129_Form20.pdf
129,Kultali (C),265561,3,candidate_col_8,4,129_Form20.pdf
129,Kultali (C),265561,6,candidate_col_1,295,129_Form20.pdf
129,Kultali (C),265561,6,Mintu Halder,158,129_Form20.pdf
129,Kultali (C),265561,6,candidate_col_3,44,129_Form20.pdf
129,Kultali (C),265561,6,oVaiasin,0,129_Form20.pdf
129,Kultali (C),265561,6,candidate_col_5,15,129_Form20.pdf
129,Kultali (C),265561,6,Bablu Sanfui,0,129_Form20.pdf
129,Kultali (C),265561,6,Gobinda Majhi,0,129_Form20.pdf
129,Kultali (C),265561,6,candidate_col_8,3,129_Form20.pdf
129,Kultali (C),265561,1,candidate_col_1,213,129_Form20.pdf
129,Kultali (C),265561,1,Mintu Halder,131,129_Form20.pdf
129,Kultali (C),265561,1,candidate_col_3,71,129_Form20.pdf
129,Kultali (C),265561,1,oVaiasin,1,129_Form20.pdf
129,Kultali (C),265561,1,candidate_col_5,2,129_Form20.pdf
129,Kultali (C),265561,1,Bablu Sanfui,0,129_Form20.pdf
129,Kultali (C),265561,1,Gobinda Majhi,0,129_Form20.pdf
129,Kultali (C),265561,1,candidate_col_8,3,129_Form20.pdf
129,Kultali (C),265561,4,candidate_col_1,286,129_Form20.pdf
129,Kultali (C),265561,4,Mintu Halder,304,129_Form20.pdf
129,Kultali (C),265561,4,candidate_col_3,60,129_Form20.pdf
129,Kultali (C),265561,4,oVaiasin,0,129_Form20.pdf
129,Kultali (C),265561,4,candidate_col_5,19,129_Form20.pdf
129,Kultali (C),265561,4,Bablu Sanfui,0,129_Form20.pdf
129,Kultali (C),265561,4,Gobinda Majhi,2,129_Form20.pdf
129,Kultali (C),265561,4,candidate_col_8,3,129_Form20.pdf
129,Kultali (C),265561,10,candidate_col_1,467,129_Form20.pdf
129,Kultali (C),265561,10,Mintu Halder,413,129_Form20.pdf
129,Kultali (C),265561,10,candidate_col_3,53,129_Form20.pdf
129,Kultali (C),265561,10,oVaiasin,0,129_Form20.pdf
129,Kultali (C),265561,10,candidate_col_5,6,129_Form20.pdf
129,Kultali (C),265561,10,Bablu Sanfui,2,129_Form20.pdf
129,Kultali (C),265561,10,Gobinda Majhi,4,129_Form20.pdf
129,Kultali (C),265561,10,candidate_col_8,4,129_Form20.pdf
129,Kultali (C),265561,0,candidate_col_1,274,129_Form20.pdf
129,Kultali (C),265561,0,Mintu Halder,195,129_Form20.pdf
129,Kultali (C),265561,0,candidate_col_3,31,129_Form20.pdf
129,Kultali (C),265561,0,oVaiasin,0,129_Form20.pdf
129,Kultali (C),265561,0,candidate_col_5,2,129_Form20.pdf
129,Kultali (C),265561,0,Bablu Sanfui,0,129_Form20.pdf
129,Kultali (C),265561,0,Gobinda Majhi,2,129_Form20.pdf
129,Kultali (C),265561,0,candidate_col_8,4,129_Form20.pdf
129,Kultali (C),265561,4,candidate_col_1,243,129_Form20.pdf
129,Kultali (C),265561,4,Mintu Halder,236,129_Form20.pdf
129,Kultali (C),265561,4,candidate_col_3,15,129_Form20.pdf
129,Kultali (C),265561,4,oVaiasin,1,129_Form20.pdf
129,Kultali (C),265561,4,candidate_col_5,1,129_Form20.pdf
129,Kultali (C),265561,4,Bablu Sanfui,0,129_Form20.pdf
129,Kultali (C),265561,4,Gobinda Majhi,1,129_Form20.pdf
129,Kultali (C),265561,4,candidate_col_8,1,129_Form20.pdf
129,Kultali (C),265561,8,candidate_col_1,460,129_Form20.pdf
129,Kultali (C),265561,8,Mintu Halder,135,129_Form20.pdf
129,Kultali (C),265561,8,candidate_col_3,176,129_Form20.pdf
129,Kultali (C),265561,8,oVaiasin,1,129_Form20.pdf
129,Kultali (C),265561,8,candidate_col_5,1,129_Form20.pdf
129,Kultali (C),265561,8,Bablu Sanfui,2,129_Form20.pdf
129,Kultali (C),265561,8,Gobinda Majhi,1,129_Form20.pdf
129,Kultali (C),265561,8,candidate_col_8,2,129_Form20.pdf
129,Kultali (C),265561,0,candidate_col_1,0,129_Form20.pdf
129,Kultali (C),265561,0,Mintu Halder,0,129_Form20.pdf
129,Kultali (C),265561,0,candidate_col_3,0,129_Form20.pdf
129,Kultali (C),265561,0,oVaiasin,0,129_Form20.pdf
129,Kultali (C),265561,0,candidate_col_5,0,129_Form20.pdf
129,Kultali (C),265561,0,Bablu Sanfui,0,129_Form20.pdf
129,Kultali (C),265561,0,Gobinda Majhi,0,129_Form20.pdf
129,Kultali (C),265561,0,candidate_col_8,0,129_Form20.pdf
129,Kultali (C),265561,3,candidate_col_1,217,129_Form20.pdf
129,Kultali (C),265561,3,Mintu Halder,222,129_Form20.pdf
129,Kultali (C),265561,3,candidate_col_3,2,129_Form20.pdf
129,Kultali (C),265561,3,oVaiasin,0,129_Form20.pdf
129,Kultali (C),265561,3,candidate_col_5,1,129_Form20.pdf
129,Kultali (C),265561,3,Bablu Sanfui,2,129_Form20.pdf
129,Kultali (C),265561,3,Gobinda Majhi,3,129_Form20.pdf
129,Kultali (C),265561,3,candidate_col_8,3,129_Form20.pdf
129,Kultali (C),265561,4,candidate_col_1,497,129_Form20.pdf
129,Kultali (C),265561,4,Mintu Halder,277,129_Form20.pdf
129,Kultali (C),265561,4,candidate_col_3,56,129_Form20.pdf
129,Kultali (C),265561,4,oVaiasin,1,129_Form20.pdf
129,Kultali (C),265561,4,candidate_col_5,4,129_Form20.pdf
129,Kultali (C),265561,4,Bablu Sanfui,0,129_Form20.pdf
129,Kultali (C),265561,4,Gobinda Majhi,5,129_Form20.pdf
129,Kultali (C),265561,4,candidate_col_8,3,129_Form20.pdf
129,Kultali (C),265561,8,candidate_col_1,638,129_Form20.pdf
129,Kultali (C),265561,8,Mintu Halder,72,129_Form20.pdf
129,Kultali (C),265561,8,candidate_col_3,98,129_Form20.pdf
129,Kultali (C),265561,8,oVaiasin,1,129_Form20.pdf
129,Kultali (C),265561,8,candidate_col_5,11,129_Form20.pdf
129,Kultali (C),265561,8,Bablu Sanfui,3,129_Form20.pdf
129,Kultali (C),265561,8,Gobinda Majhi,0,129_Form20.pdf
129,Kultali (C),265561,8,candidate_col_8,7,129_Form20.pdf
129,Kultali (C),265561,3,candidate_col_1,493,129_Form20.pdf
129,Kultali (C),265561,3,Mintu Halder,159,129_Form20.pdf
129,Kultali (C),265561,3,candidate_col_3,32,129_Form20.pdf
129,Kultali (C),265561,3,oVaiasin,1,129_Form20.pdf
129,Kultali (C),265561,3,candidate_col_5,1,129_Form20.pdf
129,Kultali (C),265561,3,Bablu Sanfui,1,129_Form20.pdf
129,Kultali (C),265561,3,Gobinda Majhi,2,129_Form20.pdf
129,Kultali (C),265561,3,candidate_col_8,5,129_Form20.pdf
129,Kultali (C),265561,16,candidate_col_1,638,129_Form20.pdf
129,Kultali (C),265561,16,Mintu Halder,236,129_Form20.pdf
129,Kultali (C),265561,16,candidate_col_3,22,129_Form20.pdf
129,Kultali (C),265561,16,oVaiasin,0,129_Form20.pdf
129,Kultali (C),265561,16,candidate_col_5,4,129_Form20.pdf
129,Kultali (C),265561,16,Bablu Sanfui,3,129_Form20.pdf
129,Kultali (C),265561,16,Gobinda Majhi,2,129_Form20.pdf
129,Kultali (C),265561,16,candidate_col_8,10,129_Form20.pdf
129,Kultali (C),265561,2,candidate_col_1,316,129_Form20.pdf
129,Kultali (C),265561,2,Mintu Halder,268,129_Form20.pdf
129,Kultali (C),265561,2,candidate_col_3,18,129_Form20.pdf
129,Kultali (C),265561,2,oVaiasin,0,129_Form20.pdf
129,Kultali (C),265561,2,candidate_col_5,2,129_Form20.pdf
129,Kultali (C),265561,2,Bablu Sanfui,1,129_Form20.pdf
129,Kultali (C),265561,2,Gobinda Majhi,0,129_Form20.pdf
129,Kultali (C),265561,2,candidate_col_8,1,129_Form20.pdf
129,Kultali (C),265561,5,candidate_col_1,457,129_Form20.pdf
129,Kultali (C),265561,5,Mintu Halder,225,129_Form20.pdf
129,Kultali (C),265561,5,candidate_col_3,35,129_Form20.pdf
129,Kultali (C),265561,5,oVaiasin,1,129_Form20.pdf
129,Kultali (C),265561,5,candidate_col_5,0,129_Form20.pdf
129,Kultali (C),265561,5,Bablu Sanfui,0,129_Form20.pdf
129,Kultali (C),265561,5,Gobinda Majhi,1,129_Form20.pdf
129,Kultali (C),265561,5,candidate_col_8,3,129_Form20.pdf
129,Kultali (C),265561,4,candidate_col_1,416,129_Form20.pdf
129,Kultali (C),265561,4,Mintu Halder,123,129_Form20.pdf
129,Kultali (C),265561,4,candidate_col_3,5,129_Form20.pdf
129,Kultali (C),265561,4,oVaiasin,0,129_Form20.pdf
129,Kultali (C),265561,4,candidate_col_5,1,129_Form20.pdf
129,Kultali (C),265561,4,Bablu Sanfui,0,129_Form20.pdf
129,Kultali (C),265561,4,Gobinda Majhi,0,129_Form20.pdf
129,Kultali (C),265561,4,candidate_col_8,1,129_Form20.pdf
129,Kultali (C),265561,0,candidate_col_1,364,129_Form20.pdf
129,Kultali (C),265561,0,Mintu Halder,117,129_Form20.pdf
129,Kultali (C),265561,0,candidate_col_3,11,129_Form20.pdf
129,Kultali (C),265561,0,oVaiasin,0,129_Form20.pdf
129,Kultali (C),265561,0,candidate_col_5,1,129_Form20.pdf
129,Kultali (C),265561,0,Bablu Sanfui,0,129_Form20.pdf
129,Kultali (C),265561,0,Gobinda Majhi,0,129_Form20.pdf
129,Kultali (C),265561,0,candidate_col_8,2,129_Form20.pdf
129,Kultali (C),265561,3,candidate_col_1,365,129_Form20.pdf
129,Kultali (C),265561,3,Mintu Halder,265,129_Form20.pdf
129,Kultali (C),265561,3,candidate_col_3,2,129_Form20.pdf
129,Kultali (C),265561,3,oVaiasin,1,129_Form20.pdf
129,Kultali (C),265561,3,candidate_col_5,9,129_Form20.pdf
129,Kultali (C),265561,3,Bablu Sanfui,2,129_Form20.pdf
129,Kultali (C),265561,3,Gobinda Majhi,0,129_Form20.pdf
129,Kultali (C),265561,3,candidate_col_8,1,129_Form20.pdf
129,Kultali (C),265561,9,candidate_col_1,442,129_Form20.pdf
129,Kultali (C),265561,9,Mintu Halder,243,129_Form20.pdf
129,Kultali (C),265561,9,candidate_col_3,11,129_Form20.pdf
129,Kultali (C),265561,9,oVaiasin,1,129_Form20.pdf
129,Kultali (C),265561,9,candidate_col_5,4,129_Form20.pdf
129,Kultali (C),265561,9,Bablu Sanfui,3,129_Form20.pdf
129,Kultali (C),265561,9,Gobinda Majhi,0,129_Form20.pdf
129,Kultali (C),265561,9,candidate_col_8,4,129_Form20.pdf
129,Kultali (C),265561,6,candidate_col_1,320,129_Form20.pdf
129,Kultali (C),265561,6,Mintu Halder,238,129_Form20.pdf
129,Kultali (C),265561,6,candidate_col_3,22,129_Form20.pdf
129,Kultali (C),265561,6,oVaiasin,0,129_Form20.pdf
129,Kultali (C),265561,6,candidate_col_5,3,129_Form20.pdf
129,Kultali (C),265561,6,Bablu Sanfui,0,129_Form20.pdf
129,Kultali (C),265561,6,Gobinda Majhi,1,129_Form20.pdf
129,Kultali (C),265561,6,candidate_col_8,2,129_Form20.pdf
129,Kultali (C),265561,3,candidate_col_1,342,129_Form20.pdf
129,Kultali (C),265561,3,Mintu Halder,378,129_Form20.pdf
129,Kultali (C),265561,3,candidate_col_3,13,129_Form20.pdf
129,Kultali (C),265561,3,oVaiasin,1,129_Form20.pdf
129,Kultali (C),265561,3,candidate_col_5,3,129_Form20.pdf
129,Kultali (C),265561,3,Bablu Sanfui,1,129_Form20.pdf
129,Kultali (C),265561,3,Gobinda Majhi,0,129_Form20.pdf
129,Kultali (C),265561,3,candidate_col_8,2,129_Form20.pdf
129,Kultali (C),265561,7,candidate_col_1,222,129_Form20.pdf
129,Kultali (C),265561,7,Mintu Halder,285,129_Form20.pdf
129,Kultali (C),265561,7,candidate_col_3,11,129_Form20.pdf
129,Kultali (C),265561,7,oVaiasin,4,129_Form20.pdf
129,Kultali (C),265561,7,candidate_col_5,2,129_Form20.pdf
129,Kultali (C),265561,7,Bablu Sanfui,0,129_Form20.pdf
129,Kultali (C),265561,7,Gobinda Majhi,2,129_Form20.pdf
129,Kultali (C),265561,7,candidate_col_8,2,129_Form20.pdf
129,Kultali (C),265561,2,candidate_col_1,339,129_Form20.pdf
129,Kultali (C),265561,2,Mintu Halder,196,129_Form20.pdf
129,Kultali (C),265561,2,candidate_col_3,15,129_Form20.pdf
129,Kultali (C),265561,2,oVaiasin,1,129_Form20.pdf
129,Kultali (C),265561,2,candidate_col_5,3,129_Form20.pdf
129,Kultali (C),265561,2,Bablu Sanfui,1,129_Form20.pdf
129,Kultali (C),265561,2,Gobinda Majhi,0,129_Form20.pdf
129,Kultali (C),265561,2,candidate_col_8,1,129_Form20.pdf
129,Kultali (C),265561,3,candidate_col_1,618,129_Form20.pdf
129,Kultali (C),265561,3,Mintu Halder,15,129_Form20.pdf
129,Kultali (C),265561,3,candidate_col_3,74,129_Form20.pdf
129,Kultali (C),265561,3,oVaiasin,0,129_Form20.pdf
129,Kultali (C),265561,3,candidate_col_5,26,129_Form20.pdf
129,Kultali (C),265561,3,Bablu Sanfui,1,129_Form20.pdf
129,Kultali (C),265561,3,Gobinda Majhi,0,129_Form20.pdf
129,Kultali (C),265561,3,candidate_col_8,3,129_Form20.pdf
129,Kultali (C),265561,1,candidate_col_1,429,129_Form20.pdf
129,Kultali (C),265561,1,Mintu Halder,183,129_Form20.pdf
129,Kultali (C),265561,1,candidate_col_3,25,129_Form20.pdf
129,Kultali (C),265561,1,oVaiasin,2,129_Form20.pdf
129,Kultali (C),265561,1,candidate_col_5,5,129_Form20.pdf
129,Kultali (C),265561,1,Bablu Sanfui,0,129_Form20.pdf
129,Kultali (C),265561,1,Gobinda Majhi,0,129_Form20.pdf
129,Kultali (C),265561,1,candidate_col_8,1,129_Form20.pdf
129,Kultali (C),265561,1,candidate_col_1,453,129_Form20.pdf
129,Kultali (C),265561,1,Mintu Halder,115,129_Form20.pdf
129,Kultali (C),265561,1,candidate_col_3,7,129_Form20.pdf
129,Kultali (C),265561,1,oVaiasin,0,129_Form20.pdf
129,Kultali (C),265561,1,candidate_col_5,0,129_Form20.pdf
129,Kultali (C),265561,1,Bablu Sanfui,1,129_Form20.pdf
129,Kultali (C),265561,1,Gobinda Majhi,1,129_Form20.pdf
129,Kultali (C),265561,1,candidate_col_8,1,129_Form20.pdf
129,Kultali (C),265561,2,candidate_col_1,229,129_Form20.pdf
129,Kultali (C),265561,2,Mintu Halder,165,129_Form20.pdf
129,Kultali (C),265561,2,candidate_col_3,92,129_Form20.pdf
129,Kultali (C),265561,2,oVaiasin,2,129_Form20.pdf
129,Kultali (C),265561,2,candidate_col_5,2,129_Form20.pdf
129,Kultali (C),265561,2,Bablu Sanfui,0,129_Form20.pdf
129,Kultali (C),265561,2,Gobinda Majhi,1,129_Form20.pdf
129,Kultali (C),265561,2,candidate_col_8,4,129_Form20.pdf
129,Kultali (C),265561,4,candidate_col_1,216,129_Form20.pdf
129,Kultali (C),265561,4,Mintu Halder,157,129_Form20.pdf
129,Kultali (C),265561,4,candidate_col_3,77,129_Form20.pdf
129,Kultali (C),265561,4,oVaiasin,1,129_Form20.pdf
129,Kultali (C),265561,4,candidate_col_5,3,129_Form20.pdf
129,Kultali (C),265561,4,Bablu Sanfui,1,129_Form20.pdf
129,Kultali (C),265561,4,Gobinda Majhi,0,129_Form20.pdf
129,Kultali (C),265561,72,Name of the Assembly Constituency,3,129_Form20.pdf
129,Kultali (C),265561,73,Name of the Assembly Constituency,4,129_Form20.pdf
129,Kultali (C),265561,74,Name of the Assembly Constituency,6,129_Form20.pdf
129,Kultali (C),265561,75,Name of the Assembly Constituency,2,129_Form20.pdf
129,Kultali (C),265561,75A,Name of the Assembly Constituency,1,129_Form20.pdf
129,Kultali (C),265561,76,Name of the Assembly Constituency,3,129_Form20.pdf
129,Kultali (C),265561,76A,Name of the Assembly Constituency,3,129_Form20.pdf
129,Kultali (C),265561,77,Name of the Assembly Constituency,7,129_Form20.pdf
129,Kultali (C),265561,77A,Name of the Assembly Constituency,3,129_Form20.pdf
129,Kultali (C),265561,78,Name of the Assembly Constituency,1,129_Form20.pdf
129,Kultali (C),265561,78A,Name of the Assembly Constituency,4,129_Form20.pdf
129,Kultali (C),265561,79,Name of the Assembly Constituency,3,129_Form20.pdf
129,Kultali (C),265561,80,Name of the Assembly Constituency,3,129_Form20.pdf
129,Kultali (C),265561,80A,Name of the Assembly Constituency,3,129_Form20.pdf
129,Kultali (C),265561,81,Name of the Assembly Constituency,3,129_Form20.pdf
129,Kultali (C),265561,81A,Name of the Assembly Constituency,1,129_Form20.pdf
129,Kultali (C),265561,82,Name of the Assembly Constituency,4,129_Form20.pdf
129,Kultali (C),265561,83,Name of the Assembly Constituency,4,129_Form20.pdf
129,Kultali (C),265561,84,Name of the Assembly Constituency,3,129_Form20.pdf
129,Kultali (C),265561,85,Name of the Assembly Constituency,3,129_Form20.pdf
129,Kultali (C),265561,86,Name of the Assembly Constituency,4,129_Form20.pdf
129,Kultali (C),265561,87,Name of the Assembly Constituency,1,129_Form20.pdf
129,Kultali (C),265561,88,Name of the Assembly Constituency,1,129_Form20.pdf
129,Kultali (C),265561,89,Name of the Assembly Constituency,2,129_Form20.pdf
129,Kultali (C),265561,90,Name of the Assembly Constituency,1,129_Form20.pdf
129,Kultali (C),265561,90A,Name of the Assembly Constituency,1,129_Form20.pdf
129,Kultali (C),265561,91,Name of the Assembly Constituency,4,129_Form20.pdf
129,Kultali (C),265561,92,Name of the Assembly Constituency,3,129_Form20.pdf
129,Kultali (C),265561,93,Name of the Assembly Constituency,3,129_Form20.pdf
129,Kultali (C),265561,93A,Name of the Assembly Constituency,2,129_Form20.pdf
129,Kultali (C),265561,94,No of Valid votes cast in favour of,2,129_Form20.pdf
129,Kultali (C),265561,94,KANAN BALA MONDAL,354,129_Form20.pdf
129,Kultali (C),265561,94,candidate_col_3,4,129_Form20.pdf
129,Kultali (C),265561,94,candidate_col_4,42,129_Form20.pdf
129,Kultali (C),265561,94,Ganesh Chandra Mondal,1,129_Form20.pdf
129,Kultali (C),265561,94,candidate_col_6,109,129_Form20.pdf
129,Kultali (C),265561,94,Mintu Halder,2,129_Form20.pdf
129,Kultali (C),265561,94,candidate_col_8,1,129_Form20.pdf
129,Kultali (C),265561,94,Ram Sankar Halder,0,129_Form20.pdf
129,Kultali (C),265561,95,No of Valid votes cast in favour of,4,129_Form20.pdf
129,Kultali (C),265561,95,KANAN BALA MONDAL,305,129_Form20.pdf
129,Kultali (C),265561,95,candidate_col_3,102,129_Form20.pdf
129,Kultali (C),265561,95,candidate_col_4,26,129_Form20.pdf
129,Kultali (C),265561,95,Ganesh Chandra Mondal,2,129_Form20.pdf
129,Kultali (C),265561,95,candidate_col_6,61,129_Form20.pdf
129,Kultali (C),265561,95,Mintu Halder,0,129_Form20.pdf
129,Kultali (C),265561,95,candidate_col_8,1,129_Form20.pdf
129,Kultali (C),265561,95,Ram Sankar Halder,0,129_Form20.pdf
129,Kultali (C),265561,95A,No of Valid votes cast in favour of,5,129_Form20.pdf
129,Kultali (C),265561,95A,KANAN BALA MONDAL,290,129_Form20.pdf
129,Kultali (C),265561,95A,candidate_col_3,110,129_Form20.pdf
129,Kultali (C),265561,95A,candidate_col_4,20,129_Form20.pdf
129,Kultali (C),265561,95A,Ganesh Chandra Mondal,3,129_Form20.pdf
129,Kultali (C),265561,95A,candidate_col_6,81,129_Form20.pdf
129,Kultali (C),265561,95A,Mintu Halder,3,129_Form20.pdf
129,Kultali (C),265561,95A,candidate_col_8,3,129_Form20.pdf
129,Kultali (C),265561,95A,Ram Sankar Halder,3,129_Form20.pdf
129,Kultali (C),265561,96,No of Valid votes cast in favour of,6,129_Form20.pdf
129,Kultali (C),265561,96,KANAN BALA MONDAL,219,129_Form20.pdf
129,Kultali (C),265561,96,candidate_col_3,170,129_Form20.pdf
129,Kultali (C),265561,96,candidate_col_4,32,129_Form20.pdf
129,Kultali (C),265561,96,Ganesh Chandra Mondal,2,129_Form20.pdf
129,Kultali (C),265561,96,candidate_col_6,52,129_Form20.pdf
129,Kultali (C),265561,96,Mintu Halder,0,129_Form20.pdf
129,Kultali (C),265561,96,candidate_col_8,1,129_Form20.pdf
129,Kultali (C),265561,96,Ram Sankar Halder,3,129_Form20.pdf
129,Kultali (C),265561,96A,No of Valid votes cast in favour of,6,129_Form20.pdf
129,Kultali (C),265561,96A,KANAN BALA MONDAL,248,129_Form20.pdf
129,Kultali (C),265561,96A,candidate_col_3,171,129_Form20.pdf
129,Kultali (C),265561,96A,candidate_col_4,26,129_Form20.pdf
129,Kultali (C),265561,96A,Ganesh Chandra Mondal,2,129_Form20.pdf
129,Kultali (C),265561,96A,candidate_col_6,43,129_Form20.pdf
129,Kultali (C),265561,96A,Mintu Halder,0,129_Form20.pdf
129,Kultali (C),265561,96A,candidate_col_8,2,129_Form20.pdf
129,Kultali (C),265561,96A,Ram Sankar Halder,5,129_Form20.pdf
129,Kultali (C),265561,97,No of Valid votes cast in favour of,1,129_Form20.pdf
129,Kultali (C),265561,97,KANAN BALA MONDAL,362,129_Form20.pdf
129,Kultali (C),265561,97,candidate_col_3,118,129_Form20.pdf
129,Kultali (C),265561,97,candidate_col_4,73,129_Form20.pdf
129,Kultali (C),265561,97,Ganesh Chandra Mondal,2,129_Form20.pdf
129,Kultali (C),265561,97,candidate_col_6,295,129_Form20.pdf
129,Kultali (C),265561,97,Mintu Halder,1,129_Form20.pdf
129,Kultali (C),265561,97,candidate_col_8,2,129_Form20.pdf
129,Kultali (C),265561,97,Ram Sankar Halder,6,129_Form20.pdf
129,Kultali (C),265561,98,No of Valid votes cast in favour of,5,129_Form20.pdf
129,Kultali (C),265561,98,KANAN BALA MONDAL,273,129_Form20.pdf
129,Kultali (C),265561,98,candidate_col_3,425,129_Form20.pdf
129,Kultali (C),265561,98,candidate_col_4,12,129_Form20.pdf
129,Kultali (C),265561,98,Ganesh Chandra Mondal,2,129_Form20.pdf
129,Kultali (C),265561,98,candidate_col_6,7,129_Form20.pdf
129,Kultali (C),265561,98,candidate_col_8,2,129_Form20.pdf
129,Kultali (C),265561,98,Ram Sankar Halder,4,129_Form20.pdf
129,Kultali (C),265561,98,candidate_col_10,1,129_Form20.pdf
129,Kultali (C),265561,99,No of Valid votes cast in favour of,3,129_Form20.pdf
129,Kultali (C),265561,99,KANAN BALA MONDAL,346,129_Form20.pdf
129,Kultali (C),265561,99,candidate_col_3,368,129_Form20.pdf
129,Kultali (C),265561,99,candidate_col_4,11,129_Form20.pdf
129,Kultali (C),265561,99,Ganesh Chandra Mondal,28,129_Form20.pdf
129,Kultali (C),265561,99,candidate_col_6,13,129_Form20.pdf
129,Kultali (C),265561,99,candidate_col_8,2,129_Form20.pdf
129,Kultali (C),265561,99,Ram Sankar Halder,9,129_Form20.pdf
129,Kultali (C),265561,99,candidate_col_10,1,129_Form20.pdf
129,Kultali (C),265561,100,No of Valid votes cast in favour of,4,129_Form20.pdf
129,Kultali (C),265561,100,KANAN BALA MONDAL,329,129_Form20.pdf
129,Kultali (C),265561,100,candidate_col_3,260,129_Form20.pdf
129,Kultali (C),265561,100,candidate_col_4,14,129_Form20.pdf
129,Kultali (C),265561,100,Ganesh Chandra Mondal,0,129_Form20.pdf
129,Kultali (C),265561,100,candidate_col_6,7,129_Form20.pdf
129,Kultali (C),265561,100,Mintu Halder,1,129_Form20.pdf
129,Kultali (C),265561,100,candidate_col_8,0,129_Form20.pdf
129,Kultali (C),265561,100,candidate_col_10,5,129_Form20.pdf
129,Kultali (C),265561,101,No of Valid votes cast in favour of,1,129_Form20.pdf
129,Kultali (C),265561,101,KANAN BALA MONDAL,365,129_Form20.pdf
129,Kultali (C),265561,101,candidate_col_3,332,129_Form20.pdf
129,Kultali (C),265561,101,candidate_col_4,32,129_Form20.pdf
129,Kultali (C),265561,101,Ganesh Chandra Mondal,0,129_Form20.pdf
129,Kultali (C),265561,101,candidate_col_6,13,129_Form20.pdf
129,Kultali (C),265561,101,Mintu Halder,1,129_Form20.pdf
129,Kultali (C),265561,101,candidate_col_8,0,129_Form20.pdf
129,Kultali (C),265561,101,Ram Sankar Halder,6,129_Form20.pdf
129,Kultali (C),265561,102,No of Valid votes cast in favour of,3,129_Form20.pdf
129,Kultali (C),265561,102,KANAN BALA MONDAL,174,129_Form20.pdf
129,Kultali (C),265561,102,candidate_col_3,328,129_Form20.pdf
129,Kultali (C),265561,102,candidate_col_4,43,129_Form20.pdf
129,Kultali (C),265561,102,Ganesh Chandra Mondal,4,129_Form20.pdf
129,Kultali (C),265561,102,candidate_col_6,6,129_Form20.pdf
129,Kultali (C),265561,102,Mintu Halder,0,129_Form20.pdf
129,Kultali (C),265561,102,candidate_col_8,0,129_Form20.pdf
129,Kultali (C),265561,102,Ram Sankar Halder,2,129_Form20.pdf
129,Kultali (C),265561,102A,No of Valid votes cast in favour of,2,129_Form20.pdf
129,Kultali (C),265561,102A,KANAN BALA MONDAL,226,129_Form20.pdf
129,Kultali (C),265561,102A,candidate_col_3,295,129_Form20.pdf
129,Kultali (C),265561,102A,candidate_col_4,37,129_Form20.pdf
129,Kultali (C),265561,102A,Ganesh Chandra Mondal,2,129_Form20.pdf
129,Kultali (C),265561,102A,candidate_col_6,4,129_Form20.pdf
129,Kultali (C),265561,102A,Mintu Halder,0,129_Form20.pdf
129,Kultali (C),265561,102A,candidate_col_8,0,129_Form20.pdf
129,Kultali (C),265561,102A,Ram Sankar Halder,0,129_Form20.pdf
129,Kultali (C),265561,103,No of Valid votes cast in favour of,3,129_Form20.pdf
129,Kultali (C),265561,103,KANAN BALA MONDAL,386,129_Form20.pdf
129,Kultali (C),265561,103,candidate_col_3,374,129_Form20.pdf
129,Kultali (C),265561,103,candidate_col_4,67,129_Form20.pdf
129,Kultali (C),265561,103,Ganesh Chandra Mondal,8,129_Form20.pdf
129,Kultali (C),265561,103,candidate_col_6,11,129_Form20.pdf
129,Kultali (C),265561,103,candidate_col_8,2,129_Form20.pdf
129,Kultali (C),265561,103,Ram Sankar Halder,4,129_Form20.pdf
129,Kultali (C),265561,103,candidate_col_10,3,129_Form20.pdf
129,Kultali (C),265561,104,No of Valid votes cast in favour of,4,129_Form20.pdf
129,Kultali (C),265561,104,KANAN BALA MONDAL,456,129_Form20.pdf
129,Kultali (C),265561,104,candidate_col_3,272,129_Form20.pdf
129,Kultali (C),265561,104,candidate_col_4,54,129_Form20.pdf
129,Kultali (C),265561,104,Ganesh Chandra Mondal,6,129_Form20.pdf
129,Kultali (C),265561,104,candidate_col_6,12,129_Form20.pdf
129,Kultali (C),265561,104,Mintu Halder,2,129_Form20.pdf
129,Kultali (C),265561,104,candidate_col_8,4,129_Form20.pdf
129,Kultali (C),265561,104,Ram Sankar Halder,2,129_Form20.pdf
129,Kultali (C),265561,105,No of Valid votes cast in favour of,4,129_Form20.pdf
129,Kultali (C),265561,105,KANAN BALA MONDAL,566,129_Form20.pdf
129,Kultali (C),265561,105,candidate_col_3,50,129_Form20.pdf
129,Kultali (C),265561,105,candidate_col_4,47,129_Form20.pdf
129,Kultali (C),265561,105,Ganesh Chandra Mondal,1,129_Form20.pdf
129,Kultali (C),265561,105,candidate_col_6,15,129_Form20.pdf
129,Kultali (C),265561,105,candidate_col_8,0,129_Form20.pdf
129,Kultali (C),265561,105,Ram Sankar Halder,1,129_Form20.pdf
129,Kultali (C),265561,106,No of Valid votes cast in favour of,2,129_Form20.pdf
129,Kultali (C),265561,106,KANAN BALA MONDAL,448,129_Form20.pdf
129,Kultali (C),265561,106,candidate_col_3,211,129_Form20.pdf
129,Kultali (C),265561,106,candidate_col_4,61,129_Form20.pdf
129,Kultali (C),265561,106,Ganesh Chandra Mondal,0,129_Form20.pdf
129,Kultali (C),265561,106,candidate_col_6,10,129_Form20.pdf
129,Kultali (C),265561,106,Mintu Halder,1,129_Form20.pdf
129,Kultali (C),265561,106,candidate_col_8,1,129_Form20.pdf
129,Kultali (C),265561,106,Ram Sankar Halder,3,129_Form20.pdf
129,Kultali (C),265561,107,No of Valid votes cast in favour of,2,129_Form20.pdf
129,Kultali (C),265561,107,KANAN BALA MONDAL,494,129_Form20.pdf
129,Kultali (C),265561,107,candidate_col_3,367,129_Form20.pdf
129,Kultali (C),265561,107,candidate_col_4,30,129_Form20.pdf
129,Kultali (C),265561,107,Ganesh Chandra Mondal,5,129_Form20.pdf
129,Kultali (C),265561,107,candidate_col_6,3,129_Form20.pdf
129,Kultali (C),265561,107,candidate_col_8,0,129_Form20.pdf
129,Kultali (C),265561,107,Ram Sankar Halder,2,129_Form20.pdf
129,Kultali (C),265561,107,candidate_col_10,1,129_Form20.pdf
129,Kultali (C),265561,108,No of Valid votes cast in favour of,2,129_Form20.pdf
129,Kultali (C),265561,108,KANAN BALA MONDAL,196,129_Form20.pdf
129,Kultali (C),265561,108,candidate_col_3,172,129_Form20.pdf
129,Kultali (C),265561,108,candidate_col_4,209,129_Form20.pdf
129,Kultali (C),265561,108,Ganesh Chandra Mondal,4,129_Form20.pdf
129,Kultali (C),265561,108,candidate_col_6,7,129_Form20.pdf
129,Kultali (C),265561,108,candidate_col_8,0,129_Form20.pdf
129,Kultali (C),265561,108,Ram Sankar Halder,2,129_Form20.pdf
129,Kultali (C),265561,109,No of Valid votes cast in favour of,2,129_Form20.pdf
129,Kultali (C),265561,109,KANAN BALA MONDAL,443,129_Form20.pdf
129,Kultali (C),265561,109,candidate_col_3,253,129_Form20.pdf
129,Kultali (C),265561,109,candidate_col_4,182,129_Form20.pdf
129,Kultali (C),265561,109,Ganesh Chandra Mondal,1,129_Form20.pdf
129,Kultali (C),265561,109,candidate_col_6,11,129_Form20.pdf
129,Kultali (C),265561,109,Mintu Halder,1,129_Form20.pdf
129,Kultali (C),265561,109,candidate_col_8,1,129_Form20.pdf
129,Kultali (C),265561,109,Ram Sankar Halder,2,129_Form20.pdf
129,Kultali (C),265561,110,No of Valid votes cast in favour of,4,129_Form20.pdf
129,Kultali (C),265561,110,KANAN BALA MONDAL,501,129_Form20.pdf
129,Kultali (C),265561,110,candidate_col_3,345,129_Form20.pdf
129,Kultali (C),265561,110,candidate_col_4,85,129_Form20.pdf
129,Kultali (C),265561,110,Ganesh Chandra Mondal,1,129_Form20.pdf
129,Kultali (C),265561,110,candidate_col_6,10,129_Form20.pdf
129,Kultali (C),265561,110,Mintu Halder,3,129_Form20.pdf
129,Kultali (C),265561,110,candidate_col_8,4,129_Form20.pdf
129,Kultali (C),265561,110,Ram Sankar Halder,3,129_Form20.pdf
129,Kultali (C),265561,111,No of Valid votes cast in favour of,4,129_Form20.pdf
129,Kultali (C),265561,111,KANAN BALA MONDAL,194,129_Form20.pdf
129,Kultali (C),265561,111,candidate_col_3,234,129_Form20.pdf
129,Kultali (C),265561,111,candidate_col_4,63,129_Form20.pdf
129,Kultali (C),265561,111,Ganesh Chandra Mondal,4,129_Form20.pdf
129,Kultali (C),265561,111,candidate_col_6,6,129_Form20.pdf
129,Kultali (C),265561,111,Mintu Halder,1,129_Form20.pdf
129,Kultali (C),265561,111,candidate_col_8,1,129_Form20.pdf
129,Kultali (C),265561,111,Ram Sankar Halder,6,129_Form20.pdf
129,Kultali (C),265561,111A,No of Valid votes cast in favour of,5,129_Form20.pdf
129,Kultali (C),265561,111A,KANAN BALA MONDAL,221,129_Form20.pdf
129,Kultali (C),265561,111A,candidate_col_3,271,129_Form20.pdf
129,Kultali (C),265561,111A,candidate_col_4,60,129_Form20.pdf
129,Kultali (C),265561,111A,Ganesh Chandra Mondal,1,129_Form20.pdf
129,Kultali (C),265561,111A,candidate_col_6,3,129_Form20.pdf
129,Kultali (C),265561,111A,Mintu Halder,3,129_Form20.pdf
129,Kultali (C),265561,111A,candidate_col_8,0,129_Form20.pdf
129,Kultali (C),265561,111A,Ram Sankar Halder,0,129_Form20.pdf
129,Kultali (C),265561,112,No of Valid votes cast in favour of,1,129_Form20.pdf
129,Kultali (C),265561,112,KANAN BALA MONDAL,359,129_Form20.pdf
129,Kultali (C),265561,112,candidate_col_3,164,129_Form20.pdf
129,Kultali (C),265561,112,candidate_col_4,69,129_Form20.pdf
129,Kultali (C),265561,112,Ganesh Chandra Mondal,2,129_Form20.pdf
129,Kultali (C),265561,112,candidate_col_6,10,129_Form20.pdf
129,Kultali (C),265561,112,Mintu Halder,1,129_Form20.pdf
129,Kultali (C),265561,112,candidate_col_8,1,129_Form20.pdf
129,Kultali (C),265561,112,Ram Sankar Halder,3,129_Form20.pdf
129,Kultali (C),265561,112A,No of Valid votes cast in favour of,10,129_Form20.pdf
129,Kultali (C),265561,112A,KANAN BALA MONDAL,303,129_Form20.pdf
129,Kultali (C),265561,112A,candidate_col_3,164,129_Form20.pdf
129,Kultali (C),265561,112A,candidate_col_4,103,129_Form20.pdf
129,Kultali (C),265561,112A,Ganesh Chandra Mondal,0,129_Form20.pdf
129,Kultali (C),265561,112A,candidate_col_6,8,129_Form20.pdf
129,Kultali (C),265561,112A,Mintu Halder,0,129_Form20.pdf
129,Kultali (C),265561,112A,candidate_col_8,1,129_Form20.pdf
129,Kultali (C),265561,112A,Ram Sankar Halder,2,129_Form20.pdf
129,Kultali (C),265561,113,No of Valid votes cast in favour of,1,129_Form20.pdf
129,Kultali (C),265561,113,KANAN BALA MONDAL,217,129_Form20.pdf
129,Kultali (C),265561,113,candidate_col_3,316,129_Form20.pdf
129,Kultali (C),265561,113,candidate_col_4,39,129_Form20.pdf
129,Kultali (C),265561,113,Ganesh Chandra Mondal,5,129_Form20.pdf
129,Kultali (C),265561,113,candidate_col_6,1,129_Form20.pdf
129,Kultali (C),265561,113,Mintu Halder,3,129_Form20.pdf
129,Kultali (C),265561,113,Ram Sankar Halder,0,129_Form20.pdf
129,Kultali (C),265561,113,candidate_col_10,0,129_Form20.pdf
129,Kultali (C),265561,113A,No of Valid votes cast in favour of,1,129_Form20.pdf
129,Kultali (C),265561,113A,KANAN BALA MONDAL,255,129_Form20.pdf
129,Kultali (C),265561,113A,candidate_col_3,256,129_Form20.pdf
129,Kultali (C),265561,113A,candidate_col_4,17,129_Form20.pdf
129,Kultali (C),265561,113A,Ganesh Chandra Mondal,0,129_Form20.pdf
129,Kultali (C),265561,113A,candidate_col_6,0,129_Form20.pdf
129,Kultali (C),265561,113A,Mintu Halder,1,129_Form20.pdf
129,Kultali (C),265561,113A,candidate_col_8,1,129_Form20.pdf
129,Kultali (C),265561,113A,Ram Sankar Halder,0,129_Form20.pdf
129,Kultali (C),265561,114,No of Valid votes cast in favour of,7,129_Form20.pdf
129,Kultali (C),265561,114,KANAN BALA MONDAL,492,129_Form20.pdf
129,Kultali (C),265561,114,candidate_col_3,264,129_Form20.pdf
129,Kultali (C),265561,114,candidate_col_4,20,129_Form20.pdf
129,Kultali (C),265561,114,Ganesh Chandra Mondal,0,129_Form20.pdf
129,Kultali (C),265561,114,candidate_col_6,6,129_Form20.pdf
129,Kultali (C),265561,114,Mintu Halder,1,129_Form20.pdf
129,Kultali (C),265561,114,candidate_col_8,1,129_Form20.pdf
129,Kultali (C),265561,114,Ram Sankar Halder,4,129_Form20.pdf
129,Kultali (C),265561,148,No of Valid votes cast in favour of,115,129_Form20.pdf
129,Kultali (C),265561,148,KANAN BALA MONDAL,5,129_Form20.pdf
129,Kultali (C),265561,148,candidate_col_3,301,129_Form20.pdf
129,Kultali (C),265561,148,candidate_col_4,486,129_Form20.pdf
129,Kultali (C),265561,148,Ganesh Chandra Mondal,20,129_Form20.pdf
129,Kultali (C),265561,148,candidate_col_6,4,129_Form20.pdf
129,Kultali (C),265561,148,Mintu Halder,72,129_Form20.pdf
129,Kultali (C),265561,148,candidate_col_8,1,129_Form20.pdf
129,Kultali (C),265561,148,Ram Sankar Halder,3,129_Form20.pdf
129,Kultali (C),265561,148,candidate_col_10,2,129_Form20.pdf
129,Kultali (C),265561,149,No of Valid votes cast in favour of,116,129_Form20.pdf
129,Kultali (C),265561,149,KANAN BALA MONDAL,3,129_Form20.pdf
129,Kultali (C),265561,149,candidate_col_3,368,129_Form20.pdf
129,Kultali (C),265561,149,candidate_col_4,294,129_Form20.pdf
129,Kultali (C),265561,149,Ganesh Chandra Mondal,11,129_Form20.pdf
129,Kultali (C),265561,149,candidate_col_6,1,129_Form20.pdf
129,Kultali (C),265561,149,Mintu Halder,11,129_Form20.pdf
129,Kultali (C),265561,149,candidate_col_8,0,129_Form20.pdf
129,Kultali (C),265561,149,Ram Sankar Halder,1,129_Form20.pdf
129,Kultali (C),265561,149,candidate_col_10,3,129_Form20.pdf
129,Kultali (C),265561,150,No of Valid votes cast in favour of,117,129_Form20.pdf
129,Kultali (C),265561,150,KANAN BALA MONDAL,5,129_Form20.pdf
129,Kultali (C),265561,150,candidate_col_3,339,129_Form20.pdf
129,Kultali (C),265561,150,candidate_col_4,54,129_Form20.pdf
129,Kultali (C),265561,150,Ganesh Chandra Mondal,60,129_Form20.pdf
129,Kultali (C),265561,150,candidate_col_6,1,129_Form20.pdf
129,Kultali (C),265561,150,Mintu Halder,3,129_Form20.pdf
129,Kultali (C),265561,150,candidate_col_8,2,129_Form20.pdf
129,Kultali (C),265561,150,candidate_col_10,0,129_Form20.pdf
129,Kultali (C),265561,218,KANABLN,195,129_Form20.pdf
129,Kultali (C),265561,218,Mintu Halder,68,129_Form20.pdf
129,Kultali (C),265561,218,Ram Sankar Halder,0,129_Form20.pdf
129,Kultali (C),265561,218,Kartick Mondal,74,129_Form20.pdf
129,Kultali (C),265561,218,JAYKRISHNA HALDAR,0,129_Form20.pdf
129,Kultali (C),265561,218,Bablu Sanfui,1,129_Form20.pdf
129,Kultali (C),265561,218,Gobinda Majhi,0,129_Form20.pdf
129,Kultali (C),265561,218,Ratan Kumar Naskar,556,129_Form20.pdf
129,Kultali (C),265561,0,KANABLN,435,129_Form20.pdf
129,Kultali (C),265561,0,Mintu Halder,135,129_Form20.pdf
129,Kultali (C),265561,0,Ram Sankar Halder,127,129_Form20.pdf
129,Kultali (C),265561,0,Kartick Mondal,1,129_Form20.pdf
129,Kultali (C),265561,0,JAYKRISHNA HALDAR,38,129_Form20.pdf
129,Kultali (C),265561,0,Bablu Sanfui,0,129_Form20.pdf
129,Kultali (C),265561,0,Gobinda Majhi,1,129_Form20.pdf
129,Kultali (C),265561,0,Ratan Kumar Naskar,0,129_Form20.pdf
129,Kultali (C),265561,184,KANABLN,5,129_Form20.pdf
129,Kultali (C),265561,184,Mintu Halder,268,129_Form20.pdf
129,Kultali (C),265561,184,Ram Sankar Halder,196,129_Form20.pdf
129,Kultali (C),265561,184,Kartick Mondal,2,129_Form20.pdf
129,Kultali (C),265561,184,JAYKRISHNA HALDAR,1,129_Form20.pdf
129,Kultali (C),265561,184,Bablu Sanfui,12,129_Form20.pdf
129,Kultali (C),265561,184,Gobinda Majhi,0,129_Form20.pdf
129,Kultali (C),265561,184,Ratan Kumar Naskar,0,129_Form20.pdf
129,Kultali (C),265561,185,KANABLN,4,129_Form20.pdf
129,Kultali (C),265561,185,Mintu Halder,244,129_Form20.pdf
129,Kultali (C),265561,185,Ram Sankar Halder,161,129_Form20.pdf
129,Kultali (C),265561,185,Kartick Mondal,5,129_Form20.pdf
129,Kultali (C),265561,185,JAYKRISHNA HALDAR,1,129_Form20.pdf
129,Kultali (C),265561,185,Bablu Sanfui,5,129_Form20.pdf
129,Kultali (C),265561,185,Gobinda Majhi,1,129_Form20.pdf
129,Kultali (C),265561,185,Ratan Kumar Naskar,1,129_Form20.pdf
129,Kultali (C),265561,185A,KANABLN,1,129_Form20.pdf
129,Kultali (C),265561,185A,Mintu Halder,390,129_Form20.pdf
129,Kultali (C),265561,185A,Ram Sankar Halder,15,129_Form20.pdf
129,Kultali (C),265561,185A,Kartick Mondal,62,129_Form20.pdf
129,Kultali (C),265561,185A,JAYKRISHNA HALDAR,0,129_Form20.pdf
129,Kultali (C),265561,185A,Bablu Sanfui,17,129_Form20.pdf
129,Kultali (C),265561,185A,Gobinda Majhi,1,129_Form20.pdf
129,Kultali (C),265561,185A,Ratan Kumar Naskar,0,129_Form20.pdf
129,Kultali (C),265561,186,KANABLN,2,129_Form20.pdf
129,Kultali (C),265561,186,Mintu Halder,347,129_Form20.pdf
129,Kultali (C),265561,186,Ram Sankar Halder,50,129_Form20.pdf
129,Kultali (C),265561,186,Kartick Mondal,104,129_Form20.pdf
129,Kultali (C),265561,186,JAYKRISHNA HALDAR,0,129_Form20.pdf
129,Kultali (C),265561,186,Bablu Sanfui,20,129_Form20.pdf
129,Kultali (C),265561,186,Gobinda Majhi,0,129_Form20.pdf
129,Kultali (C),265561,186,Ratan Kumar Naskar,1,129_Form20.pdf
129,Kultali (C),265561,186A,KANABLN,2,129_Form20.pdf
129,Kultali (C),265561,186A,Mintu Halder,431,129_Form20.pdf
129,Kultali (C),265561,186A,Ram Sankar Halder,410,129_Form20.pdf
129,Kultali (C),265561,186A,Kartick Mondal,4,129_Form20.pdf
129,Kultali (C),265561,186A,JAYKRISHNA HALDAR,1,129_Form20.pdf
129,Kultali (C),265561,186A,Bablu Sanfui,24,129_Form20.pdf
129,Kultali (C),265561,186A,Gobinda Majhi,1,129_Form20.pdf
129,Kultali (C),265561,186A,Ratan Kumar Naskar,4,129_Form20.pdf
129,Kultali (C),265561,187,KANABLN,12,129_Form20.pdf
129,Kultali (C),265561,187,Mintu Halder,413,129_Form20.pdf
129,Kultali (C),265561,187,Ram Sankar Halder,239,129_Form20.pdf
129,Kultali (C),265561,187,Kartick Mondal,8,129_Form20.pdf
129,Kultali (C),265561,187,JAYKRISHNA HALDAR,0,129_Form20.pdf
129,Kultali (C),265561,187,Bablu Sanfui,24,129_Form20.pdf
129,Kultali (C),265561,187,Gobinda Majhi,0,129_Form20.pdf
129,Kultali (C),265561,187,Ratan Kumar Naskar,1,129_Form20.pdf
129,Kultali (C),265561,188,KANABLN,11,129_Form20.pdf
129,Kultali (C),265561,188,Mintu Halder,290,129_Form20.pdf
129,Kultali (C),265561,188,Ram Sankar Halder,261,129_Form20.pdf
129,Kultali (C),265561,188,Kartick Mondal,4,129_Form20.pdf
129,Kultali (C),265561,188,JAYKRISHNA HALDAR,3,129_Form20.pdf
129,Kultali (C),265561,188,Bablu Sanfui,30,129_Form20.pdf
129,Kultali (C),265561,188,Gobinda Majhi,0,129_Form20.pdf
129,Kultali (C),265561,188,Ratan Kumar Naskar,0,129_Form20.pdf
129,Kultali (C),265561,189,KANABLN,9,129_Form20.pdf
129,Kultali (C),265561,189,Mintu Halder,261,129_Form20.pdf
129,Kultali (C),265561,189,Ram Sankar Halder,216,129_Form20.pdf
129,Kultali (C),265561,189,Kartick Mondal,4,129_Form20.pdf
129,Kultali (C),265561,189,JAYKRISHNA HALDAR,0,129_Form20.pdf
129,Kultali (C),265561,189,Bablu Sanfui,62,129_Form20.pdf
129,Kultali (C),265561,189,Gobinda Majhi,1,129_Form20.pdf
129,Kultali (C),265561,189,Ratan Kumar Naskar,0,129_Form20.pdf
129,Kultali (C),265561,189A,KANABLN,9,129_Form20.pdf
129,Kultali (C),265561,189A,Mintu Halder,445,129_Form20.pdf
129,Kultali (C),265561,189A,Ram Sankar Halder,249,129_Form20.pdf
129,Kultali (C),265561,189A,Kartick Mondal,5,129_Form20.pdf
129,Kultali (C),265561,189A,JAYKRISHNA HALDAR,1,129_Form20.pdf
129,Kultali (C),265561,189A,Bablu Sanfui,23,129_Form20.pdf
129,Kultali (C),265561,189A,Gobinda Majhi,0,129_Form20.pdf
129,Kultali (C),265561,189A,Ratan Kumar Naskar,2,129_Form20.pdf
129,Kultali (C),265561,190,KANABLN,7,129_Form20.pdf
129,Kultali (C),265561,190,Mintu Halder,320,129_Form20.pdf
129,Kultali (C),265561,190,Ram Sankar Halder,195,129_Form20.pdf
129,Kultali (C),265561,190,Kartick Mondal,37,129_Form20.pdf
129,Kultali (C),265561,190,JAYKRISHNA HALDAR,1,129_Form20.pdf
129,Kultali (C),265561,190,Bablu Sanfui,20,129_Form20.pdf
129,Kultali (C),265561,190,Gobinda Majhi,4,129_Form20.pdf
129,Kultali (C),265561,190,Ratan Kumar Naskar,5,129_Form20.pdf
129,Kultali (C),265561,191,KANABLN,9,129_Form20.pdf
129,Kultali (C),265561,191,Mintu Halder,375,129_Form20.pdf
129,Kultali (C),265561,191,Ram Sankar Halder,199,129_Form20.pdf
129,Kultali (C),265561,191,Kartick Mondal,19,129_Form20.pdf
129,Kultali (C),265561,191,JAYKRISHNA HALDAR,0,129_Form20.pdf
129,Kultali (C),265561,191,Bablu Sanfui,13,129_Form20.pdf
129,Kultali (C),265561,191,Gobinda Majhi,1,129_Form20.pdf
129,Kultali (C),265561,191,Ratan Kumar Naskar,4,129_Form20.pdf
129,Kultali (C),265561,191A,KANABLN,4,129_Form20.pdf
129,Kultali (C),265561,191A,Mintu Halder,313,129_Form20.pdf
129,Kultali (C),265561,191A,Ram Sankar Halder,198,129_Form20.pdf
129,Kultali (C),265561,191A,Kartick Mondal,53,129_Form20.pdf
129,Kultali (C),265561,191A,JAYKRISHNA HALDAR,1,129_Form20.pdf
129,Kultali (C),265561,191A,Bablu Sanfui,26,129_Form20.pdf
129,Kultali (C),265561,191A,Gobinda Majhi,2,129_Form20.pdf
129,Kultali (C),265561,191A,Ratan Kumar Naskar,0,129_Form20.pdf
129,Kultali (C),265561,192,KANABLN,4,129_Form20.pdf
129,Kultali (C),265561,192,Mintu Halder,346,129_Form20.pdf
129,Kultali (C),265561,192,Ram Sankar Halder,202,129_Form20.pdf
129,Kultali (C),265561,192,Kartick Mondal,38,129_Form20.pdf
129,Kultali (C),265561,192,JAYKRISHNA HALDAR,2,129_Form20.pdf
129,Kultali (C),265561,192,Bablu Sanfui,28,129_Form20.pdf
129,Kultali (C),265561,192,Gobinda Majhi,0,129_Form20.pdf
129,Kultali (C),265561,192,Ratan Kumar Naskar,1,129_Form20.pdf
129,Kultali (C),265561,192A,KANABLN,5,129_Form20.pdf
129,Kultali (C),265561,192A,Mintu Halder,699,129_Form20.pdf
129,Kultali (C),265561,192A,Ram Sankar Halder,189,129_Form20.pdf
129,Kultali (C),265561,192A,Kartick Mondal,5,129_Form20.pdf
129,Kultali (C),265561,192A,JAYKRISHNA HALDAR,0,129_Form20.pdf
129,Kultali (C),265561,192A,Bablu Sanfui,7,129_Form20.pdf
129,Kultali (C),265561,192A,Gobinda Majhi,2,129_Form20.pdf
129,Kultali (C),265561,192A,Ratan Kumar Naskar,2,129_Form20.pdf
129,Kultali (C),265561,193,KANABLN,4,129_Form20.pdf
129,Kultali (C),265561,193,Mintu Halder,0,129_Form20.pdf
129,Kultali (C),265561,193,Ram Sankar Halder,1,129_Form20.pdf
129,Kultali (C),265561,193,Kartick Mondal,0,129_Form20.pdf
129,Kultali (C),265561,193,JAYKRISHNA HALDAR,1,129_Form20.pdf
129,Kultali (C),265561,193,Bablu Sanfui,0,129_Form20.pdf
129,Kultali (C),265561,193,Gobinda Majhi,916,129_Form20.pdf
129,Kultali (C),265561,193,Ratan Kumar Naskar,0,129_Form20.pdf
129,Kultali (C),265561,194,KANABLN,2,129_Form20.pdf
129,Kultali (C),265561,194,Mintu Halder,569,129_Form20.pdf
129,Kultali (C),265561,194,Ram Sankar Halder,335,129_Form20.pdf
129,Kultali (C),265561,194,Kartick Mondal,8,129_Form20.pdf
129,Kultali (C),265561,194,JAYKRISHNA HALDAR,0,129_Form20.pdf
129,Kultali (C),265561,194,Bablu Sanfui,12,129_Form20.pdf
129,Kultali (C),265561,194,Gobinda Majhi,0,129_Form20.pdf
129,Kultali (C),265561,194,Ratan Kumar Naskar,0,129_Form20.pdf
129,Kultali (C),265561,195,KANABLN,5,129_Form20.pdf
129,Kultali (C),265561,195,Mintu Halder,548,129_Form20.pdf
129,Kultali (C),265561,195,Ram Sankar Halder,301,129_Form20.pdf
129,Kultali (C),265561,195,Kartick Mondal,6,129_Form20.pdf
129,Kultali (C),265561,195,JAYKRISHNA HALDAR,10,129_Form20.pdf
129,Kultali (C),265561,195,Bablu Sanfui,1,129_Form20.pdf
129,Kultali (C),265561,195,Gobinda Majhi,2,129_Form20.pdf
129,Kultali (C),265561,195,Ratan Kumar Naskar,2,129_Form20.pdf
129,Kultali (C),265561,196,KANABLN,2,129_Form20.pdf
129,Kultali (C),265561,196,Mintu Halder,390,129_Form20.pdf
129,Kultali (C),265561,196,Ram Sankar Halder,301,129_Form20.pdf
129,Kultali (C),265561,196,Kartick Mondal,14,129_Form20.pdf
129,Kultali (C),265561,196,JAYKRISHNA HALDAR,1,129_Form20.pdf
129,Kultali (C),265561,196,Bablu Sanfui,66,129_Form20.pdf
129,Kultali (C),265561,196,Gobinda Majhi,0,129_Form20.pdf
129,Kultali (C),265561,196,Ratan Kumar Naskar,1,129_Form20.pdf
129,Kultali (C),265561,197,KANABLN,6,129_Form20.pdf
129,Kultali (C),265561,197,Mintu Halder,760,129_Form20.pdf
129,Kultali (C),265561,197,Ram Sankar Halder,16,129_Form20.pdf
129,Kultali (C),265561,197,Kartick Mondal,33,129_Form20.pdf
129,Kultali (C),265561,197,JAYKRISHNA HALDAR,0,129_Form20.pdf
129,Kultali (C),265561,197,Bablu Sanfui,13,129_Form20.pdf
129,Kultali (C),265561,197,Gobinda Majhi,0,129_Form20.pdf
129,Kultali (C),265561,197,Ratan Kumar Naskar,1,129_Form20.pdf
129,Kultali (C),265561,198,KANABLN,4,129_Form20.pdf
129,Kultali (C),265561,198,Mintu Halder,679,129_Form20.pdf
129,Kultali (C),265561,198,Ram Sankar Halder,108,129_Form20.pdf
129,Kultali (C),265561,198,Kartick Mondal,43,129_Form20.pdf
129,Kultali (C),265561,198,JAYKRISHNA HALDAR,3,129_Form20.pdf
129,Kultali (C),265561,198,Bablu Sanfui,7,129_Form20.pdf
129,Kultali (C),265561,198,Gobinda Majhi,1,129_Form20.pdf
129,Kultali (C),265561,198,Ratan Kumar Naskar,0,129_Form20.pdf
129,Kultali (C),265561,199,KANABLN,8,129_Form20.pdf
129,Kultali (C),265561,199,Mintu Halder,509,129_Form20.pdf
129,Kultali (C),265561,199,Ram Sankar Halder,114,129_Form20.pdf
129,Kultali (C),265561,199,Kartick Mondal,34,129_Form20.pdf
129,Kultali (C),265561,199,JAYKRISHNA HALDAR,1,129_Form20.pdf
129,Kultali (C),265561,199,Bablu Sanfui,6,129_Form20.pdf
129,Kultali (C),265561,199,Gobinda Majhi,750,129_Form20.pdf
129,Kultali (C),265561,199,Ratan Kumar Naskar,0,129_Form20.pdf
129,Kultali (C),265561,200,KANABLN,6,129_Form20.pdf
129,Kultali (C),265561,200,Mintu Halder,535,129_Form20.pdf
129,Kultali (C),265561,200,Ram Sankar Halder,185,129_Form20.pdf
129,Kultali (C),265561,200,Kartick Mondal,13,129_Form20.pdf
129,Kultali (C),265561,200,JAYKRISHNA HALDAR,1,129_Form20.pdf
129,Kultali (C),265561,200,Bablu Sanfui,2,129_Form20.pdf
129,Kultali (C),265561,200,Gobinda Majhi,1,129_Form20.pdf
129,Kultali (C),265561,200,Ratan Kumar Naskar,1,129_Form20.pdf
129,Kultali (C),265561,201,KANABLN,0,129_Form20.pdf
129,Kultali (C),265561,201,Mintu Halder,311,129_Form20.pdf
129,Kultali (C),265561,201,Ram Sankar Halder,153,129_Form20.pdf
129,Kultali (C),265561,201,Kartick Mondal,22,129_Form20.pdf
129,Kultali (C),265561,201,JAYKRISHNA HALDAR,2,129_Form20.pdf
129,Kultali (C),265561,201,Bablu Sanfui,16,129_Form20.pdf
129,Kultali (C),265561,201,Gobinda Majhi,1,129_Form20.pdf
129,Kultali (C),265561,201,Ratan Kumar Naskar,0,129_Form20.pdf
129,Kultali (C),265561,201A,KANABLN,8,129_Form20.pdf
129,Kultali (C),265561,201A,Mintu Halder,350,129_Form20.pdf
129,Kultali (C),265561,201A,Ram Sankar Halder,167,129_Form20.pdf
129,Kultali (C),265561,201A,Kartick Mondal,6,129_Form20.pdf
129,Kultali (C),265561,201A,JAYKRISHNA HALDAR,1,129_Form20.pdf
129,Kultali (C),265561,201A,Bablu Sanfui,28,129_Form20.pdf
129,Kultali (C),265561,201A,Gobinda Majhi,1,129_Form20.pdf
129,Kultali (C),265561,201A,Ratan Kumar Naskar,0,129_Form20.pdf
129,Kultali (C),265561,202,KANABLN,8,129_Form20.pdf
129,Kultali (C),265561,202,Mintu Halder,386,129_Form20.pdf
129,Kultali (C),265561,202,Ram Sankar Halder,56,129_Form20.pdf
129,Kultali (C),265561,202,Kartick Mondal,57,129_Form20.pdf
129,Kultali (C),265561,202,JAYKRISHNA HALDAR,1,129_Form20.pdf
129,Kultali (C),265561,202,Bablu Sanfui,1,129_Form20.pdf
129,Kultali (C),265561,202,Gobinda Majhi,1,129_Form20.pdf
129,Kultali (C),265561,202,Ratan Kumar Naskar,1,129_Form20.pdf
129,Kultali (C),265561,202A,KANABLN,3,129_Form20.pdf
129,Kultali (C),265561,202A,Mintu Halder,424,129_Form20.pdf
129,Kultali (C),265561,202A,Ram Sankar Halder,37,129_Form20.pdf
129,Kultali (C),265561,202A,Kartick Mondal,63,129_Form20.pdf
129,Kultali (C),265561,202A,JAYKRISHNA HALDAR,1,129_Form20.pdf
129,Kultali (C),265561,202A,Bablu Sanfui,9,129_Form20.pdf
129,Kultali (C),265561,202A,Gobinda Majhi,1,129_Form20.pdf
129,Kultali (C),265561,202A,Ratan Kumar Naskar,0,129_Form20.pdf
129,Kultali (C),265561,203,KANABLN,1,129_Form20.pdf
129,Kultali (C),265561,203,Mintu Halder,224,129_Form20.pdf
129,Kultali (C),265561,203,Ram Sankar Halder,212,129_Form20.pdf
129,Kultali (C),265561,203,Kartick Mondal,19,129_Form20.pdf
129,Kultali (C),265561,203,JAYKRISHNA HALDAR,0,129_Form20.pdf
129,Kultali (C),265561,203,Bablu Sanfui,5,129_Form20.pdf
129,Kultali (C),265561,203,Gobinda Majhi,0,129_Form20.pdf
129,Kultali (C),265561,203,Ratan Kumar Naskar,2,129_Form20.pdf
129,Kultali (C),265561,204,KANABLN,6,129_Form20.pdf
129,Kultali (C),265561,204,Mintu Halder,214,129_Form20.pdf
129,Kultali (C),265561,204,Ram Sankar Halder,456,129_Form20.pdf
129,Kultali (C),265561,204,Kartick Mondal,73,129_Form20.pdf
129,Kultali (C),265561,204,JAYKRISHNA HALDAR,0,129_Form20.pdf
129,Kultali (C),265561,204,Bablu Sanfui,43,129_Form20.pdf
129,Kultali (C),265561,204,Gobinda Majhi,5,129_Form20.pdf
129,Kultali (C),265561,204,Ratan Kumar Naskar,3,129_Form20.pdf
129,Kultali (C),265561,205A,No. of Valid votes cast in favour of KANAN BALA MONDAL,1,129_Form20.pdf
129,Kultali (C),265561,205A,candidate_col_2,230,129_Form20.pdf
129,Kultali (C),265561,205A,candidate_col_3,167,129_Form20.pdf
129,Kultali (C),265561,205A,candidate_col_4,68,129_Form20.pdf
129,Kultali (C),265561,205A,candidate_col_5,0,129_Form20.pdf
129,Kultali (C),265561,205A,Ganesh Chandra Mondal,11,129_Form20.pdf
129,Kultali (C),265561,205A,Mintu Halder,0,129_Form20.pdf
129,Kultali (C),265561,205A,candidate_col_8,1,129_Form20.pdf
129,Kultali (C),265561,205A,Ram Sankar Halder,1,129_Form20.pdf
129,Kultali (C),265561,206,No. of Valid votes cast in favour of KANAN BALA MONDAL,2,129_Form20.pdf
129,Kultali (C),265561,206,candidate_col_2,219,129_Form20.pdf
129,Kultali (C),265561,206,candidate_col_3,342,129_Form20.pdf
129,Kultali (C),265561,206,candidate_col_4,32,129_Form20.pdf
129,Kultali (C),265561,206,candidate_col_5,0,129_Form20.pdf
129,Kultali (C),265561,206,Ganesh Chandra Mondal,29,129_Form20.pdf
129,Kultali (C),265561,206,Mintu Halder,0,129_Form20.pdf
129,Kultali (C),265561,206,candidate_col_8,2,129_Form20.pdf
129,Kultali (C),265561,206,Ram Sankar Halder,1,129_Form20.pdf
129,Kultali (C),265561,207,No. of Valid votes cast in favour of KANAN BALA MONDAL,2,129_Form20.pdf
129,Kultali (C),265561,207,candidate_col_2,370,129_Form20.pdf
129,Kultali (C),265561,207,candidate_col_3,276,129_Form20.pdf
129,Kultali (C),265561,207,candidate_col_4,132,129_Form20.pdf
129,Kultali (C),265561,207,candidate_col_5,3,129_Form20.pdf
129,Kultali (C),265561,207,Ganesh Chandra Mondal,20,129_Form20.pdf
129,Kultali (C),265561,207,Mintu Halder,0,129_Form20.pdf
129,Kultali (C),265561,207,candidate_col_8,2,129_Form20.pdf
129,Kultali (C),265561,207,Ram Sankar Halder,3,129_Form20.pdf
129,Kultali (C),265561,208,No. of Valid votes cast in favour of KANAN BALA MONDAL,4,129_Form20.pdf
129,Kultali (C),265561,208,candidate_col_2,296,129_Form20.pdf
129,Kultali (C),265561,208,candidate_col_3,476,129_Form20.pdf
129,Kultali (C),265561,208,candidate_col_4,41,129_Form20.pdf
129,Kultali (C),265561,208,candidate_col_5,1,129_Form20.pdf
129,Kultali (C),265561,208,Ganesh Chandra Mondal,24,129_Form20.pdf
129,Kultali (C),265561,208,Mintu Halder,0,129_Form20.pdf
129,Kultali (C),265561,208,candidate_col_8,3,129_Form20.pdf
129,Kultali (C),265561,208,Ram Sankar Halder,6,129_Form20.pdf
129,Kultali (C),265561,209,No. of Valid votes cast in favour of KANAN BALA MONDAL,7,129_Form20.pdf
129,Kultali (C),265561,209,candidate_col_2,394,129_Form20.pdf
129,Kultali (C),265561,209,candidate_col_3,244,129_Form20.pdf
129,Kultali (C),265561,209,candidate_col_4,80,129_Form20.pdf
129,Kultali (C),265561,209,candidate_col_5,1,129_Form20.pdf
129,Kultali (C),265561,209,Ganesh Chandra Mondal,8,129_Form20.pdf
129,Kultali (C),265561,209,Mintu Halder,0,129_Form20.pdf
129,Kultali (C),265561,209,candidate_col_8,2,129_Form20.pdf
129,Kultali (C),265561,209,Ram Sankar Halder,0,129_Form20.pdf
129,Kultali (C),265561,210,No. of Valid votes cast in favour of KANAN BALA MONDAL,3,129_Form20.pdf
129,Kultali (C),265561,210,candidate_col_2,262,129_Form20.pdf
129,Kultali (C),265561,210,candidate_col_3,209,129_Form20.pdf
129,Kultali (C),265561,210,candidate_col_4,52,129_Form20.pdf
129,Kultali (C),265561,210,candidate_col_5,1,129_Form20.pdf
129,Kultali (C),265561,210,Ganesh Chandra Mondal,18,129_Form20.pdf
129,Kultali (C),265561,210,Mintu Halder,1,129_Form20.pdf
129,Kultali (C),265561,210,candidate_col_8,1,129_Form20.pdf
129,Kultali (C),265561,210,Ram Sankar Halder,1,129_Form20.pdf
129,Kultali (C),265561,210A,No. of Valid votes cast in favour of KANAN BALA MONDAL,3,129_Form20.pdf
129,Kultali (C),265561,210A,candidate_col_2,248,129_Form20.pdf
129,Kultali (C),265561,210A,candidate_col_3,144,129_Form20.pdf
129,Kultali (C),265561,210A,candidate_col_4,30,129_Form20.pdf
129,Kultali (C),265561,210A,candidate_col_5,0,129_Form20.pdf
129,Kultali (C),265561,210A,Ganesh Chandra Mondal,60,129_Form20.pdf
129,Kultali (C),265561,210A,Mintu Halder,0,129_Form20.pdf
129,Kultali (C),265561,210A,candidate_col_8,1,129_Form20.pdf
129,Kultali (C),265561,210A,Ram Sankar Halder,2,129_Form20.pdf
129,Kultali (C),265561,211,No. of Valid votes cast in favour of KANAN BALA MONDAL,8,129_Form20.pdf
129,Kultali (C),265561,211,candidate_col_2,219,129_Form20.pdf
129,Kultali (C),265561,211,candidate_col_3,305,129_Form20.pdf
129,Kultali (C),265561,211,candidate_col_4,110,129_Form20.pdf
129,Kultali (C),265561,211,candidate_col_5,1,129_Form20.pdf
129,Kultali (C),265561,211,Ganesh Chandra Mondal,18,129_Form20.pdf
129,Kultali (C),265561,211,Mintu Halder,0,129_Form20.pdf
129,Kultali (C),265561,211,candidate_col_8,2,129_Form20.pdf
129,Kultali (C),265561,211,Ram Sankar Halder,5,129_Form20.pdf
129,Kultali (C),265561,212,No. of Valid votes cast in favour of KANAN BALA MONDAL,2,129_Form20.pdf
129,Kultali (C),265561,212,candidate_col_2,165,129_Form20.pdf
129,Kultali (C),265561,212,candidate_col_3,246,129_Form20.pdf
129,Kultali (C),265561,212,candidate_col_4,83,129_Form20.pdf
129,Kultali (C),265561,212,candidate_col_5,3,129_Form20.pdf
129,Kultali (C),265561,212,Ganesh Chandra Mondal,32,129_Form20.pdf
129,Kultali (C),265561,212,Mintu Halder,0,129_Form20.pdf
129,Kultali (C),265561,212,candidate_col_8,3,129_Form20.pdf
129,Kultali (C),265561,212,Ram Sankar Halder,2,129_Form20.pdf
129,Kultali (C),265561,213,No. of Valid votes cast in favour of KANAN BALA MONDAL,5,129_Form20.pdf
129,Kultali (C),265561,213,candidate_col_2,204,129_Form20.pdf
129,Kultali (C),265561,213,candidate_col_3,447,129_Form20.pdf
129,Kultali (C),265561,213,candidate_col_4,53,129_Form20.pdf
129,Kultali (C),265561,213,candidate_col_5,1,129_Form20.pdf
129,Kultali (C),265561,213,Ganesh Chandra Mondal,43,129_Form20.pdf
129,Kultali (C),265561,213,Mintu Halder,2,129_Form20.pdf
129,Kultali (C),265561,213,candidate_col_8,1,129_Form20.pdf
129,Kultali (C),265561,213,Ram Sankar Halder,4,129_Form20.pdf
129,Kultali (C),265561,214,No. of Valid votes cast in favour of KANAN BALA MONDAL,11,129_Form20.pdf
129,Kultali (C),265561,214,candidate_col_2,243,129_Form20.pdf
129,Kultali (C),265561,214,candidate_col_3,119,129_Form20.pdf
129,Kultali (C),265561,214,candidate_col_4,98,129_Form20.pdf
129,Kultali (C),265561,214,candidate_col_5,0,129_Form20.pdf
129,Kultali (C),265561,214,Ganesh Chandra Mondal,3,129_Form20.pdf
129,Kultali (C),265561,214,Mintu Halder,1,129_Form20.pdf
129,Kultali (C),265561,214,candidate_col_8,1,129_Form20.pdf
129,Kultali (C),265561,214,Ram Sankar Halder,5,129_Form20.pdf
129,Kultali (C),265561,215,No. of Valid votes cast in favour of KANAN BALA MONDAL,2,129_Form20.pdf
129,Kultali (C),265561,215,candidate_col_2,310,129_Form20.pdf
129,Kultali (C),265561,215,candidate_col_3,36,129_Form20.pdf
129,Kultali (C),265561,215,candidate_col_4,224,129_Form20.pdf
129,Kultali (C),265561,215,candidate_col_5,3,129_Form20.pdf
129,Kultali (C),265561,215,Ganesh Chandra Mondal,7,129_Form20.pdf
129,Kultali (C),265561,215,Mintu Halder,0,129_Form20.pdf
129,Kultali (C),265561,215,candidate_col_8,0,129_Form20.pdf
129,Kultali (C),265561,215,Ram Sankar Halder,3,129_Form20.pdf
129,Kultali (C),265561,215A,No. of Valid votes cast in favour of KANAN BALA MONDAL,2,129_Form20.pdf
129,Kultali (C),265561,215A,candidate_col_2,122,129_Form20.pdf
129,Kultali (C),265561,215A,candidate_col_3,271,129_Form20.pdf
129,Kultali (C),265561,215A,candidate_col_4,132,129_Form20.pdf
129,Kultali (C),265561,215A,candidate_col_5,2,129_Form20.pdf
129,Kultali (C),265561,215A,Ganesh Chandra Mondal,28,129_Form20.pdf
129,Kultali (C),265561,215A,Mintu Halder,1,129_Form20.pdf
129,Kultali (C),265561,215A,candidate_col_8,3,129_Form20.pdf
129,Kultali (C),265561,215A,Ram Sankar Halder,4,129_Form20.pdf
129,Kultali (C),265561,216,No. of Valid votes cast in favour of KANAN BALA MONDAL,2,129_Form20.pdf
129,Kultali (C),265561,216,candidate_col_2,114,129_Form20.pdf
129,Kultali (C),265561,216,candidate_col_3,273,129_Form20.pdf
129,Kultali (C),265561,216,candidate_col_4,101,129_Form20.pdf
129,Kultali (C),265561,216,candidate_col_5,2,129_Form20.pdf
129,Kultali (C),265561,216,Mintu Halder,23,129_Form20.pdf
129,Kultali (C),265561,216,candidate_col_8,1,129_Form20.pdf
129,Kultali (C),265561,216,Ram Sankar Halder,1,129_Form20.pdf
129,Kultali (C),265561,216A,No. of Valid votes cast in favour of KANAN BALA MONDAL,2,129_Form20.pdf
129,Kultali (C),265561,216A,candidate_col_2,151,129_Form20.pdf
129,Kultali (C),265561,216A,candidate_col_3,256,129_Form20.pdf
129,Kultali (C),265561,216A,candidate_col_4,54,129_Form20.pdf
129,Kultali (C),265561,216A,candidate_col_5,0,129_Form20.pdf
129,Kultali (C),265561,216A,Ganesh Chandra Mondal,71,129_Form20.pdf
129,Kultali (C),265561,216A,Mintu Halder,0,129_Form20.pdf
129,Kultali (C),265561,216A,candidate_col_8,1,129_Form20.pdf
129,Kultali (C),265561,216A,Ram Sankar Halder,3,129_Form20.pdf
129,Kultali (C),265561,217,No. of Valid votes cast in favour of KANAN BALA MONDAL,0,129_Form20.pdf
129,Kultali (C),265561,217,candidate_col_2,327,129_Form20.pdf
129,Kultali (C),265561,217,candidate_col_3,289,129_Form20.pdf
129,Kultali (C),265561,217,candidate_col_4,69,129_Form20.pdf
129,Kultali (C),265561,217,candidate_col_5,0,129_Form20.pdf
129,Kultali (C),265561,217,Mintu Halder,42,129_Form20.pdf
129,Kultali (C),265561,217,candidate_col_8,2,129_Form20.pdf
129,Kultali (C),265561,217,Ram Sankar Halder,0,129_Form20.pdf
129,Kultali (C),265561,218,No. of Valid votes cast in favour of KANAN BALA MONDAL,8,129_Form20.pdf
129,Kultali (C),265561,218,candidate_col_2,264,129_Form20.pdf
129,Kultali (C),265561,218,candidate_col_3,404,129_Form20.pdf
129,Kultali (C),265561,218,candidate_col_4,62,129_Form20.pdf
129,Kultali (C),265561,218,candidate_col_5,0,129_Form20.pdf
129,Kultali (C),265561,218,Ganesh Chandra Mondal,26,129_Form20.pdf
129,Kultali (C),265561,218,Mintu Halder,1,129_Form20.pdf
129,Kultali (C),265561,218,candidate_col_8,1,129_Form20.pdf
129,Kultali (C),265561,218,Ram Sankar Halder,3,129_Form20.pdf
129,Kultali (C),265561,219,No. of Valid votes cast in favour of KANAN BALA MONDAL,8,129_Form20.pdf
129,Kultali (C),265561,219,candidate_col_2,298,129_Form20.pdf
129,Kultali (C),265561,219,candidate_col_3,231,129_Form20.pdf
129,Kultali (C),265561,219,candidate_col_4,158,129_Form20.pdf
129,Kultali (C),265561,219,candidate_col_5,2,129_Form20.pdf
129,Kultali (C),265561,219,Mintu Halder,54,129_Form20.pdf
129,Kultali (C),265561,219,candidate_col_8,0,129_Form20.pdf
129,Kultali (C),265561,219,Ram Sankar Halder,3,129_Form20.pdf
129,Kultali (C),265561,220,No. of Valid votes cast in favour of KANAN BALA MONDAL,1,129_Form20.pdf
129,Kultali (C),265561,220,candidate_col_2,264,129_Form20.pdf
129,Kultali (C),265561,220,candidate_col_3,248,129_Form20.pdf
129,Kultali (C),265561,220,candidate_col_4,178,129_Form20.pdf
129,Kultali (C),265561,220,candidate_col_5,1,129_Form20.pdf
129,Kultali (C),265561,220,Mintu Halder,51,129_Form20.pdf
129,Kultali (C),265561,220,candidate_col_8,1,129_Form20.pdf
129,Kultali (C),265561,220,Ram Sankar Halder,1,129_Form20.pdf
129,Kultali (C),265561,221,No. of Valid votes cast in favour of KANAN BALA MONDAL,6,129_Form20.pdf
129,Kultali (C),265561,221,candidate_col_2,331,129_Form20.pdf
129,Kultali (C),265561,221,candidate_col_3,355,129_Form20.pdf
129,Kultali (C),265561,221,candidate_col_4,120,129_Form20.pdf
129,Kultali (C),265561,221,candidate_col_5,2,129_Form20.pdf
129,Kultali (C),265561,221,Mintu Halder,51,129_Form20.pdf
129,Kultali (C),265561,221,candidate_col_8,1,129_Form20.pdf
129,Kultali (C),265561,221,Ram Sankar Halder,1,129_Form20.pdf
129,Kultali (C),265561,222,No. of Valid votes cast in favour of KANAN BALA MONDAL,2,129_Form20.pdf
129,Kultali (C),265561,222,candidate_col_2,178,129_Form20.pdf
129,Kultali (C),265561,222,candidate_col_3,178,129_Form20.pdf
129,Kultali (C),265561,222,candidate_col_4,22,129_Form20.pdf
129,Kultali (C),265561,222,candidate_col_5,2,129_Form20.pdf
129,Kultali (C),265561,222,Mintu Halder,35,129_Form20.pdf
129,Kultali (C),265561,222,candidate_col_8,0,129_Form20.pdf
129,Kultali (C),265561,222,Ram Sankar Halder,0,129_Form20.pdf
129,Kultali (C),265561,223,No. of Valid votes cast in favour of KANAN BALA MONDAL,3,129_Form20.pdf
129,Kultali (C),265561,223,candidate_col_2,304,129_Form20.pdf
129,Kultali (C),265561,223,candidate_col_3,445,129_Form20.pdf
129,Kultali (C),265561,223,candidate_col_4,109,129_Form20.pdf
129,Kultali (C),265561,223,candidate_col_5,0,129_Form20.pdf
129,Kultali (C),265561,223,Ganesh Chandra Mondal,34,129_Form20.pdf
129,Kultali (C),265561,223,Mintu Halder,1,129_Form20.pdf
129,Kultali (C),265561,223,candidate_col_8,0,129_Form20.pdf
129,Kultali (C),265561,223,Ram Sankar Halder,1,129_Form20.pdf
129,Kultali (C),265561,224,No. of Valid votes cast in favour of KANAN BALA MONDAL,8,129_Form20.pdf
129,Kultali (C),265561,224,candidate_col_2,222,129_Form20.pdf
129,Kultali (C),265561,224,candidate_col_3,217,129_Form20.pdf
129,Kultali (C),265561,224,candidate_col_4,17,129_Form20.pdf
129,Kultali (C),265561,224,candidate_col_5,1,129_Form20.pdf
129,Kultali (C),265561,224,Ganesh Chandra Mondal,10,129_Form20.pdf
129,Kultali (C),265561,224,Mintu Halder,2,129_Form20.pdf
129,Kultali (C),265561,224,candidate_col_8,1,129_Form20.pdf
129,Kultali (C),265561,224,Ram Sankar Halder,1,129_Form20.pdf
129,Kultali (C),265561,224A,No. of Valid votes cast in favour of KANAN BALA MONDAL,2,129_Form20.pdf
129,Kultali (C),265561,224A,candidate_col_2,210,129_Form20.pdf
129,Kultali (C),265561,224A,candidate_col_3,231,129_Form20.pdf
129,Kultali (C),265561,224A,candidate_col_4,21,129_Form20.pdf
129,Kultali (C),265561,224A,Ganesh Chandra Mondal,0,129_Form20.pdf
129,Kultali (C),265561,224A,Mintu Halder,26,129_Form20.pdf
129,Kultali (C),265561,224A,candidate_col_8,0,129_Form20.pdf
129,Kultali (C),265561,224A,Ram Sankar Halder,0,129_Form20.pdf
129,Kultali (C),265561,225,No. of Valid votes cast in favour of KANAN BALA MONDAL,7,129_Form20.pdf
129,Kultali (C),265561,225,candidate_col_2,161,129_Form20.pdf
129,Kultali (C),265561,225,candidate_col_3,476,129_Form20.pdf
129,Kultali (C),265561,225,candidate_col_4,16,129_Form20.pdf
129,Kultali (C),265561,225,candidate_col_5,1,129_Form20.pdf
129,Kultali (C),265561,225,Ganesh Chandra Mondal,88,129_Form20.pdf
129,Kultali (C),265561,225,Mintu Halder,1,129_Form20.pdf
129,Kultali (C),265561,225,candidate_col_8,0,129_Form20.pdf
129,Kultali (C),265561,225,Ram Sankar Halder,1,129_Form20.pdf
129,Kultali (C),265561,226,No. of Valid votes cast in favour of KANAN BALA MONDAL,2,129_Form20.pdf
129,Kultali (C),265561,226,candidate_col_2,282,129_Form20.pdf
129,Kultali (C),265561,226,candidate_col_3,399,129_Form20.pdf
129,Kultali (C),265561,226,candidate_col_4,13,129_Form20.pdf
129,Kultali (C),265561,226,candidate_col_5,1,129_Form20.pdf
129,Kultali (C),265561,226,Ganesh Chandra Mondal,48,129_Form20.pdf
129,Kultali (C),265561,226,Mintu Halder,0,129_Form20.pdf
129,Kultali (C),265561,226,candidate_col_8,0,129_Form20.pdf
129,Kultali (C),265561,226,Ram Sankar Halder,1,129_Form20.pdf
129,Kultali (C),265561,227,No. of Valid votes cast in favour of KANAN BALA MONDAL,3,129_Form20.pdf
129,Kultali (C),265561,227,candidate_col_2,326,129_Form20.pdf
129,Kultali (C),265561,227,candidate_col_3,226,129_Form20.pdf
129,Kultali (C),265561,227,candidate_col_4,49,129_Form20.pdf
129,Kultali (C),265561,227,candidate_col_5,2,129_Form20.pdf
129,Kultali (C),265561,227,Ganesh Chandra Mondal,22,129_Form20.pdf
129,Kultali (C),265561,227,Mintu Halder,1,129_Form20.pdf
129,Kultali (C),265561,227,candidate_col_8,1,129_Form20.pdf
129,Kultali (C),265561,227,Ram Sankar Halder,2,129_Form20.pdf
129,Kultali (C),265561,228,No. of Valid votes cast in favour of KANAN BALA MONDAL,5,129_Form20.pdf
129,Kultali (C),265561,228,candidate_col_2,309,129_Form20.pdf
129,Kultali (C),265561,228,candidate_col_3,284,129_Form20.pdf
129,Kultali (C),265561,228,candidate_col_4,38,129_Form20.pdf
129,Kultali (C),265561,228,candidate_col_5,3,129_Form20.pdf
129,Kultali (C),265561,228,Ganesh Chandra Mondal,25,129_Form20.pdf
129,Kultali (C),265561,228,Mintu Halder,0,129_Form20.pdf
129,Kultali (C),265561,228,candidate_col_8,2,129_Form20.pdf
129,Kultali (C),265561,228,Ram Sankar Halder,2,129_Form20.pdf
129,Kultali (C),265561,229,No. of Valid votes cast in favour of KANAN BALA MONDAL,3,129_Form20.pdf
129,Kultali (C),265561,229,candidate_col_2,162,129_Form20.pdf
129,Kultali (C),265561,229,candidate_col_3,280,129_Form20.pdf
129,Kultali (C),265561,229,candidate_col_4,42,129_Form20.pdf
129,Kultali (C),265561,229,candidate_col_5,1,129_Form20.pdf
129,Kultali (C),265561,229,Ganesh Chandra Mondal,34,129_Form20.pdf
129,Kultali (C),265561,229,Mintu Halder,1,129_Form20.pdf
129,Kultali (C),265561,229,candidate_col_8,1,129_Form20.pdf
129,Kultali (C),265561,229,Ram Sankar Halder,0,129_Form20.pdf
129,Kultali (C),265561,229A,No. of Valid votes cast in favour of KANAN BALA MONDAL,2,129_Form20.pdf
129,Kultali (C),265561,229A,candidate_col_2,156,129_Form20.pdf
129,Kultali (C),265561,229A,candidate_col_3,227,129_Form20.pdf
129,Kultali (C),265561,229A,candidate_col_4,38,129_Form20.pdf
129,Kultali (C),265561,229A,candidate_col_5,0,129_Form20.pdf
129,Kultali (C),265561,229A,Ganesh Chandra Mondal,32,129_Form20.pdf
129,Kultali (C),265561,229A,Mintu Halder,1,129_Form20.pdf
129,Kultali (C),265561,229A,candidate_col_8,2,129_Form20.pdf
129,Kultali (C),265561,229A,Ram Sankar Halder,2,129_Form20.pdf
129,Kultali (C),265561,201,Noa,25,129_Form20.pdf
129,Kultali (C),265561,201,Ratan Kumar Naskar,0,129_Form20.pdf
129,Kultali (C),265561,201,Mintu Halder,44,129_Form20.pdf
129,Kultali (C),265561,201,Ram Sankar Halder,2,129_Form20.pdf
129,Kultali (C),265561,201,Kartick Mondal,1,129_Form20.pdf
129,Kultali (C),265561,201,JAYKRISHNA HALDAR,0,129_Form20.pdf
129,Kultali (C),265561,201,Bablu Sanfui,524,129_Form20.pdf
129,Kultali (C),265561,201,Gobinda Majhi,0,129_Form20.pdf
129,Kultali (C),265561,249,Noa,3,129_Form20.pdf
129,Kultali (C),265561,249,Ratan Kumar Naskar,292,129_Form20.pdf
129,Kultali (C),265561,249,Mintu Halder,152,129_Form20.pdf
129,Kultali (C),265561,249,Ram Sankar Halder,23,129_Form20.pdf
129,Kultali (C),265561,249,Kartick Mondal,1,129_Form20.pdf
129,Kultali (C),265561,249,JAYKRISHNA HALDAR,31,129_Form20.pdf
129,Kultali (C),265561,249,Bablu Sanfui,3,129_Form20.pdf
129,Kultali (C),265561,249,Gobinda Majhi,1,129_Form20.pdf
129,Kultali (C),265561,249A,Noa,10,129_Form20.pdf
129,Kultali (C),265561,249A,Ratan Kumar Naskar,351,129_Form20.pdf
129,Kultali (C),265561,249A,Mintu Halder,283,129_Form20.pdf
129,Kultali (C),265561,249A,Ram Sankar Halder,26,129_Form20.pdf
129,Kultali (C),265561,249A,Kartick Mondal,1,129_Form20.pdf
129,Kultali (C),265561,249A,JAYKRISHNA HALDAR,9,129_Form20.pdf
129,Kultali (C),265561,249A,Bablu Sanfui,0,129_Form20.pdf
129,Kultali (C),265561,249A,Gobinda Majhi,1,129_Form20.pdf
129,Kultali (C),265561,250,Noa,8,129_Form20.pdf
129,Kultali (C),265561,250,Ratan Kumar Naskar,307,129_Form20.pdf
129,Kultali (C),265561,250,Mintu Halder,154,129_Form20.pdf
129,Kultali (C),265561,250,Ram Sankar Halder,17,129_Form20.pdf
129,Kultali (C),265561,250,Kartick Mondal,3,129_Form20.pdf
129,Kultali (C),265561,250,JAYKRISHNA HALDAR,8,129_Form20.pdf
129,Kultali (C),265561,250,Bablu Sanfui,0,129_Form20.pdf
129,Kultali (C),265561,250,Gobinda Majhi,0,129_Form20.pdf
129,Kultali (C),265561,251,Noa,5,129_Form20.pdf
129,Kultali (C),265561,251,Ratan Kumar Naskar,99,129_Form20.pdf
129,Kultali (C),265561,251,Mintu Halder,15,129_Form20.pdf
129,Kultali (C),265561,251,Ram Sankar Halder,0,129_Form20.pdf
129,Kultali (C),265561,251,Kartick Mondal,13,129_Form20.pdf
129,Kultali (C),265561,251,JAYKRISHNA HALDAR,0,129_Form20.pdf
129,Kultali (C),265561,251,Bablu Sanfui,0,129_Form20.pdf
129,Kultali (C),265561,251,Gobinda Majhi,3,129_Form20.pdf
129,Kultali (C),265561,251A,Noa,5,129_Form20.pdf
129,Kultali (C),265561,251A,Ratan Kumar Naskar,272,129_Form20.pdf
129,Kultali (C),265561,251A,Mintu Halder,84,129_Form20.pdf
129,Kultali (C),265561,251A,Ram Sankar Halder,9,129_Form20.pdf
129,Kultali (C),265561,251A,Kartick Mondal,0,129_Form20.pdf
129,Kultali (C),265561,251A,JAYKRISHNA HALDAR,26,129_Form20.pdf
129,Kultali (C),265561,251A,Bablu Sanfui,0,129_Form20.pdf
129,Kultali (C),265561,251A,Gobinda Majhi,0,129_Form20.pdf
129,Kultali (C),265561,252,Noa,2,129_Form20.pdf
129,Kultali (C),265561,252,Ratan Kumar Naskar,520,129_Form20.pdf
129,Kultali (C),265561,252,Mintu Halder,165,129_Form20.pdf
129,Kultali (C),265561,252,Ram Sankar Halder,9,129_Form20.pdf
129,Kultali (C),265561,252,Kartick Mondal,1,129_Form20.pdf
129,Kultali (C),265561,252,JAYKRISHNA HALDAR,48,129_Form20.pdf
129,Kultali (C),265561,252,Bablu Sanfui,5,129_Form20.pdf
129,Kultali (C),265561,252,Gobinda Majhi,4,129_Form20.pdf
129,Kultali (C),265561,253,Noa,9,129_Form20.pdf
129,Kultali (C),265561,253,Ratan Kumar Naskar,359,129_Form20.pdf
129,Kultali (C),265561,253,Mintu Halder,187,129_Form20.pdf
129,Kultali (C),265561,253,Ram Sankar Halder,19,129_Form20.pdf
129,Kultali (C),265561,253,Kartick Mondal,0,129_Form20.pdf
129,Kultali (C),265561,253,JAYKRISHNA HALDAR,67,129_Form20.pdf
129,Kultali (C),265561,253,Bablu Sanfui,1,129_Form20.pdf
129,Kultali (C),265561,253,Gobinda Majhi,1,129_Form20.pdf
129,Kultali (C),265561,254,Noa,6,129_Form20.pdf
129,Kultali (C),265561,254,Ratan Kumar Naskar,342,129_Form20.pdf
129,Kultali (C),265561,254,Mintu Halder,243,129_Form20.pdf
129,Kultali (C),265561,254,Ram Sankar Halder,9,129_Form20.pdf
129,Kultali (C),265561,254,Kartick Mondal,0,129_Form20.pdf
129,Kultali (C),265561,254,JAYKRISHNA HALDAR,37,129_Form20.pdf
129,Kultali (C),265561,254,Bablu Sanfui,3,129_Form20.pdf
129,Kultali (C),265561,254,Gobinda Majhi,0,129_Form20.pdf
129,Kultali (C),265561,255,Noa,8,129_Form20.pdf
129,Kultali (C),265561,255,Ratan Kumar Naskar,254,129_Form20.pdf
129,Kultali (C),265561,255,Mintu Halder,225,129_Form20.pdf
129,Kultali (C),265561,255,Ram Sankar Halder,30,129_Form20.pdf
129,Kultali (C),265561,255,Kartick Mondal,0,129_Form20.pdf
129,Kultali (C),265561,255,JAYKRISHNA HALDAR,74,129_Form20.pdf
129,Kultali (C),265561,255,Bablu Sanfui,1,129_Form20.pdf
129,Kultali (C),265561,255,Gobinda Majhi,1,129_Form20.pdf
129,Kultali (C),265561,256,Noa,1,129_Form20.pdf
129,Kultali (C),265561,256,Ratan Kumar Naskar,455,129_Form20.pdf
129,Kultali (C),265561,256,Mintu Halder,171,129_Form20.pdf
129,Kultali (C),265561,256,Ram Sankar Halder,50,129_Form20.pdf
129,Kultali (C),265561,256,Kartick Mondal,0,129_Form20.pdf
129,Kultali (C),265561,256,JAYKRISHNA HALDAR,47,129_Form20.pdf
129,Kultali (C),265561,256,Bablu Sanfui,2,129_Form20.pdf
129,Kultali (C),265561,256,Gobinda Majhi,0,129_Form20.pdf
129,Kultali (C),265561,257,Noa,1,129_Form20.pdf
129,Kultali (C),265561,257,Ratan Kumar Naskar,270,129_Form20.pdf
129,Kultali (C),265561,257,Mintu Halder,144,129_Form20.pdf
129,Kultali (C),265561,257,Ram Sankar Halder,47,129_Form20.pdf
129,Kultali (C),265561,257,Kartick Mondal,0,129_Form20.pdf
129,Kultali (C),265561,257,JAYKRISHNA HALDAR,66,129_Form20.pdf
129,Kultali (C),265561,257,Bablu Sanfui,1,129_Form20.pdf
129,Kultali (C),265561,257,Gobinda Majhi,0,129_Form20.pdf
129,Kultali (C),265561,257A,Noa,3,129_Form20.pdf
129,Kultali (C),265561,257A,Ratan Kumar Naskar,225,129_Form20.pdf
129,Kultali (C),265561,257A,Mintu Halder,341,129_Form20.pdf
129,Kultali (C),265561,257A,Ram Sankar Halder,14,129_Form20.pdf
129,Kultali (C),265561,257A,Kartick Mondal,2,129_Form20.pdf
129,Kultali (C),265561,257A,JAYKRISHNA HALDAR,34,129_Form20.pdf
129,Kultali (C),265561,257A,Bablu Sanfui,1,129_Form20.pdf
129,Kultali (C),265561,257A,Gobinda Majhi,1,129_Form20.pdf
129,Kultali (C),265561,258,Noa,8,129_Form20.pdf
129,Kultali (C),265561,258,Ratan Kumar Naskar,334,129_Form20.pdf
129,Kultali (C),265561,258,Mintu Halder,365,129_Form20.pdf
129,Kultali (C),265561,258,Ram Sankar Halder,28,129_Form20.pdf
129,Kultali (C),265561,258,Kartick Mondal,0,129_Form20.pdf
129,Kultali (C),265561,258,JAYKRISHNA HALDAR,62,129_Form20.pdf
129,Kultali (C),265561,258,Bablu Sanfui,0,129_Form20.pdf
129,Kultali (C),265561,258,Gobinda Majhi,3,129_Form20.pdf
129,Kultali (C),265561,259,Noa,2,129_Form20.pdf
129,Kultali (C),265561,259,Ratan Kumar Naskar,403,129_Form20.pdf
129,Kultali (C),265561,259,Mintu Halder,254,129_Form20.pdf
129,Kultali (C),265561,259,Ram Sankar Halder,3,129_Form20.pdf
129,Kultali (C),265561,259,Kartick Mondal,0,129_Form20.pdf
129,Kultali (C),265561,259,JAYKRISHNA HALDAR,37,129_Form20.pdf
129,Kultali (C),265561,259,Bablu Sanfui,0,129_Form20.pdf
129,Kultali (C),265561,259,Gobinda Majhi,0,129_Form20.pdf
129,Kultali (C),265561,260,Noa,3,129_Form20.pdf
129,Kultali (C),265561,260,Ratan Kumar Naskar,426,129_Form20.pdf
129,Kultali (C),265561,260,Mintu Halder,208,129_Form20.pdf
129,Kultali (C),265561,260,Ram Sankar Halder,2,129_Form20.pdf
129,Kultali (C),265561,260,Kartick Mondal,0,129_Form20.pdf
129,Kultali (C),265561,260,JAYKRISHNA HALDAR,6,129_Form20.pdf
129,Kultali (C),265561,260,Bablu Sanfui,1,129_Form20.pdf
129,Kultali (C),265561,260,Gobinda Majhi,0,129_Form20.pdf
129,Kultali (C),265561,261,Noa,3,129_Form20.pdf
129,Kultali (C),265561,261,Ratan Kumar Naskar,322,129_Form20.pdf
129,Kultali (C),265561,261,Mintu Halder,228,129_Form20.pdf
129,Kultali (C),265561,261,Ram Sankar Halder,2,129_Form20.pdf
129,Kultali (C),265561,261,Kartick Mondal,0,129_Form20.pdf
129,Kultali (C),265561,261,JAYKRISHNA HALDAR,18,129_Form20.pdf
129,Kultali (C),265561,261,Bablu Sanfui,0,129_Form20.pdf
129,Kultali (C),265561,261,Gobinda Majhi,0,129_Form20.pdf
129,Kultali (C),265561,262,Noa,6,129_Form20.pdf
129,Kultali (C),265561,262,Ratan Kumar Naskar,288,129_Form20.pdf
129,Kultali (C),265561,262,Mintu Halder,94,129_Form20.pdf
129,Kultali (C),265561,262,Ram Sankar Halder,3,129_Form20.pdf
129,Kultali (C),265561,262,Kartick Mondal,1,129_Form20.pdf
129,Kultali (C),265561,262,JAYKRISHNA HALDAR,32,129_Form20.pdf
129,Kultali (C),265561,262,Bablu Sanfui,0,129_Form20.pdf
129,Kultali (C),265561,262,Gobinda Majhi,0,129_Form20.pdf
129,Kultali (C),265561,262A,Noa,1,129_Form20.pdf
129,Kultali (C),265561,262A,Ratan Kumar Naskar,266,129_Form20.pdf
129,Kultali (C),265561,262A,Mintu Halder,272,129_Form20.pdf
129,Kultali (C),265561,262A,Ram Sankar Halder,9,129_Form20.pdf
129,Kultali (C),265561,262A,Kartick Mondal,0,129_Form20.pdf
129,Kultali (C),265561,262A,JAYKRISHNA HALDAR,19,129_Form20.pdf
129,Kultali (C),265561,262A,Bablu Sanfui,0,129_Form20.pdf
129,Kultali (C),265561,262A,Gobinda Majhi,2,129_Form20.pdf
129,Kultali (C),265561,263,Noa,4,129_Form20.pdf
129,Kultali (C),265561,263,Ratan Kumar Naskar,373,129_Form20.pdf
129,Kultali (C),265561,263,Mintu Halder,1,129_Form20.pdf
129,Kultali (C),265561,263,Ram Sankar Halder,10,129_Form20.pdf
129,Kultali (C),265561,263,Kartick Mondal,1,129_Form20.pdf
129,Kultali (C),265561,263,JAYKRISHNA HALDAR,0,129_Form20.pdf
129,Kultali (C),265561,263,Bablu Sanfui,2,129_Form20.pdf
129,Kultali (C),265561,263,Gobinda Majhi,735,129_Form20.pdf
129,Kultali (C),265561,264,Noa,2,129_Form20.pdf
129,Kultali (C),265561,264,Ratan Kumar Naskar,470,129_Form20.pdf
129,Kultali (C),265561,264,Mintu Halder,240,129_Form20.pdf
129,Kultali (C),265561,264,Ram Sankar Halder,9,129_Form20.pdf
129,Kultali (C),265561,264,Kartick Mondal,5,129_Form20.pdf
129,Kultali (C),265561,264,JAYKRISHNA HALDAR,1,129_Form20.pdf
129,Kultali (C),265561,264,Bablu Sanfui,1,129_Form20.pdf
129,Kultali (C),265561,264,Gobinda Majhi,6,129_Form20.pdf
129,Kultali (C),265561,265,Noa,2,129_Form20.pdf
129,Kultali (C),265561,265,Ratan Kumar Naskar,395,129_Form20.pdf
129,Kultali (C),265561,265,Mintu Halder,246,129_Form20.pdf
129,Kultali (C),265561,265,Ram Sankar Halder,14,129_Form20.pdf
129,Kultali (C),265561,265,Kartick Mondal,1,129_Form20.pdf
129,Kultali (C),265561,265,JAYKRISHNA HALDAR,1,129_Form20.pdf
129,Kultali (C),265561,265,Bablu Sanfui,0,129_Form20.pdf
129,Kultali (C),265561,265,Gobinda Majhi,1,129_Form20.pdf
129,Kultali (C),265561,266,Noa,6,129_Form20.pdf
129,Kultali (C),265561,266,Ratan Kumar Naskar,380,129_Form20.pdf
129,Kultali (C),265561,266,Mintu Halder,290,129_Form20.pdf
129,Kultali (C),265561,266,Ram Sankar Halder,3,129_Form20.pdf
129,Kultali (C),265561,266,Kartick Mondal,1,129_Form20.pdf
129,Kultali (C),265561,266,JAYKRISHNA HALDAR,4,129_Form20.pdf
129,Kultali (C),265561,266,Bablu Sanfui,0,129_Form20.pdf
129,Kultali (C),265561,266,Gobinda Majhi,1,129_Form20.pdf
129,Kultali (C),265561,267,Noa,5,129_Form20.pdf
129,Kultali (C),265561,267,Ratan Kumar Naskar,493,129_Form20.pdf
129,Kultali (C),265561,267,Mintu Halder,285,129_Form20.pdf
129,Kultali (C),265561,267,Ram Sankar Halder,10,129_Form20.pdf
129,Kultali (C),265561,267,Kartick Mondal,0,129_Form20.pdf
129,Kultali (C),265561,267,JAYKRISHNA HALDAR,2,129_Form20.pdf
129,Kultali (C),265561,267,Bablu Sanfui,2,129_Form20.pdf
129,Kultali (C),265561,267,Gobinda Majhi,3,129_Form20.pdf
129,Kultali (C),265561,268,Noa,8,129_Form20.pdf
129,Kultali (C),265561,268,Ratan Kumar Naskar,582,129_Form20.pdf
129,Kultali (C),265561,268,Mintu Halder,269,129_Form20.pdf
129,Kultali (C),265561,268,Ram Sankar Halder,26,129_Form20.pdf
129,Kultali (C),265561,268,Kartick Mondal,1,129_Form20.pdf
129,Kultali (C),265561,268,JAYKRISHNA HALDAR,6,129_Form20.pdf
129,Kultali (C),265561,268,Bablu Sanfui,0,129_Form20.pdf
129,Kultali (C),265561,268,Gobinda Majhi,0,129_Form20.pdf
129,Kultali (C),265561,270A,candidate_col_2,1,129_Form20.pdf
129,Kultali (C),265561,270A,Name of the Assembly Constituency,353,129_Form20.pdf
129,Kultali (C),265561,270A,candidate_col_4,101,129_Form20.pdf
129,Kultali (C),265561,270A,candidate_col_5,16,129_Form20.pdf
