ac_no,booths,booth_candidate_rows,avg_candidates_per_booth,booths_with_total_valid,booths_sum_gt_total,booths_sum_lt_total,booths_low_candidate_count,booths_high_candidate_count,booths_with_placeholders,total_valid_coverage_pct,placeholder_booth_pct
1,56,68,1.2142857142857142,17,0,10,45,0,12,0.304,0.214
2,214,1753,7.098130841121495,84,8,2,0,0,33,0.393,0.154
3,73,250,3.356164383561644,26,18,4,1,0,17,0.356,0.233
4,191,1401,6.890052356020942,121,17,60,0,0,120,0.634,0.628
5,42,209,4.976190476190476,1,1,0,0,0,0,0.024,0.0
6,138,904,5.949275362318841,87,28,37,43,0,25,0.63,0.181
7,170,925,5.4411764705882355,30,1,0,0,0,0,0.176,0.0
8,222,1148,5.171171171171171,74,6,40,27,0,39,0.333,0.176
9,214,1633,7.630841121495327,128,67,16,0,0,70,0.598,0.327
10,226,1040,4.601769911504425,133,91,2,24,0,37,0.588,0.164
11,51,497,9.27450980392157,1,0,0,0,0,1,0.02,0.02
12,192,1176,5.4375,84,45,17,13,0,91,0.438,0.474
13,338,2475,7.322485207100592,178,0,0,0,0,163,0.527,0.482
14,145,647,4.462068965517242,65,27,5,14,0,76,0.448,0.524
15,202,1451,7.183168316831683,27,12,8,0,0,0,0.134,0.0
16,236,2020,8.233050847457626,116,30,12,0,0,0,0.492,0.0
17,160,1131,7.06875,59,6,36,0,0,25,0.369,0.156
18,51,323,6.235294117647059,19,3,16,0,0,26,0.373,0.51
19,84,432,4.904761904761905,75,3,38,40,0,18,0.893,0.214
20,153,732,4.235294117647059,85,27,48,16,0,27,0.556,0.176
21,77,577,7.4935064935064934,1,1,0,0,0,0,0.013,0.0
22,71,494,6.887323943661972,7,6,1,0,0,17,0.099,0.239
23,285,2575,8.52280701754386,199,150,21,3,0,42,0.698,0.147
24,221,973,4.380090497737557,59,13,40,58,0,62,0.267,0.281
25,307,1350,4.381107491856677,133,2,56,22,0,0,0.433,0.0
26,25,221,8.84,25,0,2,2,0,0,1.0,0.0
27,25,48,1.92,1,0,1,2,0,0,0.04,0.0
28,276,1403,4.797101449275362,135,71,2,0,0,0,0.489,0.0
29,35,174,4.9714285714285715,33,1,1,0,0,0,0.943,0.0
30,93,516,5.473118279569892,41,26,4,0,0,0,0.441,0.0
31,65,366,5.446153846153846,32,0,9,0,0,0,0.492,0.0
32,279,1842,6.494623655913978,33,6,11,19,0,22,0.118,0.079
33,216,780,3.611111111111111,34,1,25,48,0,168,0.157,0.778
34,22,168,7.0,16,1,14,0,0,22,0.727,1.0
35,56,602,10.107142857142858,30,4,26,0,0,0,0.536,0.0
36,91,576,6.329670329670329,0,0,0,0,0,0,0.0,0.0
37,167,695,4.1017964071856285,138,37,58,2,0,0,0.826,0.0
38,120,438,3.65,108,41,63,2,0,52,0.9,0.433
39,162,1182,7.253086419753086,18,1,0,0,0,0,0.111,0.0
40,166,621,3.7409638554216866,74,4,63,1,0,0,0.446,0.0
41,167,603,3.1137724550898205,64,1,61,60,0,0,0.383,0.0
42,243,1523,6.176954732510288,91,35,29,37,0,0,0.374,0.0
43,103,390,2.9805825242718447,0,0,0,0,0,103,0.0,1.0
44,281,1329,4.302491103202847,95,33,47,29,0,0,0.338,0.0
45,221,851,3.8506787330316743,145,43,75,24,0,161,0.656,0.729
46,56,238,4.25,33,2,28,6,0,24,0.589,0.429
47,178,1228,6.898876404494382,130,29,0,0,0,0,0.73,0.0
48,306,2143,6.980392156862745,13,4,2,0,0,0,0.042,0.0
49,337,2435,7.198813056379822,191,15,20,17,0,18,0.567,0.053
50,76,493,6.4868421052631575,38,0,0,0,0,0,0.5,0.0
51,346,2283,6.583815028901734,5,1,0,0,0,0,0.014,0.0
52,193,2005,9.8860103626943,92,39,0,0,0,0,0.477,0.0
53,286,2566,8.342657342657343,51,10,0,0,0,0,0.178,0.0
54,255,1881,6.792156862745098,136,19,5,0,0,0,0.533,0.0
55,286,1746,5.580419580419581,118,22,0,0,0,0,0.413,0.0
57,270,2064,7.514814814814815,110,3,20,0,0,0,0.407,0.0
59,349,1948,5.581661891117479,0,0,0,33,0,0,0.0,0.0
60,299,1839,6.150501672240803,15,0,8,79,0,0,0.05,0.0
61,125,987,7.896,52,1,2,0,0,0,0.416,0.0
62,140,1071,7.65,65,2,4,0,0,0,0.464,0.0
63,213,1914,8.985915492957746,88,20,7,25,0,39,0.413,0.183
64,207,1825,8.705314009661835,109,6,16,0,0,0,0.527,0.0
65,155,525,3.3870967741935485,76,7,10,1,0,13,0.49,0.084
66,231,1221,5.285714285714286,198,0,0,0,0,0,0.857,0.0
67,209,832,3.9808612440191387,77,0,0,0,0,0,0.368,0.0
68,326,2495,7.653374233128834,319,0,0,0,0,0,0.979,0.0
69,281,1598,5.686832740213523,33,0,0,30,0,41,0.117,0.146
71,219,426,1.9452054794520548,83,0,80,99,0,20,0.379,0.091
72,155,1101,7.103225806451613,75,62,3,0,0,0,0.484,0.0
73,223,1349,5.3991031390134525,56,6,46,13,1,73,0.251,0.327
74,125,694,4.464,43,5,17,21,0,50,0.344,0.4
75,105,803,7.647619047619048,62,0,40,0,0,60,0.59,0.571
76,179,1535,8.418994413407821,47,8,1,0,0,0,0.263,0.0
77,34,238,7.0,27,11,3,0,0,0,0.794,0.0
78,279,1528,5.17921146953405,80,36,33,107,0,0,0.287,0.0
79,140,407,2.9,56,4,45,64,0,0,0.4,0.0
80,265,1552,5.8,26,8,6,0,0,0,0.098,0.0
81,155,940,6.064516129032258,83,4,27,26,0,91,0.535,0.587
82,100,699,5.32,2,0,1,0,0,2,0.02,0.02
83,214,1017,4.579439252336448,107,18,49,43,0,25,0.5,0.117
84,35,121,3.4571428571428573,35,0,35,0,0,35,1.0,1.0
85,67,359,2.716417910447761,27,3,23,30,0,0,0.403,0.0
86,141,565,4.00709219858156,1,0,0,0,0,0,0.007,0.0
87,184,1202,6.429347826086956,79,27,21,0,0,0,0.429,0.0
88,96,351,3.65625,46,0,46,45,0,0,0.479,0.0
89,85,767,8.435294117647059,37,21,5,0,0,0,0.435,0.0
90,71,251,3.535211267605634,2,0,0,35,0,0,0.028,0.0
91,88,551,6.261363636363637,11,8,1,1,0,11,0.125,0.125
92,208,1245,5.927884615384615,74,30,11,22,0,78,0.356,0.375
93,136,294,1.9264705882352942,0,0,0,94,0,136,0.0,1.0
94,102,470,4.607843137254902,66,6,1,0,0,8,0.647,0.078
97,204,1461,6.78921568627451,82,26,36,0,0,100,0.402,0.49
98,282,1843,6.223404255319149,226,53,9,0,0,48,0.801,0.17
99,32,181,5.46875,12,4,0,0,0,0,0.375,0.0
100,39,266,6.487179487179487,1,1,0,1,0,0,0.026,0.0
101,62,396,4.67741935483871,20,0,17,19,0,25,0.323,0.403
102,75,425,5.6,6,2,3,0,0,10,0.08,0.133
103,90,407,4.033333333333333,48,16,28,34,0,20,0.533,0.222
104,164,832,5.054878048780488,154,1,0,0,0,24,0.939,0.146
105,78,843,10.474358974358974,0,0,0,0,2,9,0.0,0.115
106,71,821,11.422535211267606,9,0,1,0,0,35,0.127,0.493
107,87,298,2.7471264367816093,0,0,0,0,0,87,0.0,1.0
108,114,424,3.719298245614035,34,20,6,4,0,69,0.298,0.605
109,47,111,2.3617021276595747,47,0,47,31,0,16,1.0,0.34
110,194,839,4.025773195876289,20,13,7,47,0,0,0.103,0.0
112,25,193,7.72,1,0,0,0,0,0,0.04,0.0
113,167,833,4.9880239520958085,88,59,22,5,0,24,0.527,0.144
114,133,269,1.4285714285714286,23,0,21,76,0,133,0.173,1.0
115,197,892,4.527918781725888,51,2,42,26,0,0,0.259,0.0
117,40,177,4.425,1,0,0,1,0,0,0.025,0.0
119,29,170,5.862068965517241,25,1,4,0,0,29,0.862,1.0
