ac_no,has_pdf,has_ocr_markdown,native_rows,native_booths,ocr_rows,ocr_booths,combined_rows,combined_booths,candidate_count,total_candidate_votes_sum,total_electors_ac_level,ac_name,status
1,True,True,0,0,35,34,35,34,2,9452,22646.0,,parsed
2,True,True,0,0,1513,204,1513,204,33,160273,,Mathabhanga (SC),parsed
3,True,True,0,0,191,46,191,46,11,30598,,,parsed
4,True,True,0,0,313,52,313,52,9,28501,233839.0,,parsed
5,True,True,0,0,219,44,219,44,10,26818,,,parsed
6,True,True,0,0,980,142,980,142,25,81450,290568.0,,parsed
7,True,True,0,0,989,244,989,244,16,117312,299251.0,,parsed
8,True,True,0,0,975,175,975,175,30,110998,245040.0,of 13,parsed
9,True,True,0,0,2102,278,2102,278,48,205149,234311.0,,parsed
10,True,True,0,0,1320,299,1320,299,42,193939,272924.0,,parsed
11,True,True,0,0,275,25,275,25,11,14051,247425.0,,parsed
12,True,True,0,0,869,141,869,141,29,90871,260652.0,,parsed
13,True,True,0,0,2514,338,2514,338,58,214898,254022.0,Falakata(SC),parsed
14,True,True,0,0,944,178,944,178,15,403526,12651.0,,parsed
15,True,True,0,0,1320,184,1320,184,23,142803,263118.0,,parsed
16,True,True,0,0,2016,236,2016,236,41,172445,,,parsed
17,True,True,0,0,1272,181,1272,181,56,113049,262500.0,,parsed
18,True,True,0,0,188,27,188,27,7,15255,,,parsed
19,True,True,0,0,482,125,482,125,13,42560,,,parsed
20,True,True,0,0,658,132,658,132,16,98532,,,parsed
21,True,True,0,0,618,99,618,99,12,96838,,,parsed
22,True,True,0,0,730,112,730,112,25,41838,209760.0,Kalimpong (in the case of election from a Parliamentary Constituency),parsed
23,True,True,0,0,2490,284,2490,284,47,168609,242639.0,,parsed
24,True,True,0,0,1093,247,1093,247,47,149843,236477.0,,parsed
25,True,True,0,0,578,169,578,169,11,94602,,,parsed
26,True,True,0,0,2,2,2,2,1,332,,,parsed
27,True,True,0,0,48,25,48,25,2,5734,240496.0,,parsed
28,True,True,0,0,1369,282,1369,282,15,188119,,Chopra,parsed
29,True,True,0,0,174,35,174,35,5,18666,,Islampur,parsed
30,True,True,0,0,789,142,789,142,27,68734,,Goalpokhar,parsed
31,True,True,0,0,373,70,373,70,7,36816,,Chakulia,parsed
32,True,True,0,0,1608,261,1608,261,49,139115,262583.0,,parsed
33,True,True,1848,231,1216,341,3064,438,138,259671,265318.0,,parsed
34,True,True,0,0,0,0,0,0,0,0,,,ocr_done_parse_failed
35,True,True,0,0,566,55,566,55,14,27352,198780.0,,parsed
36,True,True,0,0,1086,203,1086,203,33,299803,229362.0,ITAHAR,parsed
37,True,True,0,0,650,170,650,170,15,76701,219921.0,Kushmandi (SC) AC,parsed
38,True,True,0,0,438,120,438,120,8,46028,203996.0,Kumarganj AC,parsed
39,True,True,0,0,1169,170,1169,170,20,98994,180390.0,BALURGHAT,parsed
40,True,True,0,0,555,165,555,165,11,72028,220236.0,Tapan (ST),parsed
41,True,True,0,0,301,115,301,115,8,42573,221040.0,Gangarampur (SC),parsed
42,True,True,0,0,1351,248,1351,248,21,151168,225186.0,Harihampur Assembly,parsed
43,True,True,0,0,0,0,0,0,0,0,,,ocr_done_parse_failed
44,True,True,0,0,1494,284,1494,284,14,179551,,,parsed
45,True,True,0,0,1023,225,1023,225,29,111606,249402.0,,parsed
46,True,True,0,0,81,28,81,28,8,239700,252487.0,,parsed
47,True,True,0,0,1173,179,1173,179,15,121433,231907.0,MALATIPUR,parsed
48,True,True,0,0,2491,351,2491,351,28,307946,282451.0,,parsed
49,True,True,0,0,2468,343,2468,343,26,203785,253353.0,MANIKCHAK,parsed
50,True,True,0,0,727,110,727,110,19,268442,245961.0,MALDAHA (SC),parsed
51,True,True,0,0,2348,353,2348,353,19,713897,,ENGLISH BAZAR,parsed
52,True,True,0,0,2034,196,2034,196,37,197891,196324.0,MOTHABARI,parsed
53,True,True,0,0,2582,288,2582,288,39,201781,251186.0,SUJAPUR,parsed
54,True,True,0,0,1886,256,1886,256,18,223806,246956.0,BAISNABNAGAR,parsed
55,True,True,0,0,0,0,0,0,0,0,,,ocr_done_parse_failed
56,False,False,0,0,0,0,0,0,0,0,,,missing_pdf
57,True,True,0,0,0,0,0,0,0,0,,,ocr_done_parse_failed
58,False,False,0,0,0,0,0,0,0,0,,,missing_pdf
59,True,True,2436,348,0,0,2436,348,77,186971,,RAGHUNATHGANJ,parsed
60,True,True,2943,327,0,0,2943,327,81,184207,,SAGARDIGHI,parsed
61,True,True,0,0,0,0,0,0,0,0,,,ocr_done_parse_failed
62,True,True,0,0,0,0,0,0,0,0,,,ocr_done_parse_failed
63,True,True,0,0,2373,249,2373,249,58,157628,256101.0,Raninagar,parsed
64,True,True,0,0,0,0,0,0,0,0,,,ocr_done_parse_failed
65,True,True,0,0,0,0,0,0,0,0,,,ocr_done_parse_failed
66,True,True,1615,323,0,0,1615,323,55,183241,,KHARGRAM (SC),parsed
67,True,True,1220,305,0,0,1220,305,40,173667,,BURWAN(SC),parsed
68,True,True,2608,326,0,0,2608,326,78,181584,,KANDI,parsed
69,True,True,0,0,0,0,0,0,0,0,,,ocr_done_parse_failed
70,True,True,0,0,0,0,0,0,0,0,,,ocr_done_parse_failed
71,True,True,0,0,0,0,0,0,0,0,,,ocr_done_parse_failed
72,True,True,0,0,1291,205,1291,205,44,127068,260667.0,,parsed
73,True,True,0,0,0,0,0,0,0,0,,,ocr_done_parse_failed
74,True,True,0,0,682,131,682,131,23,82762,247688.0,,parsed
75,True,True,0,0,1259,218,1259,218,36,117711,266283.0,Domkal,parsed
76,True,True,0,0,2218,276,2218,276,49,178091,261258.0,JALANGI,parsed
77,True,True,0,0,376,103,376,103,11,41699,,KARIMPUR,parsed
78,True,True,0,0,2356,315,2356,315,47,282305,252454.0,TEHATTA,parsed
79,True,True,0,0,509,177,509,177,11,71891,,PALASHIPARA,parsed
80,True,True,0,0,0,0,0,0,0,0,,,ocr_done_parse_failed
81,True,True,0,0,0,0,0,0,0,0,,,ocr_done_parse_failed
82,True,True,0,0,0,0,0,0,0,0,,,ocr_done_parse_failed
83,True,True,0,0,0,0,0,0,0,0,,,ocr_done_parse_failed
84,True,True,0,0,0,0,0,0,0,0,,,ocr_done_parse_failed
85,True,True,0,0,0,0,0,0,0,0,,,ocr_done_parse_failed
86,True,True,0,0,0,0,0,0,0,0,,,ocr_done_parse_failed
87,True,True,0,0,0,0,0,0,0,0,,,ocr_done_parse_failed
88,True,True,0,0,0,0,0,0,0,0,,,ocr_done_parse_failed
89,True,True,0,0,0,0,0,0,0,0,,,ocr_done_parse_failed
90,True,True,0,0,0,0,0,0,0,0,,,ocr_done_parse_failed
91,True,True,0,0,0,0,0,0,0,0,,,ocr_done_parse_failed
92,True,True,0,0,0,0,0,0,0,0,,,ocr_done_parse_failed
93,True,True,2205,245,0,0,2205,245,126,174363,,,parsed
94,True,True,0,0,0,0,0,0,0,0,,,ocr_done_parse_failed
95,True,True,0,0,0,0,0,0,0,0,,,ocr_done_parse_failed
96,True,True,0,0,0,0,0,0,0,0,,,ocr_done_parse_failed
97,True,True,0,0,0,0,0,0,0,0,,,ocr_done_parse_failed
98,True,True,0,0,0,0,0,0,0,0,,,ocr_done_parse_failed
99,True,True,0,0,0,0,0,0,0,0,,,ocr_done_parse_failed
100,True,True,0,0,0,0,0,0,0,0,,,ocr_done_parse_failed
101,True,True,0,0,0,0,0,0,0,0,,,ocr_done_parse_failed
102,True,True,0,0,0,0,0,0,0,0,,,ocr_done_parse_failed
103,True,True,0,0,0,0,0,0,0,0,,,ocr_done_parse_failed
104,True,True,0,0,0,0,0,0,0,0,,,ocr_done_parse_failed
105,True,True,0,0,0,0,0,0,0,0,,,ocr_done_parse_failed
106,True,True,0,0,0,0,0,0,0,0,,,ocr_done_parse_failed
107,True,True,0,0,0,0,0,0,0,0,,,ocr_done_parse_failed
108,True,True,0,0,0,0,0,0,0,0,,,ocr_done_parse_failed
109,True,True,0,0,0,0,0,0,0,0,,,ocr_done_parse_failed
110,True,True,0,0,0,0,0,0,0,0,,,ocr_done_parse_failed
111,True,True,1485,248,0,0,1485,248,83,452780,,,parsed
112,True,True,0,0,0,0,0,0,0,0,,,ocr_done_parse_failed
113,True,True,0,0,0,0,0,0,0,0,,,ocr_done_parse_failed
114,True,True,0,0,0,0,0,0,0,0,,,ocr_done_parse_failed
115,True,True,0,0,0,0,0,0,0,0,,,ocr_done_parse_failed
116,True,True,0,0,0,0,0,0,0,0,,,ocr_done_parse_failed
117,True,True,0,0,0,0,0,0,0,0,,,ocr_done_parse_failed
118,True,True,0,0,0,0,0,0,0,0,,,ocr_done_parse_failed
119,True,True,0,0,0,0,0,0,0,0,,,ocr_done_parse_failed
120,True,False,0,0,0,0,0,0,0,0,,,downloaded_not_parsed
121,True,False,0,0,0,0,0,0,0,0,,,downloaded_not_parsed
122,True,False,0,0,0,0,0,0,0,0,,,downloaded_not_parsed
123,True,False,0,0,0,0,0,0,0,0,,,downloaded_not_parsed
124,True,False,0,0,0,0,0,0,0,0,,,downloaded_not_parsed
125,True,False,0,0,0,0,0,0,0,0,,,downloaded_not_parsed
126,True,False,0,0,0,0,0,0,0,0,,,downloaded_not_parsed
127,True,False,0,0,0,0,0,0,0,0,,,downloaded_not_parsed
128,True,False,0,0,0,0,0,0,0,0,,,downloaded_not_parsed
129,True,False,0,0,0,0,0,0,0,0,,,downloaded_not_parsed
130,True,False,0,0,0,0,0,0,0,0,,,downloaded_not_parsed
131,True,False,0,0,0,0,0,0,0,0,,,downloaded_not_parsed
132,True,False,0,0,0,0,0,0,0,0,,,downloaded_not_parsed
133,True,False,0,0,0,0,0,0,0,0,,,downloaded_not_parsed
134,True,False,0,0,0,0,0,0,0,0,,,downloaded_not_parsed
135,True,False,0,0,0,0,0,0,0,0,,,downloaded_not_parsed
136,True,False,0,0,0,0,0,0,0,0,,,downloaded_not_parsed
137,True,False,0,0,0,0,0,0,0,0,,,downloaded_not_parsed
138,True,False,2154,358,0,0,2154,358,66,138785,257681.0,Canning Paschim (SC),parsed
139,True,False,0,0,0,0,0,0,0,0,,,downloaded_not_parsed
140,True,False,0,0,0,0,0,0,0,0,,,downloaded_not_parsed
141,True,False,0,0,0,0,0,0,0,0,,,downloaded_not_parsed
142,True,False,0,0,0,0,0,0,0,0,,,downloaded_not_parsed
143,True,False,0,0,0,0,0,0,0,0,,,downloaded_not_parsed
144,True,False,0,0,0,0,0,0,0,0,,,downloaded_not_parsed
145,True,False,1880,375,0,0,1880,375,60,216890,270193.0,Satgachia,parsed
146,True,False,0,0,0,0,0,0,0,0,,,downloaded_not_parsed
147,True,False,0,0,0,0,0,0,0,0,,,downloaded_not_parsed
148,True,False,0,0,0,0,0,0,0,0,,,downloaded_not_parsed
149,True,False,0,0,0,0,0,0,0,0,,,downloaded_not_parsed
150,True,False,0,0,0,0,0,0,0,0,,,downloaded_not_parsed
151,True,False,3024,399,0,0,3024,399,84,235737,300330.0,Sonarpur Uttar,parsed
152,True,False,0,0,0,0,0,0,0,0,,,downloaded_not_parsed
153,True,False,0,0,0,0,0,0,0,0,,,downloaded_not_parsed
154,True,False,0,0,0,0,0,0,0,0,,,downloaded_not_parsed
155,True,False,1860,370,0,0,1860,370,60,151270,271007.0,Maheshtala,parsed
156,True,False,0,0,0,0,0,0,0,0,,,downloaded_not_parsed
157,True,False,0,0,0,0,0,0,0,0,,,downloaded_not_parsed
158,True,False,0,0,0,0,0,0,0,0,,,downloaded_not_parsed
159,True,False,0,0,0,0,0,0,0,0,,,downloaded_not_parsed
160,True,False,0,0,0,0,0,0,0,0,,,downloaded_not_parsed
161,True,False,0,0,0,0,0,0,0,0,,,downloaded_not_parsed
162,True,False,0,0,0,0,0,0,0,0,,,downloaded_not_parsed
163,True,False,0,0,0,0,0,0,0,0,,,downloaded_not_parsed
164,True,False,0,0,0,0,0,0,0,0,,,downloaded_not_parsed
165,True,False,0,0,0,0,0,0,0,0,,,downloaded_not_parsed
166,True,False,0,0,0,0,0,0,0,0,,,downloaded_not_parsed
167,True,False,0,0,0,0,0,0,0,0,,,downloaded_not_parsed
168,True,False,0,0,0,0,0,0,0,0,,,downloaded_not_parsed
169,True,False,0,0,0,0,0,0,0,0,,,downloaded_not_parsed
170,True,False,3660,305,0,0,3660,305,90,81784,,HOWRAH UTTAR,parsed
171,True,False,0,0,0,0,0,0,0,0,,,downloaded_not_parsed
172,True,False,0,0,0,0,0,0,0,0,,,downloaded_not_parsed
173,True,False,0,0,0,0,0,0,0,0,,,downloaded_not_parsed
174,True,False,0,0,0,0,0,0,0,0,,,downloaded_not_parsed
175,True,False,0,0,0,0,0,0,0,0,,,downloaded_not_parsed
176,True,False,0,0,0,0,0,0,0,0,,,downloaded_not_parsed
177,True,False,0,0,0,0,0,0,0,0,,,downloaded_not_parsed
178,True,False,0,0,0,0,0,0,0,0,,,downloaded_not_parsed
179,True,False,0,0,0,0,0,0,0,0,,,downloaded_not_parsed
180,True,False,1926,321,0,0,1926,321,42,122244,,BAGNAN,parsed
181,True,False,0,0,0,0,0,0,0,0,,,downloaded_not_parsed
182,True,False,0,0,0,0,0,0,0,0,,,downloaded_not_parsed
183,True,False,0,0,0,0,0,0,0,0,,,downloaded_not_parsed
184,True,False,0,0,0,0,0,0,0,0,,,downloaded_not_parsed
185,True,False,0,0,0,0,0,0,0,0,,,downloaded_not_parsed
186,True,False,0,0,0,0,0,0,0,0,,,downloaded_not_parsed
187,True,False,0,0,0,0,0,0,0,0,,,downloaded_not_parsed
188,True,False,0,0,0,0,0,0,0,0,,,downloaded_not_parsed
189,True,False,0,0,0,0,0,0,0,0,,,downloaded_not_parsed
190,True,False,3132,348,0,0,3132,348,171,173651,,,parsed
191,True,False,0,0,0,0,0,0,0,0,,,downloaded_not_parsed
192,True,False,0,0,0,0,0,0,0,0,,,downloaded_not_parsed
193,True,False,0,0,0,0,0,0,0,0,,,downloaded_not_parsed
194,True,False,1430,286,0,0,1430,286,75,155880,,,parsed
195,True,False,0,0,0,0,0,0,0,0,,,downloaded_not_parsed
196,True,False,1500,300,0,0,1500,300,80,134356,,,parsed
197,True,False,0,0,0,0,0,0,0,0,,,downloaded_not_parsed
198,True,False,0,0,0,0,0,0,0,0,,,downloaded_not_parsed
199,True,False,0,0,0,0,0,0,0,0,,,downloaded_not_parsed
200,True,False,0,0,0,0,0,0,0,0,,,downloaded_not_parsed
201,True,False,0,0,0,0,0,0,0,0,,,downloaded_not_parsed
202,True,False,1940,385,0,0,1940,385,55,5638591,277259.0,KHANAKUL,parsed
203,True,False,0,0,0,0,0,0,0,0,,,downloaded_not_parsed
204,True,False,0,0,0,0,0,0,0,0,,,downloaded_not_parsed
205,True,False,0,0,0,0,0,0,0,0,,,downloaded_not_parsed
206,True,False,0,0,0,0,0,0,0,0,,,downloaded_not_parsed
207,True,False,0,0,0,0,0,0,0,0,,,downloaded_not_parsed
208,True,False,0,0,0,0,0,0,0,0,,,downloaded_not_parsed
209,True,False,0,0,0,0,0,0,0,0,,,downloaded_not_parsed
210,True,False,0,0,0,0,0,0,0,0,,,downloaded_not_parsed
211,True,False,0,0,0,0,0,0,0,0,,,downloaded_not_parsed
212,True,False,0,0,0,0,0,0,0,0,,,downloaded_not_parsed
213,True,False,0,0,0,0,0,0,0,0,,,downloaded_not_parsed
214,True,False,0,0,0,0,0,0,0,0,,,downloaded_not_parsed
215,True,False,0,0,0,0,0,0,0,0,,,downloaded_not_parsed
216,True,False,0,0,0,0,0,0,0,0,,,downloaded_not_parsed
217,True,False,0,0,0,0,0,0,0,0,,,downloaded_not_parsed
218,True,False,0,0,0,0,0,0,0,0,,,downloaded_not_parsed
219,True,False,0,0,0,0,0,0,0,0,,,downloaded_not_parsed
220,True,False,1968,328,0,0,1968,328,126,86692,226791.0,NAYAGRAM (ST),parsed
221,True,False,0,0,0,0,0,0,0,0,,,downloaded_not_parsed
222,True,False,0,0,0,0,0,0,0,0,,,downloaded_not_parsed
223,True,False,0,0,0,0,0,0,0,0,,,downloaded_not_parsed
224,True,False,0,0,0,0,0,0,0,0,,,downloaded_not_parsed
225,True,False,0,0,0,0,0,0,0,0,,,downloaded_not_parsed
226,True,False,0,0,0,0,0,0,0,0,,,downloaded_not_parsed
227,True,False,0,0,0,0,0,0,0,0,,,downloaded_not_parsed
228,True,False,0,0,0,0,0,0,0,0,,,downloaded_not_parsed
229,True,False,0,0,0,0,0,0,0,0,,,downloaded_not_parsed
230,True,False,0,0,0,0,0,0,0,0,,,downloaded_not_parsed
231,True,False,0,0,0,0,0,0,0,0,,,downloaded_not_parsed
232,True,False,0,0,0,0,0,0,0,0,,,downloaded_not_parsed
233,True,False,0,0,0,0,0,0,0,0,,,downloaded_not_parsed
234,True,False,0,0,0,0,0,0,0,0,,,downloaded_not_parsed
235,True,False,0,0,0,0,0,0,0,0,,,downloaded_not_parsed
236,True,False,0,0,0,0,0,0,0,0,,,downloaded_not_parsed
237,True,False,0,0,0,0,0,0,0,0,,,downloaded_not_parsed
238,True,False,0,0,0,0,0,0,0,0,,,downloaded_not_parsed
239,True,False,0,0,0,0,0,0,0,0,,,downloaded_not_parsed
240,True,False,0,0,0,0,0,0,0,0,,,downloaded_not_parsed
241,True,False,0,0,0,0,0,0,0,0,,,downloaded_not_parsed
242,True,False,0,0,0,0,0,0,0,0,,,downloaded_not_parsed
243,True,False,0,0,0,0,0,0,0,0,,,downloaded_not_parsed
244,True,False,0,0,0,0,0,0,0,0,,,downloaded_not_parsed
245,True,False,0,0,0,0,0,0,0,0,,,downloaded_not_parsed
246,True,False,0,0,0,0,0,0,0,0,,,downloaded_not_parsed
247,True,False,0,0,0,0,0,0,0,0,,,downloaded_not_parsed
248,True,False,0,0,0,0,0,0,0,0,,,downloaded_not_parsed
249,True,False,0,0,0,0,0,0,0,0,,,downloaded_not_parsed
250,True,False,0,0,0,0,0,0,0,0,,,downloaded_not_parsed
251,True,False,0,0,0,0,0,0,0,0,,,downloaded_not_parsed
252,True,False,0,0,0,0,0,0,0,0,,,downloaded_not_parsed
253,True,False,0,0,0,0,0,0,0,0,,,downloaded_not_parsed
254,True,False,0,0,0,0,0,0,0,0,,,downloaded_not_parsed
255,True,False,0,0,0,0,0,0,0,0,,,downloaded_not_parsed
256,True,False,0,0,0,0,0,0,0,0,,,downloaded_not_parsed
257,True,False,0,0,0,0,0,0,0,0,,,downloaded_not_parsed
258,True,False,0,0,0,0,0,0,0,0,,,downloaded_not_parsed
259,True,False,0,0,0,0,0,0,0,0,,,downloaded_not_parsed
260,True,False,0,0,0,0,0,0,0,0,,,downloaded_not_parsed
261,True,False,1440,360,0,0,1440,360,60,222889,258556.0,Raina (SC),parsed
262,True,False,0,0,0,0,0,0,0,0,,,downloaded_not_parsed
263,True,False,0,0,0,0,0,0,0,0,,,downloaded_not_parsed
264,True,False,0,0,0,0,0,0,0,0,,,downloaded_not_parsed
265,True,False,0,0,0,0,0,0,0,0,,,downloaded_not_parsed
266,True,False,0,0,0,0,0,0,0,0,,,downloaded_not_parsed
267,True,False,0,0,0,0,0,0,0,0,,,downloaded_not_parsed
268,True,False,0,0,0,0,0,0,0,0,,,downloaded_not_parsed
269,True,False,0,0,0,0,0,0,0,0,,,downloaded_not_parsed
270,True,False,0,0,0,0,0,0,0,0,,,downloaded_not_parsed
271,True,False,0,0,0,0,0,0,0,0,,,downloaded_not_parsed
272,True,False,1404,351,0,0,1404,351,60,105343,251003.0,,parsed
273,True,False,0,0,0,0,0,0,0,0,,,downloaded_not_parsed
274,True,False,0,0,0,0,0,0,0,0,,,downloaded_not_parsed
275,True,False,0,0,0,0,0,0,0,0,,,downloaded_not_parsed
276,True,False,0,0,0,0,0,0,0,0,,,downloaded_not_parsed
277,True,False,0,0,0,0,0,0,0,0,,,downloaded_not_parsed
278,True,False,0,0,0,0,0,0,0,0,,,downloaded_not_parsed
279,True,False,0,0,0,0,0,0,0,0,,,downloaded_not_parsed
280,True,False,0,0,0,0,0,0,0,0,,,downloaded_not_parsed
281,True,False,0,0,0,0,0,0,0,0,,,downloaded_not_parsed
282,True,False,0,0,0,0,0,0,0,0,,,downloaded_not_parsed
283,True,False,1493,249,0,0,1493,249,83,216841,,,parsed
284,True,False,0,0,0,0,0,0,0,0,,,downloaded_not_parsed
285,True,False,0,0,0,0,0,0,0,0,,,downloaded_not_parsed
286,True,False,0,0,0,0,0,0,0,0,,,downloaded_not_parsed
287,True,False,0,0,0,0,0,0,0,0,,,downloaded_not_parsed
288,True,False,0,0,0,0,0,0,0,0,,,downloaded_not_parsed
289,True,False,0,0,0,0,0,0,0,0,,,downloaded_not_parsed
290,True,False,0,0,0,0,0,0,0,0,,,downloaded_not_parsed
291,True,False,0,0,0,0,0,0,0,0,,,downloaded_not_parsed
292,True,False,0,0,0,0,0,0,0,0,,,downloaded_not_parsed
293,True,False,0,0,0,0,0,0,0,0,,,downloaded_not_parsed
294,True,False,0,0,0,0,0,0,0,0,,,downloaded_not_parsed
