ac_no,ac_name,iterations,mean_bjp_votes,mean_tmc_votes,bjp_win_probability,tmc_win_probability,expected_margin,turnout_change,sir_deletion_factor,tmc_to_bjp_swing,noise_sd,ac_noise_sd,scenario_id,scenario,predicted_winner,winner_probability,confidence_pct,competitiveness
1,Mekliganj (SC),20000,36428.28496053408,42796.21503946577,0.1606,0.8394,-6367.930078931689,0.0,0.0,0.0,0.015,0.04,neutral,Neutral,TMC,0.8394,83.94,strong
2,Mathabhanga (SC),20000,81700.07652594446,62962.313660970976,0.9491,0.0509,18737.762864973487,0.0,0.0,0.0,0.015,0.04,neutral,Neutral,BJP,0.9491,94.91,strong
3,Cooch Behar Uttar (SC),20000,48278.92353119511,42385.43263318839,0.7925,0.2075,5893.490898006719,0.0,0.0,0.0,0.015,0.04,neutral,Neutral,BJP,0.7925,79.25,likely
4,Cooch Behar Dakshin,20000,65755.88782556256,62160.25353569394,0.63755,0.36245,3595.634289868617,0.0,0.0,0.0,0.015,0.04,neutral,Neutral,BJP,0.63755,63.76,lean
5,Sitalkuchi (SC),20000,16970.099902827063,12528.9000971729,0.9696,0.0304,4441.199805654162,0.0,0.0,0.0,0.015,0.04,neutral,Neutral,BJP,0.9696,96.96,very_strong
6,Sitai (SC),20000,55248.98424686426,60446.841840092005,0.2926,0.7074,-5197.8575932277445,0.0,0.0,0.0,0.015,0.04,neutral,Neutral,TMC,0.7074,70.74,likely
7,Dinhata,20000,67048.06532100489,67234.93467899511,0.4723,0.5277,-186.8693579902172,0.0,0.0,0.0,0.015,0.04,neutral,Neutral,TMC,0.5277,52.77,toss_up
8,Natabari,20000,87520.43248437408,69182.3107588692,0.92995,0.07005,18338.12172550488,0.0,0.0,0.0,0.015,0.04,neutral,Neutral,BJP,0.92995,93.0,strong
9,Tufanganj,20000,92046.95897198848,66901.21158875927,0.97675,0.02325,25145.747383229194,0.0,0.0,0.0,0.015,0.04,neutral,Neutral,BJP,0.97675,97.68,very_strong
10,Kumargram (ST),20000,87985.82428121142,79409.86155949609,0.7359,0.2641,8575.96272171532,0.0,0.0,0.0,0.015,0.04,neutral,Neutral,BJP,0.7359,73.59,likely
11,Kalchini (ST),20000,32213.97315056314,23335.21312394692,0.97805,0.02195,8878.760026616219,0.0,0.0,0.0,0.015,0.04,neutral,Neutral,BJP,0.97805,97.8,very_strong
12,Alipurduars,20000,70056.0951492615,59526.38141323854,0.84345,0.15655,10529.71373602296,0.0,0.0,0.0,0.015,0.04,neutral,Neutral,BJP,0.84345,84.34,strong
13,Falakata,20000,119043.44131221136,114228.5586877886,0.6036,0.3964,4814.882624422741,0.0,0.0,0.0,0.015,0.04,neutral,Neutral,BJP,0.6036,60.36,lean
14,Madarihat,20000,59268.88500406098,39865.04603042192,0.9926,0.0074,19403.83897363906,0.0,0.0,0.0,0.015,0.04,neutral,Neutral,BJP,0.9926,99.26,very_strong
15,Dhupguri (SC),20000,85981.97645088324,82475.4789946616,0.602,0.398,3506.497456221652,0.0,0.0,0.0,0.015,0.04,neutral,Neutral,BJP,0.602,60.2,lean
16,Maynaguri (SC),20000,91137.7339106628,81757.92075035376,0.75115,0.24885,9379.813160309028,0.0,0.0,0.0,0.015,0.04,neutral,Neutral,BJP,0.75115,75.11,likely
17,Jalpaiguri (SC),20000,58785.51477671034,59249.297723289565,0.48125,0.51875,-463.78294657921793,0.0,0.0,0.0,0.015,0.04,neutral,Neutral,TMC,0.51875,51.88,toss_up
18,Rajganj (SC),20000,38444.150134863725,45271.3400612144,0.1569,0.8431,-6827.189926350665,0.0,0.0,0.0,0.015,0.04,neutral,Neutral,TMC,0.8431,84.31,strong
19,Dabgram-Phulbari,20000,49862.42015854961,39142.9250795455,0.93295,0.06705,10719.495079004117,0.0,0.0,0.0,0.015,0.04,neutral,Neutral,BJP,0.93295,93.29,strong
20,Mal (ST),20000,50686.631558432426,49127.36844156755,0.61135,0.38865,1559.263116864872,0.0,0.0,0.0,0.015,0.04,neutral,Neutral,BJP,0.61135,61.14,lean
21,Nagrakata (ST),20000,36006.981070138514,27095.928020770232,0.96015,0.03985,8911.05304936828,0.0,0.0,0.0,0.015,0.04,neutral,Neutral,BJP,0.96015,96.02,very_strong
22,Kalimpong,20000,47195.44190102039,826.5721834837736,1.0,0.0,46368.86971753663,0.0,0.0,0.0,0.015,0.04,neutral,Neutral,BJP,1.0,100.0,very_strong
23,Darjeeling,20000,192236.258783696,34905.74121630322,1.0,0.0,157330.5175673928,0.0,0.0,0.0,0.015,0.04,neutral,Neutral,BJP,1.0,100.0,very_strong
24,Kurseong,20000,186198.1568999814,3170.7571271749043,1.0,0.0,183027.3997728065,0.0,0.0,0.0,0.015,0.04,neutral,Neutral,BJP,1.0,100.0,very_strong
25,Matigara-Naxalbari (SC),20000,129108.54902176197,63719.4412062511,1.0,0.0,65389.10781551087,0.0,0.0,0.0,0.015,0.04,neutral,Neutral,BJP,1.0,100.0,very_strong
26,Siliguri,20000,15735.107381399215,9449.792618600848,0.9993,0.0007,6285.314762798369,0.0,0.0,0.0,0.015,0.04,neutral,Neutral,BJP,0.9993,99.93,very_strong
27,Phansidewa (ST),20000,25709.099339512544,18924.900660487536,0.9715,0.0285,6784.198679025009,0.0,0.0,0.0,0.015,0.04,neutral,Neutral,BJP,0.9715,97.15,very_strong
28,Chopra,20000,60409.957911707534,125739.1217984375,0.0,1.0,-65329.16388672997,0.0,0.0,0.0,0.015,0.04,neutral,Neutral,TMC,1.0,100.0,very_strong
29,Islampur,20000,6656.3984145460245,14721.601585454073,0.0,1.0,-8065.203170908046,0.0,0.0,0.0,0.015,0.04,neutral,Neutral,TMC,1.0,100.0,very_strong
30,Goalpokhar,20000,22374.87405012578,39012.12594987407,0.0,1.0,-16637.251899748288,0.0,0.0,0.0,0.015,0.04,neutral,Neutral,TMC,1.0,100.0,very_strong
31,Chakulia,20000,21917.514299016915,36078.25493175236,0.0009,0.9991,-14160.740632735444,0.0,0.0,0.0,0.015,0.04,neutral,Neutral,TMC,0.9991,99.91,very_strong
32,Karandighi,20000,64278.73953945756,100948.26046054235,0.0,1.0,-36669.5209210848,0.0,0.0,0.0,0.015,0.04,neutral,Neutral,TMC,1.0,100.0,very_strong
33,Hemtabad (SC),20000,59345.330294659325,77352.04007571115,0.051,0.949,-18006.709781051813,0.0,0.0,0.0,0.015,0.04,neutral,Neutral,TMC,0.949,94.9,strong
34,Kaliaganj (SC),20000,145852.96465539277,119521.03534460712,0.8983,0.1017,26331.92931078563,0.0,0.0,0.0,0.015,0.04,neutral,Neutral,BJP,0.8983,89.83,strong
35,Raiganj,20000,26994.761610269743,19976.774104015625,0.96785,0.03215,7017.987506254119,0.0,0.0,0.0,0.015,0.04,neutral,Neutral,BJP,0.96785,96.78,very_strong
36,Itahar,20000,28519.322471458607,46238.24895711247,0.0015,0.9985,-17718.92648565386,0.0,0.0,0.0,0.015,0.04,neutral,Neutral,TMC,0.9985,99.85,very_strong
37,Kushmandi (SC),20000,53576.16599970435,62353.2531619728,0.17445,0.82555,-8777.087162268443,0.0,0.0,0.0,0.015,0.04,neutral,Neutral,TMC,0.82555,82.56,strong
38,Kumarganj,20000,30016.49273135769,44571.50726864237,0.0077,0.9923,-14555.014537284673,0.0,0.0,0.0,0.015,0.04,neutral,Neutral,TMC,0.9923,99.23,very_strong
39,Balurghat,20000,58216.09755383002,47413.35923629331,0.8999,0.1001,10802.7383175367,0.0,0.0,0.0,0.015,0.04,neutral,Neutral,BJP,0.8999,89.99,strong
40,Tapan (ST),20000,58701.04830159773,57545.50591527002,0.5488,0.4512,1155.5423863277078,0.0,0.0,0.0,0.015,0.04,neutral,Neutral,BJP,0.5488,54.88,toss_up
41,Gangarampur (SC),20000,55336.97759149983,52464.60025281164,0.6303,0.3697,2872.377338688189,0.0,0.0,0.0,0.015,0.04,neutral,Neutral,BJP,0.6303,63.03,lean
42,Harirampur,20000,81656.68235563752,106983.68389950624,0.0456,0.9544,-25327.00154386872,0.0,0.0,0.0,0.015,0.04,neutral,Neutral,TMC,0.9544,95.44,very_strong
43,Habibpur (ST),20000,114213.60293252752,90386.20659128229,0.9278,0.0722,23827.39634124524,0.0,0.0,0.0,0.015,0.04,neutral,Neutral,BJP,0.9278,92.78,strong
44,Gazole (SC),20000,102334.3413488732,63058.65865112666,0.99995,5e-05,39275.68269774654,0.0,0.0,0.0,0.015,0.04,neutral,Neutral,BJP,0.99995,100.0,very_strong
45,Chanchal,20000,40855.59338248395,97433.10345009468,0.0,1.0,-56577.51006761074,0.0,0.0,0.0,0.015,0.04,neutral,Neutral,TMC,1.0,100.0,very_strong
46,Harishchandrapur,20000,15042.523675215049,40890.503110499056,0.0,1.0,-25847.979435284007,0.0,0.0,0.0,0.015,0.04,neutral,Neutral,TMC,1.0,100.0,very_strong
47,Malatipur,20000,19741.40978721357,104410.5902127862,0.0,1.0,-84669.18042557263,0.0,0.0,0.0,0.015,0.04,neutral,Neutral,TMC,1.0,100.0,very_strong
48,Ratua,20000,144049.2682152816,76592.73178471811,1.0,0.0,67456.5364305635,0.0,0.0,0.0,0.015,0.04,neutral,Neutral,BJP,1.0,100.0,very_strong
49,Manikchak,20000,195395.16516591684,25018.834834083656,1.0,0.0,170376.3303318332,0.0,0.0,0.0,0.015,0.04,neutral,Neutral,BJP,1.0,100.0,very_strong
50,Maldaha,20000,34403.96036044038,28713.68437640185,0.8703,0.1297,5690.275984038532,0.0,0.0,0.0,0.015,0.04,neutral,Neutral,BJP,0.8703,87.03,strong
51,English Bazar,20000,163761.72933617598,133009.52210891014,0.89975,0.10025,30752.207227265837,0.0,0.0,0.0,0.015,0.04,neutral,Neutral,BJP,0.89975,89.98,strong
52,Mothabari,20000,39735.33569094714,94802.66430905298,0.0,1.0,-55067.32861810584,0.0,0.0,0.0,0.015,0.04,neutral,Neutral,TMC,1.0,100.0,very_strong
53,Sujapur,20000,28385.653504490805,156796.34649550804,0.0,1.0,-128410.69299101723,0.0,0.0,0.0,0.015,0.04,neutral,Neutral,TMC,1.0,100.0,very_strong
54,Baisnabnagar,20000,54243.13118975453,111495.86881024529,0.0,1.0,-57252.73762049074,0.0,0.0,0.0,0.015,0.04,neutral,Neutral,TMC,1.0,100.0,very_strong
1,Mekliganj (SC),20000,38043.1879149316,41181.31208506839,0.31005,0.68995,-3138.1241701367976,0.0,0.0,0.02,0.015,0.04,bjp_moderate,BJP moderate (+2pp),TMC,0.68995,68.99,likely
2,Mathabhanga (SC),20000,84695.0019363023,59967.38825061434,0.9835,0.0165,24727.61368568796,0.0,0.0,0.02,0.015,0.04,bjp_moderate,BJP moderate (+2pp),BJP,0.9835,98.35,very_strong
3,Cooch Behar Uttar (SC),20000,50079.60265201874,40584.753512365285,0.90665,0.09335,9494.84913965345,0.0,0.0,0.02,0.015,0.04,bjp_moderate,BJP moderate (+2pp),BJP,0.90665,90.66,strong
4,Cooch Behar Dakshin,20000,68274.30014333916,59641.84121791705,0.79955,0.20045,8632.458925422108,0.0,0.0,0.02,0.015,0.04,bjp_moderate,BJP moderate (+2pp),BJP,0.79955,79.96,likely
5,Sitalkuchi (SC),20000,17552.59545353426,11946.404546465725,0.9924,0.0076,5606.190907068536,0.0,0.0,0.02,0.015,0.04,bjp_moderate,BJP moderate (+2pp),BJP,0.9924,99.24,very_strong
6,Sitai (SC),20000,57559.60284220013,58136.22324475642,0.4705,0.5295,-576.6204025562882,0.0,0.0,0.02,0.015,0.04,bjp_moderate,BJP moderate (+2pp),TMC,0.5295,52.95,toss_up
7,Dinhata,20000,69531.19138121953,64751.80861878061,0.66775,0.33225,4779.382762438929,0.0,0.0,0.02,0.015,0.04,bjp_moderate,BJP moderate (+2pp),BJP,0.66775,66.77,likely
8,Natabari,20000,90746.06126522207,65956.68197802108,0.97485,0.02515,24789.379287201,0.0,0.0,0.02,0.015,0.04,bjp_moderate,BJP moderate (+2pp),BJP,0.97485,97.48,very_strong
9,Tufanganj,20000,95204.340152438,63743.8304083089,0.99375,0.00625,31460.50974412911,0.0,0.0,0.02,0.015,0.04,bjp_moderate,BJP moderate (+2pp),BJP,0.99375,99.38,very_strong
10,Kumargram (ST),20000,91430.45461846032,75965.23122224801,0.87605,0.12395,15465.223396212305,0.0,0.0,0.02,0.015,0.04,bjp_moderate,BJP moderate (+2pp),BJP,0.87605,87.6,strong
11,Kalchini (ST),20000,33333.8369276558,22215.349346854007,0.99415,0.00585,11118.487580801791,0.0,0.0,0.02,0.015,0.04,bjp_moderate,BJP moderate (+2pp),BJP,0.99415,99.42,very_strong
12,Alipurduars,20000,72571.81893838952,57010.65762411054,0.9329,0.0671,15561.161314278985,0.0,0.0,0.02,0.015,0.04,bjp_moderate,BJP moderate (+2pp),BJP,0.9329,93.29,strong
13,Falakata,20000,123578.29664323128,109693.7033567683,0.76825,0.23175,13884.593286462974,0.0,0.0,0.02,0.015,0.04,bjp_moderate,BJP moderate (+2pp),BJP,0.76825,76.82,likely
14,Madarihat,20000,61298.98148359893,37834.94955088353,0.9984,0.0016,23464.031932715392,0.0,0.0,0.02,0.015,0.04,bjp_moderate,BJP moderate (+2pp),BJP,0.9984,99.84,very_strong
15,Dhupguri (SC),20000,89292.92869520785,79164.52675033647,0.77315,0.22685,10128.40194487139,0.0,0.0,0.02,0.015,0.04,bjp_moderate,BJP moderate (+2pp),BJP,0.77315,77.32,likely
16,Maynaguri (SC),20000,94675.6604454422,78219.99421557464,0.88305,0.11695,16455.666229867566,0.0,0.0,0.02,0.015,0.04,bjp_moderate,BJP moderate (+2pp),BJP,0.88305,88.3,strong
17,Jalpaiguri (SC),20000,61042.64793722647,56992.16456277349,0.6667,0.3333,4050.483374452973,0.0,0.0,0.02,0.015,0.04,bjp_moderate,BJP moderate (+2pp),BJP,0.6667,66.67,likely
18,Rajganj (SC),20000,40131.07083036586,43584.41936571243,0.3,0.7,-3453.348535346568,0.0,0.0,0.02,0.015,0.04,bjp_moderate,BJP moderate (+2pp),TMC,0.7,70.0,likely
19,Dabgram-Phulbari,20000,51596.51504195103,37408.83019614393,0.97775,0.02225,14187.684845807104,0.0,0.0,0.02,0.015,0.04,bjp_moderate,BJP moderate (+2pp),BJP,0.97775,97.78,very_strong
20,Mal (ST),20000,52178.20497610402,47635.79502389605,0.77885,0.22115,4542.409952207977,0.0,0.0,0.02,0.015,0.04,bjp_moderate,BJP moderate (+2pp),BJP,0.77885,77.89,likely
21,Nagrakata (ST),20000,37295.58881954038,25807.32027136866,0.9879,0.0121,11488.268548171724,0.0,0.0,0.02,0.015,0.04,bjp_moderate,BJP moderate (+2pp),BJP,0.9879,98.79,very_strong
22,Kalimpong,20000,47595.733828835175,426.2802556660537,1.0,0.0,47169.45357316912,0.0,0.0,0.02,0.015,0.04,bjp_moderate,BJP moderate (+2pp),BJP,1.0,100.0,very_strong
23,Darjeeling,20000,194227.6846316154,32914.31536838405,1.0,0.0,161313.36926323135,0.0,0.0,0.02,0.015,0.04,bjp_moderate,BJP moderate (+2pp),BJP,1.0,100.0,very_strong
24,Kurseong,20000,187664.89983308985,1704.0141940716726,1.0,0.0,185960.88563901815,0.0,0.0,0.02,0.015,0.04,bjp_moderate,BJP moderate (+2pp),BJP,1.0,100.0,very_strong
25,Matigara-Naxalbari (SC),20000,132972.3507451985,59855.63948281466,1.0,0.0,73116.71126238383,0.0,0.0,0.02,0.015,0.04,bjp_moderate,BJP moderate (+2pp),BJP,1.0,100.0,very_strong
26,Siliguri,20000,16228.624851661563,8956.275148338378,0.99975,0.00025,7272.349703323184,0.0,0.0,0.02,0.015,0.04,bjp_moderate,BJP moderate (+2pp),BJP,0.99975,99.98,very_strong
27,Phansidewa (ST),20000,26568.235322530803,18065.764677469146,0.9911,0.0089,8502.470645061658,0.0,0.0,0.02,0.015,0.04,bjp_moderate,BJP moderate (+2pp),BJP,0.9911,99.11,very_strong
28,Chopra,20000,64070.76824483726,122078.31146530792,0.0,1.0,-58007.54322047067,0.0,0.0,0.02,0.015,0.04,bjp_moderate,BJP moderate (+2pp),TMC,1.0,100.0,very_strong
29,Islampur,20000,7034.277868223878,14343.72213177607,0.0,1.0,-7309.444263552194,0.0,0.0,0.02,0.015,0.04,bjp_moderate,BJP moderate (+2pp),TMC,1.0,100.0,very_strong
30,Goalpokhar,20000,23287.068877490463,38099.93112250927,0.0003,0.9997,-14812.8622450188,0.0,0.0,0.02,0.015,0.04,bjp_moderate,BJP moderate (+2pp),TMC,0.9997,99.97,very_strong
31,Chakulia,20000,23105.15417084012,34890.61505992937,0.0047,0.9953,-11785.460889089254,0.0,0.0,0.02,0.015,0.04,bjp_moderate,BJP moderate (+2pp),TMC,0.9953,99.53,very_strong
32,Karandighi,20000,66230.71241264095,98996.28758735867,0.0,1.0,-32765.57517471773,0.0,0.0,0.02,0.015,0.04,bjp_moderate,BJP moderate (+2pp),TMC,1.0,100.0,very_strong
33,Hemtabad (SC),20000,62019.28704284449,74678.08332752512,0.1238,0.8762,-12658.79628468063,0.0,0.0,0.02,0.015,0.04,bjp_moderate,BJP moderate (+2pp),TMC,0.8762,87.62,strong
34,Kaliaganj (SC),20000,150967.2647997477,114406.735200252,0.9617,0.0383,36560.5295994957,0.0,0.0,0.02,0.015,0.04,bjp_moderate,BJP moderate (+2pp),BJP,0.9617,96.17,very_strong
35,Raiganj,20000,27945.17233072691,19026.36338355913,0.9913,0.0087,8918.808947167776,0.0,0.0,0.02,0.015,0.04,bjp_moderate,BJP moderate (+2pp),BJP,0.9913,99.13,very_strong
36,Itahar,20000,30040.885405514724,44716.68602305661,0.0085,0.9915,-14675.800617541883,0.0,0.0,0.02,0.015,0.04,bjp_moderate,BJP moderate (+2pp),TMC,0.9915,99.15,very_strong
37,Kushmandi (SC),20000,55886.17994690646,60043.23921477009,0.32695,0.67305,-4157.059267863631,0.0,0.0,0.02,0.015,0.04,bjp_moderate,BJP moderate (+2pp),TMC,0.67305,67.31,likely
38,Kumarganj,20000,31466.728155122797,43121.27184487739,0.02625,0.97375,-11654.5436897546,0.0,0.0,0.02,0.015,0.04,bjp_moderate,BJP moderate (+2pp),TMC,0.97375,97.38,very_strong
39,Balurghat,20000,60345.51351326891,45283.94327685464,0.9629,0.0371,15061.57023641427,0.0,0.0,0.02,0.015,0.04,bjp_moderate,BJP moderate (+2pp),BJP,0.9629,96.29,very_strong
40,Tapan (ST),20000,60968.761103930425,55277.79311293677,0.72875,0.27125,5690.967990993655,0.0,0.0,0.02,0.015,0.04,bjp_moderate,BJP moderate (+2pp),BJP,0.72875,72.88,likely
41,Gangarampur (SC),20000,57472.823669570935,50328.75417474072,0.7948,0.2052,7144.069494830209,0.0,0.0,0.02,0.015,0.04,bjp_moderate,BJP moderate (+2pp),BJP,0.7948,79.48,likely
42,Harirampur,20000,85427.2404956038,103213.12575954072,0.1195,0.8805,-17785.885263936914,0.0,0.0,0.02,0.015,0.04,bjp_moderate,BJP moderate (+2pp),TMC,0.8805,88.05,strong
43,Habibpur (ST),20000,118302.72702591593,86297.08249789354,0.97425,0.02575,32005.64452802237,0.0,0.0,0.02,0.015,0.04,bjp_moderate,BJP moderate (+2pp),BJP,0.97425,97.42,very_strong
44,Gazole (SC),20000,104770.6565078174,60622.34349218308,1.0,0.0,44148.31301563431,0.0,0.0,0.02,0.015,0.04,bjp_moderate,BJP moderate (+2pp),BJP,1.0,100.0,very_strong
45,Chanchal,20000,43616.95109317084,94671.74573940874,0.0,1.0,-51054.794646237904,0.0,0.0,0.02,0.015,0.04,bjp_moderate,BJP moderate (+2pp),TMC,1.0,100.0,very_strong
46,Harishchandrapur,20000,16135.82002989164,39797.20675582263,0.0,1.0,-23661.386725930995,0.0,0.0,0.02,0.015,0.04,bjp_moderate,BJP moderate (+2pp),TMC,1.0,100.0,very_strong
47,Malatipur,20000,21822.5394264882,102329.46057351204,0.0,1.0,-80506.92114702384,0.0,0.0,0.02,0.015,0.04,bjp_moderate,BJP moderate (+2pp),TMC,1.0,100.0,very_strong
48,Ratua,20000,147098.163053334,73543.83694666508,1.0,0.0,73554.32610666893,0.0,0.0,0.02,0.015,0.04,bjp_moderate,BJP moderate (+2pp),BJP,1.0,100.0,very_strong
49,Manikchak,20000,198381.5318332327,22032.468166766623,1.0,0.0,176349.0636664661,0.0,0.0,0.02,0.015,0.04,bjp_moderate,BJP moderate (+2pp),BJP,1.0,100.0,very_strong
50,Maldaha,20000,35724.84477596304,27392.799960879107,0.9516,0.0484,8332.044815083933,0.0,0.0,0.02,0.015,0.04,bjp_moderate,BJP moderate (+2pp),BJP,0.9516,95.16,very_strong
51,English Bazar,20000,169699.4456341374,127071.80581094888,0.9595,0.0405,42627.63982318855,0.0,0.0,0.02,0.015,0.04,bjp_moderate,BJP moderate (+2pp),BJP,0.9595,95.95,very_strong
52,Mothabari,20000,42428.51359601262,92109.48640398738,0.0,1.0,-49680.97280797476,0.0,0.0,0.02,0.015,0.04,bjp_moderate,BJP moderate (+2pp),TMC,1.0,100.0,very_strong
53,Sujapur,20000,30548.769443137186,154633.23055686208,0.0,1.0,-124084.4611137249,0.0,0.0,0.02,0.015,0.04,bjp_moderate,BJP moderate (+2pp),TMC,1.0,100.0,very_strong
54,Baisnabnagar,20000,57199.79228200403,108539.20771799568,0.0,1.0,-51339.41543599164,0.0,0.0,0.02,0.015,0.04,bjp_moderate,BJP moderate (+2pp),TMC,1.0,100.0,very_strong
1,Mekliganj (SC),20000,39631.9729173651,39592.52708263489,0.5069,0.4931,39.44583473020196,0.0,0.0,0.04,0.015,0.04,bjp_surge,BJP surge (+4pp),BJP,0.5069,50.69,toss_up
2,Mathabhanga (SC),20000,87556.03789447309,57106.35229244301,0.99465,0.00535,30449.685602030077,0.0,0.0,0.04,0.015,0.04,bjp_surge,BJP surge (+4pp),BJP,0.99465,99.46,very_strong
3,Cooch Behar Uttar (SC),20000,51894.14748554254,38770.20867884062,0.96405,0.03595,13123.938806701915,0.0,0.0,0.04,0.015,0.04,bjp_surge,BJP surge (+4pp),BJP,0.96405,96.4,very_strong
4,Cooch Behar Dakshin,20000,70889.72724215889,57026.41411909822,0.909,0.091,13863.313123060669,0.0,0.0,0.04,0.015,0.04,bjp_surge,BJP surge (+4pp),BJP,0.909,90.9,strong
5,Sitalkuchi (SC),20000,18135.63366045865,11363.366339541391,0.998,0.002,6772.267320917259,0.0,0.0,0.04,0.015,0.04,bjp_surge,BJP surge (+4pp),BJP,0.998,99.8,very_strong
6,Sitai (SC),20000,59838.77368192098,55857.05240503523,0.66605,0.33395,3981.721276885748,0.0,0.0,0.04,0.015,0.04,bjp_surge,BJP surge (+4pp),BJP,0.66605,66.6,likely
7,Dinhata,20000,72080.56884745554,62202.43115254437,0.82155,0.17845,9878.137694911173,0.0,0.0,0.04,0.015,0.04,bjp_surge,BJP surge (+4pp),BJP,0.82155,82.16,strong
8,Natabari,20000,93787.5378047636,62915.20543848023,0.99295,0.00705,30872.33236628336,0.0,0.0,0.04,0.015,0.04,bjp_surge,BJP surge (+4pp),BJP,0.99295,99.3,very_strong
9,Tufanganj,20000,98415.88129455976,60532.28926618804,0.9985,0.0015,37883.59202837171,0.0,0.0,0.04,0.015,0.04,bjp_surge,BJP surge (+4pp),BJP,0.9985,99.85,very_strong
10,Kumargram (ST),20000,94752.58477720886,72643.10106349942,0.94795,0.05205,22109.48371370944,0.0,0.0,0.04,0.015,0.04,bjp_surge,BJP surge (+4pp),BJP,0.94795,94.8,strong
11,Kalchini (ST),20000,34461.07128868324,21088.11498582641,0.9987,0.0013,13372.95630285683,0.0,0.0,0.04,0.015,0.04,bjp_surge,BJP surge (+4pp),BJP,0.9987,99.87,very_strong
12,Alipurduars,20000,75194.38164291324,54388.09491958675,0.978,0.022,20806.28672332649,0.0,0.0,0.04,0.015,0.04,bjp_surge,BJP surge (+4pp),BJP,0.978,97.8,very_strong
13,Falakata,20000,128287.29268553149,104984.70731446888,0.8934,0.1066,23302.5853710626,0.0,0.0,0.04,0.015,0.04,bjp_surge,BJP surge (+4pp),BJP,0.8934,89.34,strong
14,Madarihat,20000,63222.59563871615,35911.33539576668,0.9999,0.0001,27311.260242949476,0.0,0.0,0.04,0.015,0.04,bjp_surge,BJP surge (+4pp),BJP,0.9999,99.99,very_strong
15,Dhupguri (SC),20000,92711.18175281095,75746.27369273346,0.8951,0.1049,16964.908060077487,0.0,0.0,0.04,0.015,0.04,bjp_surge,BJP surge (+4pp),BJP,0.8951,89.51,strong
16,Maynaguri (SC),20000,98127.62214566444,74768.03251535201,0.9534,0.0466,23359.589630312417,0.0,0.0,0.04,0.015,0.04,bjp_surge,BJP surge (+4pp),BJP,0.9534,95.34,very_strong
17,Jalpaiguri (SC),20000,63508.47623274836,54526.33626725157,0.8274,0.1726,8982.139965496779,0.0,0.0,0.04,0.015,0.04,bjp_surge,BJP surge (+4pp),BJP,0.8274,82.74,strong
18,Rajganj (SC),20000,41815.0451444732,41900.44505160526,0.49575,0.50425,-85.3999071320653,0.0,0.0,0.04,0.015,0.04,bjp_surge,BJP surge (+4pp),TMC,0.50425,50.42,toss_up
19,Dabgram-Phulbari,20000,53387.77357534929,35617.57166274575,0.9943,0.0057,17770.201912603537,0.0,0.0,0.04,0.015,0.04,bjp_surge,BJP surge (+4pp),BJP,0.9943,99.43,very_strong
20,Mal (ST),20000,53695.37731330893,46118.6226866912,0.8989,0.1011,7576.754626617736,0.0,0.0,0.04,0.015,0.04,bjp_surge,BJP surge (+4pp),BJP,0.8989,89.89,strong
21,Nagrakata (ST),20000,38560.90118073323,24542.007910175933,0.9964,0.0036,14018.893270557292,0.0,0.0,0.04,0.015,0.04,bjp_surge,BJP surge (+4pp),BJP,0.9964,99.64,very_strong
22,Kalimpong,20000,47837.2783649312,184.73571956639245,1.0,0.0,47652.54264536481,0.0,0.0,0.04,0.015,0.04,bjp_surge,BJP surge (+4pp),BJP,1.0,100.0,very_strong
23,Darjeeling,20000,195660.18274336835,31481.81725663262,1.0,0.0,164178.3654867357,0.0,0.0,0.04,0.015,0.04,bjp_surge,BJP surge (+4pp),BJP,1.0,100.0,very_strong
24,Kurseong,20000,188603.5271260084,765.3869011593524,1.0,0.0,187838.14022484905,0.0,0.0,0.04,0.015,0.04,bjp_surge,BJP surge (+4pp),BJP,1.0,100.0,very_strong
25,Matigara-Naxalbari (SC),20000,136923.56031759508,55904.42991041779,1.0,0.0,81019.13040717728,0.0,0.0,0.04,0.015,0.04,bjp_surge,BJP surge (+4pp),BJP,1.0,100.0,very_strong
26,Siliguri,20000,16725.367107900078,8459.532892099924,1.0,0.0,8265.834215800154,0.0,0.0,0.04,0.015,0.04,bjp_surge,BJP surge (+4pp),BJP,1.0,100.0,very_strong
27,Phansidewa (ST),20000,27490.04374414211,17143.956255857807,0.99775,0.00225,10346.087488284302,0.0,0.0,0.04,0.015,0.04,bjp_surge,BJP surge (+4pp),BJP,0.99775,99.78,very_strong
28,Chopra,20000,67823.46208003582,118325.61763010944,0.0003,0.9997,-50502.15555007364,0.0,0.0,0.04,0.015,0.04,bjp_surge,BJP surge (+4pp),TMC,0.9997,99.97,very_strong
29,Islampur,20000,7433.762556977364,13944.237443022674,5e-05,0.99995,-6510.47488604531,0.0,0.0,0.04,0.015,0.04,bjp_surge,BJP surge (+4pp),TMC,0.99995,100.0,very_strong
30,Goalpokhar,20000,24261.72002573068,37125.27997426917,0.00175,0.99825,-12863.559948538494,0.0,0.0,0.04,0.015,0.04,bjp_surge,BJP surge (+4pp),TMC,0.99825,99.82,very_strong
31,Chakulia,20000,24261.452697543253,33734.316533225865,0.0194,0.9806,-9472.86383568261,0.0,0.0,0.04,0.015,0.04,bjp_surge,BJP surge (+4pp),TMC,0.9806,98.06,very_strong
32,Karandighi,20000,68254.85514658598,96972.14485341385,0.00025,0.99975,-28717.28970682785,0.0,0.0,0.04,0.015,0.04,bjp_surge,BJP surge (+4pp),TMC,0.99975,99.98,very_strong
33,Hemtabad (SC),20000,64739.43778503122,71957.93258533959,0.2548,0.7452,-7218.494800308359,0.0,0.0,0.04,0.015,0.04,bjp_surge,BJP surge (+4pp),TMC,0.7452,74.52,likely
34,Kaliaganj (SC),20000,156372.74204598158,109001.25795401816,0.9885,0.0115,47371.48409196341,0.0,0.0,0.04,0.015,0.04,bjp_surge,BJP surge (+4pp),BJP,0.9885,98.85,very_strong
35,Raiganj,20000,28872.309227046757,18099.2264872387,0.99775,0.00225,10773.082739808053,0.0,0.0,0.04,0.015,0.04,bjp_surge,BJP surge (+4pp),BJP,0.99775,99.78,very_strong
36,Itahar,20000,31486.21393022088,43271.35749835015,0.0242,0.9758,-11785.143568129266,0.0,0.0,0.04,0.015,0.04,bjp_surge,BJP surge (+4pp),TMC,0.9758,97.58,very_strong
37,Kushmandi (SC),20000,58274.82155803134,57654.59760364496,0.52495,0.47505,620.2239543863892,0.0,0.0,0.04,0.015,0.04,bjp_surge,BJP surge (+4pp),BJP,0.52495,52.5,toss_up
38,Kumarganj,20000,32965.42101857314,41622.57898142703,0.0704,0.9296,-8657.157962853884,0.0,0.0,0.04,0.015,0.04,bjp_surge,BJP surge (+4pp),TMC,0.9296,92.96,strong
39,Balurghat,20000,62443.97703253553,43185.47975758775,0.98895,0.01105,19258.497274947786,0.0,0.0,0.04,0.015,0.04,bjp_surge,BJP surge (+4pp),BJP,0.98895,98.9,very_strong
40,Tapan (ST),20000,63339.04508596785,52907.50913089928,0.87,0.13,10431.535955068575,0.0,0.0,0.04,0.015,0.04,bjp_surge,BJP surge (+4pp),BJP,0.87,87.0,strong
41,Gangarampur (SC),20000,59646.89641780219,48154.68142650896,0.9103,0.0897,11492.214991293233,0.0,0.0,0.04,0.015,0.04,bjp_surge,BJP surge (+4pp),BJP,0.9103,91.03,strong
42,Harirampur,20000,89256.80121986456,99383.56503527943,0.25035,0.74965,-10126.76381541487,0.0,0.0,0.04,0.015,0.04,bjp_surge,BJP surge (+4pp),TMC,0.74965,74.96,likely
43,Habibpur (ST),20000,122304.33575615872,82295.47376765168,0.9938,0.0062,40008.86198850706,0.0,0.0,0.04,0.015,0.04,bjp_surge,BJP surge (+4pp),BJP,0.9938,99.38,very_strong
44,Gazole (SC),20000,107213.06045801227,58179.93954198776,1.0,0.0,49033.12091602452,0.0,0.0,0.04,0.015,0.04,bjp_surge,BJP surge (+4pp),BJP,1.0,100.0,very_strong
45,Chanchal,20000,46411.86412173171,91876.83271084711,5e-05,0.99995,-45464.968589115415,0.0,0.0,0.04,0.015,0.04,bjp_surge,BJP surge (+4pp),TMC,0.99995,100.0,very_strong
46,Harishchandrapur,20000,17279.382668464976,38653.64411724911,0.0,1.0,-21374.26144878414,0.0,0.0,0.04,0.015,0.04,bjp_surge,BJP surge (+4pp),TMC,1.0,100.0,very_strong
47,Malatipur,20000,24063.06422073776,100088.93577926238,0.0,1.0,-76025.87155852461,0.0,0.0,0.04,0.015,0.04,bjp_surge,BJP surge (+4pp),TMC,1.0,100.0,very_strong
48,Ratua,20000,149876.5513889964,70765.44861100396,1.0,0.0,79111.10277799243,0.0,0.0,0.04,0.015,0.04,bjp_surge,BJP surge (+4pp),BJP,1.0,100.0,very_strong
49,Manikchak,20000,200851.76592654455,19562.23407345481,1.0,0.0,181289.53185308975,0.0,0.0,0.04,0.015,0.04,bjp_surge,BJP surge (+4pp),BJP,1.0,100.0,very_strong
50,Maldaha,20000,36929.30455072369,26188.34018611815,0.9827,0.0173,10740.964364605545,0.0,0.0,0.04,0.015,0.04,bjp_surge,BJP surge (+4pp),BJP,0.9827,98.27,very_strong
51,English Bazar,20000,175606.4330674307,121164.81837765516,0.98855,0.01145,54441.61468977556,0.0,0.0,0.04,0.015,0.04,bjp_surge,BJP surge (+4pp),BJP,0.98855,98.86,very_strong
52,Mothabari,20000,45052.04348794145,89485.95651205807,0.0,1.0,-44433.91302411661,0.0,0.0,0.04,0.015,0.04,bjp_surge,BJP surge (+4pp),TMC,1.0,100.0,very_strong
53,Sujapur,20000,33053.592043156605,152128.407956844,0.0,1.0,-119074.8159136874,0.0,0.0,0.04,0.015,0.04,bjp_surge,BJP surge (+4pp),TMC,1.0,100.0,very_strong
54,Baisnabnagar,20000,60308.49650876166,105430.50349123852,5e-05,0.99995,-45122.00698247686,0.0,0.0,0.04,0.015,0.04,bjp_surge,BJP surge (+4pp),TMC,0.99995,100.0,very_strong
1,Mekliganj (SC),20000,34068.56544293885,45155.9345570614,0.0395,0.9605,-11087.36911412254,0.0,0.0,-0.03,0.015,0.04,tmc_consolidation,TMC consolidation (-3pp),TMC,0.9605,96.05,very_strong
2,Mathabhanga (SC),20000,77426.79133566776,67235.59885124872,0.8075,0.1925,10191.192484419047,0.0,0.0,-0.03,0.015,0.04,tmc_consolidation,TMC consolidation (-3pp),BJP,0.8075,80.75,strong
3,Cooch Behar Uttar (SC),20000,45518.8660407249,45145.49012365843,0.5222,0.4778,373.37591706647873,0.0,0.0,-0.03,0.015,0.04,tmc_consolidation,TMC consolidation (-3pp),BJP,0.5222,52.22,toss_up
4,Cooch Behar Dakshin,20000,61841.49940425025,66074.64195700607,0.33845,0.66155,-4233.1425527558085,0.0,0.0,-0.03,0.015,0.04,tmc_consolidation,TMC consolidation (-3pp),TMC,0.66155,66.16,likely
5,Sitalkuchi (SC),20000,16078.096433194176,13420.903566805891,0.8672,0.1328,2657.192866388284,0.0,0.0,-0.03,0.015,0.04,tmc_consolidation,TMC consolidation (-3pp),BJP,0.8672,86.72,strong
6,Sitai (SC),20000,51791.47357785684,63904.352509099816,0.0945,0.9055,-12112.878931242984,0.0,0.0,-0.03,0.015,0.04,tmc_consolidation,TMC consolidation (-3pp),TMC,0.9055,90.55,strong
7,Dinhata,20000,63429.23514127667,70853.76485872315,0.20465,0.79535,-7424.529717446482,0.0,0.0,-0.03,0.015,0.04,tmc_consolidation,TMC consolidation (-3pp),TMC,0.79535,79.54,likely
8,Natabari,20000,82796.00180651208,73906.7414367312,0.7585,0.2415,8889.260369780874,0.0,0.0,-0.03,0.015,0.04,tmc_consolidation,TMC consolidation (-3pp),BJP,0.7585,75.85,likely
9,Tufanganj,20000,87249.4831827895,71698.687377959,0.88805,0.11195,15550.795804830492,0.0,0.0,-0.03,0.015,0.04,tmc_consolidation,TMC consolidation (-3pp),BJP,0.88805,88.8,strong
10,Kumargram (ST),20000,83024.22612299342,84371.45971771445,0.4605,0.5395,-1347.2335947210192,0.0,0.0,-0.03,0.015,0.04,tmc_consolidation,TMC consolidation (-3pp),TMC,0.5395,53.95,toss_up
11,Kalchini (ST),20000,30571.85860828158,24977.32766622829,0.89595,0.10405,5594.530942053285,0.0,0.0,-0.03,0.015,0.04,tmc_consolidation,TMC consolidation (-3pp),BJP,0.89595,89.6,strong
12,Alipurduars,20000,66118.73403117894,63463.74253132101,0.60405,0.39595,2654.9914998579266,0.0,0.0,-0.03,0.015,0.04,tmc_consolidation,TMC consolidation (-3pp),BJP,0.60405,60.4,lean
13,Falakata,20000,111986.33130661036,121285.66869338937,0.30855,0.69145,-9299.337386778998,0.0,0.0,-0.03,0.015,0.04,tmc_consolidation,TMC consolidation (-3pp),TMC,0.69145,69.14,likely
14,Madarihat,20000,56348.627977951255,42785.30305653165,0.95695,0.04305,13563.32492141961,0.0,0.0,-0.03,0.015,0.04,tmc_consolidation,TMC consolidation (-3pp),BJP,0.95695,95.7,very_strong
15,Dhupguri (SC),20000,80987.59437722387,87469.8610683215,0.3132,0.6868,-6482.266691097617,0.0,0.0,-0.03,0.015,0.04,tmc_consolidation,TMC consolidation (-3pp),TMC,0.6868,68.68,likely
16,Maynaguri (SC),20000,85969.9010487659,86925.75361225006,0.4745,0.5255,-955.852563484156,0.0,0.0,-0.03,0.015,0.04,tmc_consolidation,TMC consolidation (-3pp),TMC,0.5255,52.55,toss_up
17,Jalpaiguri (SC),20000,55213.90069351857,62820.91180648087,0.2123,0.7877,-7607.011112962306,0.0,0.0,-0.03,0.015,0.04,tmc_consolidation,TMC consolidation (-3pp),TMC,0.7877,78.77,likely
18,Rajganj (SC),20000,35947.318716738526,47768.17147933992,0.04005,0.95995,-11820.852762601387,0.0,0.0,-0.03,0.015,0.04,tmc_consolidation,TMC consolidation (-3pp),TMC,0.95995,95.99,very_strong
19,Dabgram-Phulbari,20000,47137.38272313282,41867.96251496239,0.7697,0.2303,5269.420208170426,0.0,0.0,-0.03,0.015,0.04,tmc_consolidation,TMC consolidation (-3pp),BJP,0.7697,76.97,likely
20,Mal (ST),20000,48339.35655783984,51474.64344216021,0.31575,0.68425,-3135.2868843203723,0.0,0.0,-0.03,0.015,0.04,tmc_consolidation,TMC consolidation (-3pp),TMC,0.68425,68.42,likely
21,Nagrakata (ST),20000,34127.00876788209,28975.900323026966,0.84655,0.15345,5151.108444855124,0.0,0.0,-0.03,0.015,0.04,tmc_consolidation,TMC consolidation (-3pp),BJP,0.84655,84.66,strong
22,Kalimpong,20000,46270.05346078835,1751.960623718052,1.0,0.0,44518.0928370703,0.0,0.0,-0.03,0.015,0.04,tmc_consolidation,TMC consolidation (-3pp),BJP,1.0,100.0,very_strong
23,Darjeeling,20000,188244.99925308884,38897.00074691141,1.0,0.0,149347.99850617745,0.0,0.0,-0.03,0.015,0.04,tmc_consolidation,TMC consolidation (-3pp),BJP,1.0,100.0,very_strong
24,Kurseong,20000,182532.8365877256,6836.077439424246,1.0,0.0,175696.7591483013,0.0,0.0,-0.03,0.015,0.04,tmc_consolidation,TMC consolidation (-3pp),BJP,1.0,100.0,very_strong
25,Matigara-Naxalbari (SC),20000,123379.95995084314,69448.03027716954,0.99985,0.00015,53931.92967367359,0.0,0.0,-0.03,0.015,0.04,tmc_consolidation,TMC consolidation (-3pp),BJP,0.99985,99.98,very_strong
26,Siliguri,20000,14973.911025681768,10210.988974318268,0.9914,0.0086,4762.922051363498,0.0,0.0,-0.03,0.015,0.04,tmc_consolidation,TMC consolidation (-3pp),BJP,0.9914,99.14,very_strong
27,Phansidewa (ST),20000,24355.88972359712,20278.11027640283,0.8712,0.1288,4077.779447194287,0.0,0.0,-0.03,0.015,0.04,tmc_consolidation,TMC consolidation (-3pp),BJP,0.8712,87.12,strong
28,Chopra,20000,54751.00812815447,131398.07158198996,0.0,1.0,-76647.0634538355,0.0,0.0,-0.03,0.015,0.04,tmc_consolidation,TMC consolidation (-3pp),TMC,1.0,100.0,very_strong
29,Islampur,20000,6149.693457911906,15228.30654208808,0.0,1.0,-9078.613084176171,0.0,0.0,-0.03,0.015,0.04,tmc_consolidation,TMC consolidation (-3pp),TMC,1.0,100.0,very_strong
30,Goalpokhar,20000,21215.0780017001,40171.92199829987,0.0,1.0,-18956.84399659977,0.0,0.0,-0.03,0.015,0.04,tmc_consolidation,TMC consolidation (-3pp),TMC,1.0,100.0,very_strong
31,Chakulia,20000,20193.15333324617,37802.61589752303,5e-05,0.99995,-17609.462564276862,0.0,0.0,-0.03,0.015,0.04,tmc_consolidation,TMC consolidation (-3pp),TMC,0.99995,100.0,very_strong
32,Karandighi,20000,61739.73341848538,103487.26658151382,0.0,1.0,-41747.53316302844,0.0,0.0,-0.03,0.015,0.04,tmc_consolidation,TMC consolidation (-3pp),TMC,1.0,100.0,very_strong
33,Hemtabad (SC),20000,55202.59627767275,81494.77409269751,0.0076,0.9924,-26292.17781502477,0.0,0.0,-0.03,0.015,0.04,tmc_consolidation,TMC consolidation (-3pp),TMC,0.9924,99.24,very_strong
34,Kaliaganj (SC),20000,138137.1780482391,127236.82195176068,0.70215,0.29785,10900.356096478414,0.0,0.0,-0.03,0.015,0.04,tmc_consolidation,TMC consolidation (-3pp),BJP,0.70215,70.22,likely
35,Raiganj,20000,25596.418017182816,21375.117697103207,0.8659,0.1341,4221.300320079607,0.0,0.0,-0.03,0.015,0.04,tmc_consolidation,TMC consolidation (-3pp),BJP,0.8659,86.59,strong
36,Itahar,20000,26261.83521026702,48495.73621830426,5e-05,0.99995,-22233.901008037243,0.0,0.0,-0.03,0.015,0.04,tmc_consolidation,TMC consolidation (-3pp),TMC,0.99995,100.0,very_strong
37,Kushmandi (SC),20000,50146.22055086954,65783.19861080732,0.04655,0.95345,-15636.97805993778,0.0,0.0,-0.03,0.015,0.04,tmc_consolidation,TMC consolidation (-3pp),TMC,0.95345,95.34,very_strong
38,Kumarganj,20000,27757.08844396698,46830.911556032894,0.0008,0.9992,-19073.82311206591,0.0,0.0,-0.03,0.015,0.04,tmc_consolidation,TMC consolidation (-3pp),TMC,0.9992,99.92,very_strong
39,Balurghat,20000,55038.983268579,50590.47352154475,0.70045,0.29955,4448.509747034246,0.0,0.0,-0.03,0.015,0.04,tmc_consolidation,TMC consolidation (-3pp),BJP,0.70045,70.04,likely
40,Tapan (ST),20000,55203.78177312349,61042.77244374404,0.26965,0.73035,-5838.990670620548,0.0,0.0,-0.03,0.015,0.04,tmc_consolidation,TMC consolidation (-3pp),TMC,0.73035,73.04,likely
41,Gangarampur (SC),20000,52140.228247139,55661.3495971727,0.34025,0.65975,-3521.1213500337003,0.0,0.0,-0.03,0.015,0.04,tmc_consolidation,TMC consolidation (-3pp),TMC,0.65975,65.97,likely
42,Harirampur,20000,75984.08669415281,112656.2795609902,0.008,0.992,-36672.19286683738,0.0,0.0,-0.03,0.015,0.04,tmc_consolidation,TMC consolidation (-3pp),TMC,0.992,99.2,very_strong
43,Habibpur (ST),20000,108012.9294890802,96586.880034729,0.75395,0.24605,11426.049454351174,0.0,0.0,-0.03,0.015,0.04,tmc_consolidation,TMC consolidation (-3pp),BJP,0.75395,75.4,likely
44,Gazole (SC),20000,98642.56817558622,66750.43182441372,0.999,0.001,31892.136351172496,0.0,0.0,-0.03,0.015,0.04,tmc_consolidation,TMC consolidation (-3pp),BJP,0.999,99.9,very_strong
45,Chanchal,20000,36663.47420898962,101625.22262358978,0.0,1.0,-64961.74841460018,0.0,0.0,-0.03,0.015,0.04,tmc_consolidation,TMC consolidation (-3pp),TMC,1.0,100.0,very_strong
46,Harishchandrapur,20000,13361.085794633564,42571.94099108056,0.0,1.0,-29210.855196447003,0.0,0.0,-0.03,0.015,0.04,tmc_consolidation,TMC consolidation (-3pp),TMC,1.0,100.0,very_strong
47,Malatipur,20000,17060.286077151166,107091.71392284888,0.0,1.0,-90031.4278456977,0.0,0.0,-0.03,0.015,0.04,tmc_consolidation,TMC consolidation (-3pp),TMC,1.0,100.0,very_strong
48,Ratua,20000,139149.98366310363,81492.01633689657,1.0,0.0,57657.96732620705,0.0,0.0,-0.03,0.015,0.04,tmc_consolidation,TMC consolidation (-3pp),BJP,1.0,100.0,very_strong
49,Manikchak,20000,190216.79913359787,30197.200866402072,1.0,0.0,160019.5982671958,0.0,0.0,-0.03,0.015,0.04,tmc_consolidation,TMC consolidation (-3pp),BJP,1.0,100.0,very_strong
50,Maldaha,20000,32500.19486842779,30617.44986841424,0.643,0.357,1882.745000013548,0.0,0.0,-0.03,0.015,0.04,tmc_consolidation,TMC consolidation (-3pp),BJP,0.643,64.3,lean
51,English Bazar,20000,154674.3815840236,142096.8698610633,0.70315,0.29685,12577.511722960306,0.0,0.0,-0.03,0.015,0.04,tmc_consolidation,TMC consolidation (-3pp),BJP,0.70315,70.32,likely
52,Mothabari,20000,35717.5765080366,98820.423491963,0.0,1.0,-63102.846983926414,0.0,0.0,-0.03,0.015,0.04,tmc_consolidation,TMC consolidation (-3pp),TMC,1.0,100.0,very_strong
53,Sujapur,20000,26106.231780315848,159075.76821968387,0.0,1.0,-132969.536439368,0.0,0.0,-0.03,0.015,0.04,tmc_consolidation,TMC consolidation (-3pp),TMC,1.0,100.0,very_strong
54,Baisnabnagar,20000,50024.68723523511,115714.3127647656,0.0,1.0,-65689.62552953047,0.0,0.0,-0.03,0.015,0.04,tmc_consolidation,TMC consolidation (-3pp),TMC,1.0,100.0,very_strong
1,Mekliganj (SC),20000,32511.312812005825,46713.18718799424,0.01365,0.98635,-14201.874375988418,0.0,0.0,-0.05,0.015,0.04,tmc_defence,TMC defence (-5pp),TMC,0.98635,98.64,very_strong
2,Mathabhanga (SC),20000,74601.36362893938,70061.02655797599,0.6522,0.3478,4540.337070963395,0.0,0.0,-0.05,0.015,0.04,tmc_defence,TMC defence (-5pp),BJP,0.6522,65.22,likely
3,Cooch Behar Uttar (SC),20000,43745.73794646654,46918.6182179168,0.33165,0.66835,-3172.8802714502517,0.0,0.0,-0.05,0.015,0.04,tmc_defence,TMC defence (-5pp),TMC,0.66835,66.83,likely
4,Cooch Behar Dakshin,20000,59324.43287736327,68591.70848389342,0.1809,0.8191,-9267.275606530156,0.0,0.0,-0.05,0.015,0.04,tmc_defence,TMC defence (-5pp),TMC,0.8191,81.91,strong
5,Sitalkuchi (SC),20000,15504.832820247771,13994.16717975216,0.7388,0.2612,1510.6656404956102,0.0,0.0,-0.05,0.015,0.04,tmc_defence,TMC defence (-5pp),BJP,0.7388,73.88,likely
6,Sitai (SC),20000,49427.20137038087,66268.6247165758,0.0347,0.9653,-16841.423346194933,0.0,0.0,-0.05,0.015,0.04,tmc_defence,TMC defence (-5pp),TMC,0.9653,96.53,very_strong
7,Dinhata,20000,61145.857360473696,73137.14263952652,0.09065,0.90935,-11991.28527905283,0.0,0.0,-0.05,0.015,0.04,tmc_defence,TMC defence (-5pp),TMC,0.90935,90.94,strong
8,Natabari,20000,79683.16474367044,77019.5784995731,0.58345,0.41655,2663.58624409734,0.0,0.0,-0.05,0.015,0.04,tmc_defence,TMC defence (-5pp),BJP,0.58345,58.34,lean
9,Tufanganj,20000,84122.4358200058,74825.73474074097,0.7668,0.2332,9296.70107926483,0.0,0.0,-0.05,0.015,0.04,tmc_defence,TMC defence (-5pp),BJP,0.7668,76.68,likely
10,Kumargram (ST),20000,79595.28961465236,87800.39622605655,0.27145,0.72855,-8205.10661140418,0.0,0.0,-0.05,0.015,0.04,tmc_defence,TMC defence (-5pp),TMC,0.72855,72.86,likely
11,Kalchini (ST),20000,29446.22876227539,26102.95751223431,0.77485,0.22515,3343.2712500410826,0.0,0.0,-0.05,0.015,0.04,tmc_defence,TMC defence (-5pp),BJP,0.77485,77.48,likely
12,Alipurduars,20000,63526.92695384356,66055.54960865651,0.4007,0.5993,-2528.622654812956,0.0,0.0,-0.05,0.015,0.04,tmc_defence,TMC defence (-5pp),TMC,0.5993,59.93,lean
13,Falakata,20000,107281.73695247612,125990.26304752452,0.1578,0.8422,-18708.526095048404,0.0,0.0,-0.05,0.015,0.04,tmc_defence,TMC defence (-5pp),TMC,0.8422,84.22,strong
14,Madarihat,20000,54304.09546699195,44829.8355674909,0.8814,0.1186,9474.259899501045,0.0,0.0,-0.05,0.015,0.04,tmc_defence,TMC defence (-5pp),BJP,0.8814,88.14,strong
15,Dhupguri (SC),20000,77568.88753208223,90888.5679134624,0.1634,0.8366,-13319.680381380163,0.0,0.0,-0.05,0.015,0.04,tmc_defence,TMC defence (-5pp),TMC,0.8366,83.66,strong
16,Maynaguri (SC),20000,82456.29526685891,90439.35939415768,0.28455,0.71545,-7983.06412729876,0.0,0.0,-0.05,0.015,0.04,tmc_defence,TMC defence (-5pp),TMC,0.71545,71.54,likely
17,Jalpaiguri (SC),20000,52832.863016307725,65201.949483692384,0.09765,0.90235,-12369.08646738466,0.0,0.0,-0.05,0.015,0.04,tmc_defence,TMC defence (-5pp),TMC,0.90235,90.24,strong
18,Rajganj (SC),20000,34284.551422458375,49430.93877361978,0.01205,0.98795,-15146.38735116141,0.0,0.0,-0.05,0.015,0.04,tmc_defence,TMC defence (-5pp),TMC,0.98795,98.8,very_strong
19,Dabgram-Phulbari,20000,45385.57116098839,43619.774077106784,0.5975,0.4025,1765.7970838815986,0.0,0.0,-0.05,0.015,0.04,tmc_defence,TMC defence (-5pp),BJP,0.5975,59.75,lean
20,Mal (ST),20000,46779.94811205908,53034.05188794106,0.1645,0.8355,-6254.103775881982,0.0,0.0,-0.05,0.015,0.04,tmc_defence,TMC defence (-5pp),TMC,0.8355,83.55,strong
21,Nagrakata (ST),20000,32856.42516208148,30246.4839288276,0.69715,0.30285,2609.941233253884,0.0,0.0,-0.05,0.015,0.04,tmc_defence,TMC defence (-5pp),BJP,0.69715,69.72,likely
22,Kalimpong,20000,45497.09331610792,2524.92076839862,1.0,0.0,42972.1725477093,0.0,0.0,-0.05,0.015,0.04,tmc_defence,TMC defence (-5pp),BJP,1.0,100.0,very_strong
23,Darjeeling,20000,184812.96670208205,42329.03329791848,1.0,0.0,142483.9334041636,0.0,0.0,-0.05,0.015,0.04,tmc_defence,TMC defence (-5pp),BJP,1.0,100.0,very_strong
24,Kurseong,20000,179543.6727310563,9825.241296094144,1.0,0.0,169718.43143496214,0.0,0.0,-0.05,0.015,0.04,tmc_defence,TMC defence (-5pp),BJP,1.0,100.0,very_strong
25,Matigara-Naxalbari (SC),20000,119592.5941948424,73235.3960331701,0.99895,0.00105,46357.19816167229,0.0,0.0,-0.05,0.015,0.04,tmc_defence,TMC defence (-5pp),BJP,0.99895,99.9,very_strong
26,Siliguri,20000,14455.766313423432,10729.13368657656,0.9662,0.0338,3726.632626846872,0.0,0.0,-0.05,0.015,0.04,tmc_defence,TMC defence (-5pp),BJP,0.9662,96.62,very_strong
27,Phansidewa (ST),20000,23453.462872286425,21180.537127713596,0.7347,0.2653,2272.9257445728304,0.0,0.0,-0.05,0.015,0.04,tmc_defence,TMC defence (-5pp),BJP,0.7347,73.47,likely
28,Chopra,20000,51029.91885053225,135119.16085961252,0.0,1.0,-84089.24200908026,0.0,0.0,-0.05,0.015,0.04,tmc_defence,TMC defence (-5pp),TMC,1.0,100.0,very_strong
29,Islampur,20000,5854.486279057688,15523.513720942196,0.0,1.0,-9669.02744188451,0.0,0.0,-0.05,0.015,0.04,tmc_defence,TMC defence (-5pp),TMC,1.0,100.0,very_strong
30,Goalpokhar,20000,20538.788529900798,40848.21147009904,0.0,1.0,-20309.42294019824,0.0,0.0,-0.05,0.015,0.04,tmc_defence,TMC defence (-5pp),TMC,1.0,100.0,very_strong
31,Chakulia,20000,19027.34538673481,38968.42384403453,0.0,1.0,-19941.078457299715,0.0,0.0,-0.05,0.015,0.04,tmc_defence,TMC defence (-5pp),TMC,1.0,100.0,very_strong
32,Karandighi,20000,60207.923701163694,105019.07629883604,0.0,1.0,-44811.15259767236,0.0,0.0,-0.05,0.015,0.04,tmc_defence,TMC defence (-5pp),TMC,1.0,100.0,very_strong
33,Hemtabad (SC),20000,52514.65469888551,84182.71567148475,0.0024,0.9976,-31668.060972599236,0.0,0.0,-0.05,0.015,0.04,tmc_defence,TMC defence (-5pp),TMC,0.9976,99.76,very_strong
34,Kaliaganj (SC),20000,133053.01781600574,132320.9821839942,0.51225,0.48775,732.0356320115566,0.0,0.0,-0.05,0.015,0.04,tmc_defence,TMC defence (-5pp),BJP,0.51225,51.22,toss_up
35,Raiganj,20000,24654.658004775338,22316.877709510336,0.73165,0.26835,2337.780295265001,0.0,0.0,-0.05,0.015,0.04,tmc_defence,TMC defence (-5pp),BJP,0.73165,73.17,likely
36,Itahar,20000,24794.83441558679,49962.737012984486,5e-05,0.99995,-25167.902597397697,0.0,0.0,-0.05,0.015,0.04,tmc_defence,TMC defence (-5pp),TMC,0.99995,100.0,very_strong
37,Kushmandi (SC),20000,47826.91398636646,68102.50517530974,0.01475,0.98525,-20275.59118894327,0.0,0.0,-0.05,0.015,0.04,tmc_defence,TMC defence (-5pp),TMC,0.98525,98.52,very_strong
38,Kumarganj,20000,26259.79859772405,48328.201402276005,5e-05,0.99995,-22068.40280455195,0.0,0.0,-0.05,0.015,0.04,tmc_defence,TMC defence (-5pp),TMC,0.99995,100.0,very_strong
39,Balurghat,20000,52992.53677606616,52636.92001405756,0.51635,0.48365,355.6167620086074,0.0,0.0,-0.05,0.015,0.04,tmc_defence,TMC defence (-5pp),BJP,0.51635,51.64,toss_up
40,Tapan (ST),20000,52875.51127504145,63371.042941826345,0.129,0.871,-10495.531666784897,0.0,0.0,-0.05,0.015,0.04,tmc_defence,TMC defence (-5pp),TMC,0.871,87.1,strong
41,Gangarampur (SC),20000,49914.4090536773,57887.16879063408,0.1746,0.8254,-7972.759736956781,0.0,0.0,-0.05,0.015,0.04,tmc_defence,TMC defence (-5pp),TMC,0.8254,82.54,strong
42,Harirampur,20000,72312.374965868,116327.99128927622,0.00235,0.99765,-44015.61632340821,0.0,0.0,-0.05,0.015,0.04,tmc_defence,TMC defence (-5pp),TMC,0.99765,99.76,very_strong
43,Habibpur (ST),20000,103852.03853262433,100747.77099118536,0.57525,0.42475,3104.267541438961,0.0,0.0,-0.05,0.015,0.04,tmc_defence,TMC defence (-5pp),BJP,0.57525,57.53,lean
44,Gazole (SC),20000,96054.25790555985,69338.74209444044,0.9957,0.0043,26715.51581111939,0.0,0.0,-0.05,0.015,0.04,tmc_defence,TMC defence (-5pp),BJP,0.9957,99.57,very_strong
45,Chanchal,20000,34010.41359542611,104278.28323715238,0.0,1.0,-70267.86964172628,0.0,0.0,-0.05,0.015,0.04,tmc_defence,TMC defence (-5pp),TMC,1.0,100.0,very_strong
46,Harishchandrapur,20000,12219.830182810443,43713.196602903816,0.0,1.0,-31493.36642009337,0.0,0.0,-0.05,0.015,0.04,tmc_defence,TMC defence (-5pp),TMC,1.0,100.0,very_strong
47,Malatipur,20000,15643.338468972031,108508.66153102744,0.0,1.0,-92865.3230620554,0.0,0.0,-0.05,0.015,0.04,tmc_defence,TMC defence (-5pp),TMC,1.0,100.0,very_strong
48,Ratua,20000,135857.2710227152,84784.72897728554,1.0,0.0,51072.54204542967,0.0,0.0,-0.05,0.015,0.04,tmc_defence,TMC defence (-5pp),BJP,1.0,100.0,very_strong
49,Manikchak,20000,186215.8614120261,34198.13858797497,1.0,0.0,152017.72282405113,0.0,0.0,-0.05,0.015,0.04,tmc_defence,TMC defence (-5pp),BJP,1.0,100.0,very_strong
50,Maldaha,20000,31224.65846853684,31892.986268305285,0.4484,0.5516,-668.3277997684479,0.0,0.0,-0.05,0.015,0.04,tmc_defence,TMC defence (-5pp),TMC,0.5516,55.16,lean
51,English Bazar,20000,148916.879329058,147854.37211602862,0.51155,0.48845,1062.5072130293845,0.0,0.0,-0.05,0.015,0.04,tmc_defence,TMC defence (-5pp),BJP,0.51155,51.15,toss_up
52,Mothabari,20000,32944.87189800756,101593.12810199244,0.0,1.0,-68648.25620398489,0.0,0.0,-0.05,0.015,0.04,tmc_defence,TMC defence (-5pp),TMC,1.0,100.0,very_strong
53,Sujapur,20000,25094.332504939997,160087.66749505975,0.0,1.0,-134993.33499011977,0.0,0.0,-0.05,0.015,0.04,tmc_defence,TMC defence (-5pp),TMC,1.0,100.0,very_strong
54,Baisnabnagar,20000,47421.55527667964,118317.444723321,0.0,1.0,-70895.88944664138,0.0,0.0,-0.05,0.015,0.04,tmc_defence,TMC defence (-5pp),TMC,1.0,100.0,very_strong
