ac_no,ac_name,bjp_win_probability_bjp_moderate,bjp_win_probability_bjp_surge,bjp_win_probability_neutral,bjp_win_probability_tmc_consolidation,bjp_win_probability_tmc_defence,expected_margin_bjp_moderate,expected_margin_bjp_surge,expected_margin_neutral,expected_margin_tmc_consolidation,expected_margin_tmc_defence,mean_bjp_votes_bjp_moderate,mean_bjp_votes_bjp_surge,mean_bjp_votes_neutral,mean_bjp_votes_tmc_consolidation,mean_bjp_votes_tmc_defence,mean_tmc_votes_bjp_moderate,mean_tmc_votes_bjp_surge,mean_tmc_votes_neutral,mean_tmc_votes_tmc_consolidation,mean_tmc_votes_tmc_defence,tmc_win_probability_bjp_moderate,tmc_win_probability_bjp_surge,tmc_win_probability_neutral,tmc_win_probability_tmc_consolidation,tmc_win_probability_tmc_defence,winner_party,winner_votes,runner_party,runner_votes,margin_2021,district,lean_neutral,lean_bjp_moderate,lean_bjp_surge,lean_tmc_consolidation,lean_tmc_defence,bjp_wins_across_scenarios
22,Kalimpong,1.0,1.0,1.0,1.0,1.0,73822.06658682,73750.89785832577,74087.6131777215,72576.68371573344,67931.47294502672,74510.4428441131,74064.20860522363,75422.29954660659,75434.40467476763,71960.4445006824,688.3762572931064,313.31074689784714,1334.686368885094,2857.720959034206,4028.971555655672,0.0,0.0,0.0,0.0,0.0,GJM (TAMANG),58206,BJP,54336,3870,Kalimpong,SAFE_BJP,SAFE_BJP,SAFE_BJP,SAFE_BJP,SAFE_BJP,5
49,Manikchak,1.0,1.0,1.0,1.0,1.0,150255.49550222245,152880.7975804946,148055.1409908103,141335.39231334176,130212.4371929305,169850.042251112,170128.16379024793,170712.57049540523,169286.39615667064,160824.3685964653,19594.54674888957,17247.366209753312,22657.429504594933,27951.003843328883,30611.9314035348,0.0,0.0,0.0,0.0,0.0,TMC,110234,BJP,76356,33878,Malda,SAFE_BJP,SAFE_BJP,SAFE_BJP,SAFE_BJP,SAFE_BJP,5
44,Gazole (SC),1.0,1.0,1.0,1.0,1.0,58603.01157706189,62306.34684544344,55063.47899761794,48478.46181673598,41918.09052344705,106080.104938531,107093.21892272156,105901.2394988084,104176.12090836791,98544.85026172368,47477.09336146911,44786.87207727812,50837.76050119048,55697.65909163195,56626.75973827663,0.0,0.0,0.0,0.0,0.0,BJP,100655,TMC,98857,1798,Malda,SAFE_BJP,SAFE_BJP,SAFE_BJP,SAFE_BJP,SAFE_BJP,5
25,Matigara-Naxalbari (SC),1.0,1.0,1.0,0.9998,0.9985,71828.61779412258,78522.77270801415,65599.05068027346,55102.64280006896,45841.254609954216,130429.65693028586,132744.46509667826,129273.29081244917,125954.56218179376,118429.65512256672,58601.03913616328,54221.69238866412,63674.24013217568,70851.9193817248,72588.40051261251,0.0,0.0,0.0,0.0002,0.0015,BJP,139785,TMC,68454,71331,Darjeeling,SAFE_BJP,SAFE_BJP,SAFE_BJP,SAFE_BJP,SAFE_BJP,5
24,Kurseong,1.0,1.0,1.0,1.0,1.0,150092.5845862557,149960.88541979255,150615.29797806175,147529.27511973988,138092.7202717155,151489.20455263305,150588.46759451946,153334.50645509217,153352.03217525536,146292.94902726103,1396.61996637736,627.5821747268935,2719.208477030428,5822.757055515464,8200.228755545533,0.0,0.0,0.0,0.0,0.0,BJP,73475,GJM (TAMANG),57960,15515,Darjeeling,SAFE_BJP,SAFE_BJP,SAFE_BJP,SAFE_BJP,SAFE_BJP,5
23,Darjeeling,1.0,1.0,1.0,1.0,1.0,169684.2465570111,170542.74438828713,169235.1247014982,164133.0027627042,152520.1966092991,196850.73442850556,196056.6576941438,198947.0623507494,198682.5913813521,189446.3033046495,27166.487871494417,25513.913305856648,29711.93764925117,34549.5886186479,36926.106695350405,0.0,0.0,0.0,0.0,0.0,BJP,68907,GJM (TAMANG),47631,21276,Darjeeling,SAFE_BJP,SAFE_BJP,SAFE_BJP,SAFE_BJP,SAFE_BJP,5
26,Siliguri,0.9998,0.99995,0.9989,0.991,0.97025,21148.42583986652,23820.863550495444,18590.33452063539,14377.802211047789,10988.588675428844,47267.65179493323,48203.115525247566,46748.91726031769,45391.726105523696,42573.50683771442,26119.2259550667,24382.25197475213,28158.582739682304,31013.923894475905,31584.91816228558,0.0002,5e-05,0.0011,0.009,0.02975,BJP,89370,TMC,53784,35586,Darjeeling,SAFE_BJP,SAFE_BJP,SAFE_BJP,SAFE_BJP,SAFE_BJP,5
20,Mal (ST),0.9994,0.99985,0.99635,0.974,0.9253,39794.08119831128,45085.934392301024,34535.108985667226,25601.975436013152,18493.78284748833,110761.27649915556,112414.8101961507,110014.55449283344,107402.92771800655,101066.42142374437,70967.19530084427,67328.87580384969,75479.44550716622,81800.9522819934,82572.63857625602,0.0006,0.00015,0.00365,0.026,0.0747,TMC,99086,BJP,93621,5465,Jalpaiguri,SAFE_BJP,SAFE_BJP,SAFE_BJP,SAFE_BJP,SAFE_BJP,5
14,Madarihat,0.99845,0.9998,0.99215,0.95415,0.8834,20932.147808445658,24217.580036205258,17739.407486208678,12545.70022903691,8586.506135484982,54876.70258180921,56034.378656033456,54200.54857069068,52510.31183865613,49170.78944705293,33944.554773363554,31816.7986198282,36461.141084482006,39964.61160961923,40584.28331156795,0.00155,0.0002,0.00785,0.04585,0.1166,BJP,90718,TMC,61033,29685,Alipurduar,SAFE_BJP,SAFE_BJP,SAFE_BJP,SAFE_BJP,SAFE_BJP,5
11,Kalchini (ST),0.9942,0.99875,0.97845,0.89345,0.77505,18710.213950092097,22194.558325675014,15291.201739602231,9772.775374394509,5716.708192794621,55972.902047595046,57205.928162837576,55229.34596784053,53421.80768719723,49966.261743456,37262.68809750296,35011.36983716256,39938.1442282383,43649.03231280272,44249.55355066138,0.0058,0.00125,0.02155,0.10655,0.22495,BJP,103104,TMC,74528,28576,Alipurduar,SAFE_BJP,SAFE_BJP,SAFE_BJP,SAFE_BJP,LIKELY_BJP,5
9,Tufanganj,0.99295,0.9985,0.975,0.8889,0.76485,30416.829510476105,36164.25313927022,24772.960015835957,15669.007465685558,8996.770231098031,92042.9220422706,94077.46959416816,90813.04659670306,87829.60165340347,82140.68603844612,61626.09253179452,57913.21645489793,66040.08658086711,72160.59418771791,73143.91580734808,0.00705,0.0015,0.025,0.1111,0.23515,BJP,114503,TMC,83305,31198,Cooch Behar,SAFE_BJP,SAFE_BJP,SAFE_BJP,SAFE_BJP,LIKELY_BJP,5
27,Phansidewa (ST),0.9907,0.9983,0.96915,0.8704,0.7344,18206.50436408266,21782.39769005441,14688.254582099116,9021.904673741608,4900.009536278731,56808.51905704128,58075.442595027016,56037.87729104944,54178.57733687073,50656.81726813938,38602.01469295862,36293.0449049726,41349.62270895033,45156.67266312912,45756.80773186065,0.0093,0.0017,0.03085,0.1296,0.2656,BJP,105651,TMC,77940,27711,Darjeeling,SAFE_BJP,SAFE_BJP,SAFE_BJP,SAFE_BJP,LIKELY_BJP,5
35,Raiganj,0.99045,0.9978,0.96915,0.87015,0.73325,13549.312650659782,16226.91386697197,10914.084713814773,6670.919740233767,3587.8977863194823,42484.45453202622,43433.24305402158,41906.77003547899,40514.182102259685,37879.17929494567,28935.14188136644,27206.32918704961,30992.68532166422,33843.26236202592,34291.28150862619,0.00955,0.0022,0.03085,0.12985,0.26675,BJP,79775,TMC,59027,20748,Uttar Dinajpur,SAFE_BJP,SAFE_BJP,SAFE_BJP,SAFE_BJP,LIKELY_BJP,5
21,Nagrakata (ST),0.9883,0.99725,0.96175,0.84595,0.6994,18774.714184725945,22652.10927337702,14950.686379184324,8803.731023650967,4373.876586820841,60981.44133034993,62356.64321136387,60138.48929348824,58118.274537799225,54323.45293626747,42206.72714562399,39704.53393798686,45187.80291430392,49314.54351414826,49949.57634944663,0.0117,0.00275,0.03825,0.15405,0.3006,BJP,70945,TMC,56543,14402,Jalpaiguri,SAFE_BJP,SAFE_BJP,SAFE_BJP,LIKELY_BJP,LIKELY_BJP,5
2,Mathabhanga (SC),0.9837,0.99585,0.94705,0.80725,0.6447,24305.2789824139,29700.58437555641,18967.04142091296,10408.339166153395,4318.771901563358,83693.49577052904,85609.79992960073,82506.74851419465,79687.86194288971,74452.38147648261,59388.21678811515,55909.21555404432,63539.7070932817,69279.52277673632,70133.60957491925,0.0163,0.00415,0.05295,0.19275,0.3553,BJP,113249,TMC,87115,26134,Cooch Behar,SAFE_BJP,SAFE_BJP,SAFE_BJP,LIKELY_BJP,TOSS_UP,5
19,Dabgram-Phulbari,0.97655,0.9918,0.931,0.76875,0.5931,18757.468676255,23222.623009387644,14326.715221246415,7239.536925671923,2255.3835690338374,68398.55651312729,69986.53625469368,67406.10761062322,65067.37346283578,60768.01428451688,49641.08783687229,46763.91324530603,53079.3923893768,57827.83653716385,58512.63071548304,0.02345,0.0082,0.069,0.23125,0.4069,BJP,129088,TMC,101495,27593,Jalpaiguri,SAFE_BJP,SAFE_BJP,SAFE_BJP,LIKELY_BJP,TOSS_UP,5
43,Habibpur (ST),0.9748,0.9927,0.92875,0.7569,0.58,29564.888911545502,36735.32950144006,22444.427237222884,11061.726696253514,3080.6476791364075,109483.48879624912,112034.41167929136,107885.5231424214,104127.43906241268,97237.00026813996,79918.59988470362,75299.0821778513,85441.0959051985,93065.71236615916,94156.35258900357,0.0252,0.0073,0.07125,0.2431,0.42,BJP,94075,TMC,74558,19517,Malda,SAFE_BJP,SAFE_BJP,SAFE_BJP,LIKELY_BJP,TOSS_UP,5
8,Natabari,0.97465,0.99255,0.92585,0.76105,0.5804,21057.95937025597,26158.453920848537,15993.278573937285,7896.591264335823,2218.3337746852994,77895.78407724491,79710.27060231636,76759.3262239057,74086.23630784354,69184.22695491002,56837.82470698894,53551.81668146782,60766.04764996841,66189.64504350771,66965.89318022471,0.02535,0.00745,0.07415,0.23895,0.4196,BJP,111743,TMC,88303,23440,Cooch Behar,SAFE_BJP,SAFE_BJP,SAFE_BJP,LIKELY_BJP,TOSS_UP,5
34,Kaliaganj (SC),0.96935,0.99185,0.9164,0.7412,0.5564,33980.422207782816,42618.35839662406,25445.777967400943,11990.957121000052,2733.026781586361,131829.17555389102,134893.90569831192,129941.38898370104,125558.34856049996,117412.82839079332,97848.7533461082,92275.54730168788,104495.6110163001,113567.39143949992,114679.80160920696,0.03065,0.00815,0.0836,0.2588,0.4436,BJP,116768,TMC,94948,21820,Uttar Dinajpur,SAFE_BJP,SAFE_BJP,SAFE_BJP,LIKELY_BJP,TOSS_UP,5
39,Balurghat,0.96395,0.98995,0.8997,0.70275,0.5134,13501.692115778584,17100.45009719168,9915.388011473358,4198.612260591942,247.71668691483737,54095.67706961756,55377.969511558746,53283.5396847492,51391.66872288846,47966.44556567965,40593.984953838975,38277.51941436707,43368.15167327585,47193.056462296525,47718.728878764814,0.03605,0.01005,0.1003,0.29725,0.4866,BJP,70484,TMC,57585,12899,Dakshin Dinajpur,SAFE_BJP,SAFE_BJP,SAFE_BJP,LIKELY_BJP,TOSS_UP,5
51,English Bazar,0.96185,0.9876,0.89955,0.70805,0.5164,40004.59333636763,50601.238273460935,29446.96718975265,12614.490428346038,970.7949947345973,159444.79142526496,163220.16330291517,157055.31451973226,151485.71275752565,141393.91011297368,119440.19808889736,112618.92502945424,127608.34732997962,138871.2223291796,140423.1151182391,0.03815,0.0124,0.10045,0.29195,0.4836,BJP,107755,TMC,87656,20099,Malda,SAFE_BJP,SAFE_BJP,SAFE_BJP,LIKELY_BJP,TOSS_UP,5
5,Sitalkuchi (SC),0.9626,0.989,0.8986,0.71025,0.52165,3662.8123547657474,4626.624549905859,2703.8040670921087,1180.001862180467,130.9165467128888,14528.318177382936,14871.5522749529,14311.90203354608,13809.20093109024,12895.858273356427,10865.505822617186,10244.927725047042,11608.09796645397,12629.199068909777,12764.94172664354,0.0374,0.011,0.1014,0.28975,0.47835,BJP,124955,TMC,107140,17815,Cooch Behar,SAFE_BJP,SAFE_BJP,SAFE_BJP,LIKELY_BJP,TOSS_UP,5
50,Maldaha,0.9473,0.9834,0.86995,0.64395,0.44845,11425.07342281282,14787.257955845904,8063.288127807379,2718.818290363437,-923.6817534704684,49780.91226140632,50980.70247792298,49013.14406390371,47240.53914518162,44069.8441232648,38355.83883859351,36193.44452207708,40949.855936096326,44521.72085481818,44993.525876735264,0.0527,0.0166,0.13005,0.35605,0.55155,BJP,93398,TMC,77942,15456,Malda,SAFE_BJP,SAFE_BJP,SAFE_BJP,TOSS_UP,TOSS_UP,4
48,Ratua,0.94645,0.98295,0.8687,0.64505,0.4493,24255.013337567307,31187.33023841243,17169.46642102003,6038.195060702062,-1327.206084537435,146121.07566878415,148123.79511920616,145354.73321051014,142524.49753035078,134738.6969577312,121866.06233121685,116936.46488079372,128185.26678949012,136486.3024696487,136065.90304226865,0.05355,0.01705,0.1313,0.35495,0.5507,TMC,130674,BJP,55024,75650,Malda,SAFE_BJP,SAFE_BJP,SAFE_BJP,TOSS_UP,TOSS_UP,4
12,Alipurduars,0.9322,0.975,0.83995,0.5994,0.4005,18891.567953976763,24941.147924215067,12826.967495319974,3205.7570389755606,-3280.015101508808,88508.13271214484,90669.4265949204,87114.05406015979,83917.46023823805,78253.55705862054,69616.56475816808,65728.27867070535,74287.08656483982,80711.70319926248,81533.57216012935,0.0678,0.025,0.16005,0.4006,0.5995,BJP,107333,TMC,91326,16007,Alipurduar,LIKELY_BJP,SAFE_BJP,SAFE_BJP,TOSS_UP,TOSS_UP,4
3,Cooch Behar Uttar (SC),0.9061,0.9648,0.7886,0.52695,0.3302,12535.10678209032,17125.294051873832,7916.522076237655,611.0229177619576,-4236.48514452461,66008.67969104488,67651.2980259367,64937.261038118646,62504.0914588807,58250.96742773753,53473.57290895456,50526.00397406286,57020.73896188099,61893.06854111874,62487.45257226215,0.0939,0.0352,0.2114,0.47305,0.6698,BJP,120483,TMC,105868,14615,Cooch Behar,LIKELY_BJP,SAFE_BJP,SAFE_BJP,TOSS_UP,LIKELY_TMC,4
16,Maynaguri (SC),0.8813,0.9529,0.75165,0.47155,0.28515,15911.624036061108,22419.99616240145,9345.394839895656,-1018.4671811021328,-7815.481034349048,92405.07091072106,94736.92659709128,90871.79805554084,87413.84905775417,81429.36911206263,76493.44687465996,72316.93043468981,81526.4032156452,88432.3162388563,89244.85014641169,0.1187,0.0471,0.24835,0.52845,0.71485,BJP,115306,TMC,103395,11911,Jalpaiguri,LIKELY_BJP,SAFE_BJP,SAFE_BJP,TOSS_UP,LIKELY_TMC,3
10,Kumargram (ST),0.8749,0.9515,0.74005,0.45815,0.27225,14573.389083810674,20705.090282498848,8383.235506015933,-1382.0485289946914,-7768.602172052586,86790.86027398489,88988.3893735506,85343.15978840663,82083.54861160906,76455.72552901792,72217.47119017421,68283.29909105174,76959.9242823907,83465.59714060376,84224.3277010705,0.1251,0.0485,0.25995,0.54185,0.72775,BJP,111974,TMC,100973,11001,Alipurduar,LIKELY_BJP,SAFE_BJP,SAFE_BJP,TOSS_UP,LIKELY_TMC,3
4,Cooch Behar Dakshin,0.7997,0.90775,0.63415,0.34245,0.1861,7652.613680823594,12064.36578118959,3172.035412376058,-3862.4160898471832,-8341.569399862117,60638.43918190385,62223.8295568251,59575.33315121384,57217.89370900333,53238.63759064478,52985.82550108025,50159.46377563551,56403.29773883778,61080.30979885051,61580.2069905069,0.2003,0.09225,0.36585,0.65755,0.8139,BJP,96629,TMC,91830,4799,Cooch Behar,TOSS_UP,LIKELY_BJP,SAFE_BJP,LIKELY_TMC,LIKELY_TMC,3
41,Gangarampur (SC),0.7959,0.90685,0.62975,0.3344,0.17545,7625.385231986236,12123.709980534286,3055.2074097581267,-4117.804758214462,-8677.591646375942,61715.17427407728,63331.94249326129,60629.86118990903,58225.40025562313,54172.43908699145,54089.78904209103,51208.232512727,57574.6537801509,62343.20501383759,62850.03073336739,0.2041,0.09315,0.37025,0.6656,0.82455,BJP,88724,TMC,84132,4592,Dakshin Dinajpur,TOSS_UP,LIKELY_BJP,SAFE_BJP,LIKELY_TMC,LIKELY_TMC,3
15,Dhupguri (SC),0.77265,0.89325,0.60075,0.3132,0.15625,9284.106452267444,15291.825615942847,3171.9201635884046,-6410.616415317798,-12463.582097453487,81849.25657613383,84009.88141688245,80392.945230309,77177.81664382629,71787.12424830283,72565.15012386639,68718.05580093959,77221.0250667206,83588.43305914408,84250.70634575632,0.22735,0.10675,0.39925,0.6868,0.84375,BJP,104688,TMC,100333,4355,Jalpaiguri,TOSS_UP,LIKELY_BJP,SAFE_BJP,LIKELY_TMC,LIKELY_TMC,3
13,Falakata,0.773,0.89495,0.59555,0.3046,0.15305,13070.612641877866,21685.1385515684,4304.00395414803,-9437.199166770171,-18106.700085393823,117210.05592093887,120308.56127578416,115120.00197707408,110508.76041661536,102784.96995730347,104139.443279061,98623.42272421576,110815.99802292604,119945.95958338554,120891.67004269733,0.227,0.10505,0.40445,0.6954,0.84695,BJP,102993,TMC,99003,3990,Alipurduar,TOSS_UP,LIKELY_BJP,SAFE_BJP,LIKELY_TMC,LIKELY_TMC,3
7,Dinhata,0.7666,0.8899,0.58875,0.3013,0.1523,6207.262520322817,10286.283024076163,2164.2294391311048,-3945.835768712735,-7684.214802294678,58128.48176016128,59567.02651203833,57247.114719565536,55315.38211564359,51761.242598852936,51921.21923983847,49280.743487962165,55082.88528043443,59261.21788435632,59445.457401147614,0.2334,0.1101,0.41125,0.6987,0.8477,BJP,116035,TMC,115978,57,Cooch Behar,TOSS_UP,LIKELY_BJP,SAFE_BJP,LIKELY_TMC,LIKELY_TMC,3
40,Tapan (ST),0.733,0.86655,0.54875,0.2693,0.13245,5362.799387103933,9567.351065072791,1074.4126129417778,-5635.345379377663,-9825.112202946138,56558.86657111236,58072.70830211451,55531.048173940886,53276.04601513055,49531.34734732229,51196.067184008425,48505.35723704172,54456.63556099911,58911.39139450821,59356.45955026842,0.267,0.13345,0.45125,0.7307,0.86755,BJP,84381,TMC,82731,1650,Dakshin Dinajpur,TOSS_UP,LIKELY_BJP,SAFE_BJP,LIKELY_TMC,SAFE_TMC,3
17,Jalpaiguri (SC),0.66965,0.82755,0.47225,0.205,0.0939,3867.090079517138,8241.034791560329,-610.2426325482845,-7595.363197699296,-11883.856799972164,57745.35487257105,59322.76678640522,56663.14430872588,54309.9493386505,50456.65456876378,53878.26479305391,51081.73199484489,57273.38694127417,61905.3125363498,62340.51136873595,0.33035,0.17245,0.52775,0.795,0.9061,TMC,95668,BJP,94727,941,Jalpaiguri,TOSS_UP,LIKELY_BJP,LIKELY_BJP,LIKELY_TMC,SAFE_TMC,2
6,Sitai (SC),0.4773,0.6701,0.28715,0.09305,0.03575,-641.6523813223481,4725.095101243996,-6186.154778632796,-14772.624517683256,-19814.03044823799,67415.71700064317,69359.29181149154,66047.0095672055,63136.57643681017,58541.67086283734,68057.36938196552,64634.19671024754,72233.16434583829,77909.20095449343,78355.70131107533,0.5227,0.3299,0.71285,0.90695,0.96425,TMC,117908,BJP,107796,10112,Cooch Behar,LIKELY_TMC,TOSS_UP,LIKELY_BJP,SAFE_TMC,SAFE_TMC,1
37,Kushmandi (SC),0.32935,0.52065,0.1718,0.04345,0.01345,-3882.977835788208,479.4564331601143,-8421.666236704772,-15411.192469223284,-19371.570454577457,52655.11828599824,54240.047069873486,51517.05011518033,49136.844663592005,45484.81917390884,56538.09612178645,53760.59063671337,59938.7163518851,64548.03713281529,64856.3896284863,0.67065,0.47935,0.8282,0.95655,0.98655,TMC,89968,BJP,77384,12584,Dakshin Dinajpur,LIKELY_TMC,LIKELY_TMC,TOSS_UP,SAFE_TMC,SAFE_TMC,1
1,Mekliganj (SC),0.30945,0.5038,0.15975,0.0405,0.0112,-3891.025370623708,3.1300029087483883,-7946.529862839079,-14187.026860095972,-17704.892564211135,46731.86151468808,48147.29900145435,45712.73506858044,43586.20656995191,40336.69371789441,50622.88688531178,48144.1689985456,53659.26493141952,57773.23343004788,58041.58628210556,0.69055,0.4962,0.84025,0.9595,0.9888,TMC,99338,BJP,84653,14685,Cooch Behar,LIKELY_TMC,LIKELY_TMC,TOSS_UP,SAFE_TMC,SAFE_TMC,1
18,Rajganj (SC),0.29825,0.48885,0.15255,0.03775,0.01145,-4218.620387528211,-225.86697598567605,-8378.972854474508,-14778.150511563612,-18375.70962592935,47768.93128123602,49220.552262007135,46722.26357276282,44540.90974421812,41214.77768703522,51987.55166876423,49446.41923799281,55101.23642723733,59319.06025578173,59590.48731296457,0.70175,0.51115,0.84745,0.96225,0.98855,TMC,104641,BJP,88868,15773,Jalpaiguri,LIKELY_TMC,LIKELY_TMC,TOSS_UP,SAFE_TMC,SAFE_TMC,0
33,Hemtabad (SC),0.1291,0.2601,0.0501,0.0071,0.00205,-10332.770456204396,-5766.092024042875,-15143.18454952196,-22478.40650717918,-26367.626370694383,51121.20785893465,52789.790265756325,49882.315132646254,47363.78230196578,43695.55514798595,61453.97831513904,58555.8822897992,65025.49968216821,69842.18880914497,70063.18151868033,0.8709,0.7399,0.9499,0.9929,0.99795,TMC,116425,BJP,89210,27215,Uttar Dinajpur,SAFE_TMC,SAFE_TMC,LIKELY_TMC,SAFE_TMC,SAFE_TMC,0
42,Harirampur,0.11605,0.24405,0.0469,0.0085,0.0017,-22168.607737513263,-12700.821613111591,-32148.767409726737,-47358.585394956,-55391.289883777,105509.94230367108,108970.42673665356,102935.76855851088,97711.06261116422,90124.4057988526,127678.55004118432,121671.24834976516,135084.5359682376,145069.64800612023,145515.6956826296,0.88395,0.75595,0.9531,0.9915,0.9983,TMC,96131,BJP,73459,22672,Dakshin Dinajpur,SAFE_TMC,SAFE_TMC,LIKELY_TMC,SAFE_TMC,SAFE_TMC,0
30,Goalpokhar,0.1114,0.2373,0.0442,0.00805,0.0016,-3223.6697415395647,-1915.1068705682603,-4525.927913938955,-6340.690162209761,-7175.864341265688,17301.273629230236,17748.99156471595,17042.0360430305,16520.754918895087,15524.017829367122,20524.9433707698,19664.09843528421,21567.963956969452,22861.44508110485,22699.88217063281,0.8886,0.7627,0.9558,0.99195,0.9984,TMC,105649,BJP,32135,73514,Uttar Dinajpur,SAFE_TMC,SAFE_TMC,LIKELY_TMC,SAFE_TMC,SAFE_TMC,0
54,Baisnabnagar,0.04475,0.11415,0.01435,0.00195,0.0005,-24217.729014659966,-16840.293586148535,-32098.846266775847,-43835.66857644219,-49397.55905777352,96288.08259266971,98792.92020692574,94593.57686661257,90938.02571177876,84837.79047111345,120505.81160732968,115633.21379307428,126692.4231333884,134773.69428822096,134235.34952888696,0.95525,0.88585,0.98565,0.99805,0.9995,TMC,83061,BJP,80590,2471,Malda,SAFE_TMC,SAFE_TMC,SAFE_TMC,SAFE_TMC,SAFE_TMC,0
38,Kumarganj,0.02675,0.0767,0.0078,0.00065,5e-05,-12783.104108437265,-9411.192598162095,-16383.68306311869,-21814.985374381413,-24475.716107487457,34458.32530203137,35698.130513418975,33504.47096844075,31622.746062809336,29041.491321256268,47241.42941046864,45109.32311158108,49888.15403155944,53437.73143719075,53517.20742874373,0.97325,0.9233,0.9922,0.99935,0.99995,TMC,89117,BJP,59736,29381,Dakshin Dinajpur,SAFE_TMC,SAFE_TMC,SAFE_TMC,SAFE_TMC,SAFE_TMC,0
36,Itahar,0.0068,0.02345,0.00115,0.0,0.0,-18714.178661629016,-14750.33913577856,-22981.668210297747,-29377.273174503836,-32354.1585281956,38154.9317191855,39617.93893211076,37005.665894850856,34777.7934127482,31834.45573590224,56869.11038081452,54368.27806788932,59987.3341051486,64155.06658725203,64188.61426409784,0.9932,0.97655,0.99885,1.0,1.0,TMC,114645,BJP,70670,43975,Uttar Dinajpur,SAFE_TMC,SAFE_TMC,SAFE_TMC,SAFE_TMC,SAFE_TMC,0
31,Chakulia,0.0052,0.0204,0.0011,5e-05,0.0,-17664.91856924691,-14046.69766322002,-21565.817558295177,-27405.48618638448,-30098.964536559004,34456.45187306877,35792.77336069778,33402.97583623723,31366.85921449996,28694.54350095131,52121.37044231568,49839.4710239178,54968.7933945324,58772.34540088444,58793.50803751031,0.9948,0.9796,0.9989,0.99995,1.0,TMC,86311,BJP,52474,33837,Uttar Dinajpur,SAFE_TMC,SAFE_TMC,SAFE_TMC,SAFE_TMC,SAFE_TMC,0
28,Chopra,0.0001,0.0005,5e-05,0.0,0.0,-57820.7135076926,-49809.2076387333,-66634.89903265871,-79620.23611113714,-84818.40740646278,64358.35667867176,67345.45570509034,61883.85030251133,57295.20775964888,51840.08311742085,122179.07018636436,117154.66334382365,128518.74933517004,136915.44387078602,136658.49052388364,0.9999,0.9995,0.99995,1.0,1.0,TMC,124923,BJP,59604,65319,Uttar Dinajpur,SAFE_TMC,SAFE_TMC,SAFE_TMC,SAFE_TMC,SAFE_TMC,0
29,Islampur,0.0001,0.0005,0.0,0.0,0.0,-5094.669348534328,-4367.346140842261,-5865.307489186954,-6902.224988244105,-7215.057393260702,6596.205425732849,6860.003929578874,6400.3462554065145,6068.547505877956,5632.141303369689,11690.874774267177,11227.350070421136,12265.653744593468,12970.77249412206,12847.198696630392,0.9999,0.9995,1.0,1.0,1.0,TMC,100131,BJP,62691,37440,Uttar Dinajpur,SAFE_TMC,SAFE_TMC,SAFE_TMC,SAFE_TMC,SAFE_TMC,0
32,Karandighi,0.0,0.00015,0.0,0.0,0.0,-29800.719313891263,-25994.534643880965,-33814.307952854884,-39185.85118428787,-40752.91961503868,56067.63879305375,57195.63917805927,55531.34602357251,54294.344407855926,51337.65519248116,85868.35810694502,83190.17382194023,89345.65397642739,93480.1955921438,92090.57480751984,1.0,0.99985,1.0,1.0,1.0,TMC,116594,BJP,79968,36626,Uttar Dinajpur,SAFE_TMC,SAFE_TMC,SAFE_TMC,SAFE_TMC,SAFE_TMC,0
45,Chanchal,0.0,0.0,0.0,0.0,0.0,-40126.19781203512,-35391.78970538834,-45391.2409375287,-53082.47846397124,-55910.496143537785,34231.912774751545,36006.122416536746,32724.417992774408,29987.1999987834,26910.590005154238,74358.11058678666,71397.9121219251,78115.6589303031,83069.67846275464,82821.08614869202,1.0,1.0,1.0,1.0,1.0,TMC,115966,BJP,48628,67338,Malda,SAFE_TMC,SAFE_TMC,SAFE_TMC,SAFE_TMC,SAFE_TMC,0
46,Harishchandrapur,0.0,0.0,0.0,0.0,0.0,-35994.515859811465,-32233.983509804475,-40215.48486047924,-46336.75875768885,-48414.301511874495,24560.175295094246,25975.641495097767,23331.50756976034,21139.65562115568,18797.7067440627,60554.69115490571,58209.62500490224,63546.99243023958,67476.41437884452,67212.0082559372,1.0,1.0,1.0,1.0,1.0,TMC,122527,BJP,45054,77473,Malda,SAFE_TMC,SAFE_TMC,SAFE_TMC,SAFE_TMC,SAFE_TMC,0
47,Malatipur,0.0,0.0,0.0,0.0,0.0,-76791.46459566907,-71687.5417032417,-82453.61098351167,-89427.7421017159,-89578.88465439704,20941.757602165308,22845.65214837939,19340.194508244487,17064.468949141832,15171.887672801486,97733.22219783436,94533.19385162112,101793.80549175615,106492.21105085776,104750.77232719852,1.0,1.0,1.0,1.0,1.0,TMC,126157,BJP,34208,91949,Malda,SAFE_TMC,SAFE_TMC,SAFE_TMC,SAFE_TMC,SAFE_TMC,0
52,Mothabari,0.0,0.0,0.0,0.0,0.0,-70838.04651059046,-62477.768200463775,-80135.16977884117,-93716.72421276003,-98711.37123131123,60460.71826646631,63593.68661997523,57798.84516239303,52965.39654646918,47532.080135639306,131298.76477705676,126071.454820439,137934.0149412342,146682.12075922923,146243.45136695055,1.0,1.0,1.0,1.0,1.0,TMC,97397,BJP,40824,56573,Malda,SAFE_TMC,SAFE_TMC,SAFE_TMC,SAFE_TMC,SAFE_TMC,0
53,Sujapur,0.0,0.0,0.0,0.0,0.0,-126164.78111796286,-119415.4240240793,-133432.21698703317,-141295.96398548922,-139451.77552157542,35270.18229101811,37570.68248796048,33674.39150648318,31750.32800725504,29660.707239212687,161434.96340898096,156986.10651203978,167106.60849351634,173046.29199274429,169112.4827607881,1.0,1.0,1.0,1.0,1.0,TMC,152445,INC,22282,130163,Malda,SAFE_TMC,SAFE_TMC,SAFE_TMC,SAFE_TMC,SAFE_TMC,0
