ac_no,ac_name,iterations,mean_bjp_votes,mean_tmc_votes,bjp_win_probability,tmc_win_probability,expected_margin,turnout_change,sir_deletion_factor,tmc_to_bjp_swing,noise_sd,ac_noise_sd,scenario_id,scenario,predicted_winner,winner_probability,confidence_pct,margin_probability_gap,confidence_bucket
1,Mekliganj (SC),20000,30940.94053233397,36350.059467665866,0.1603,0.8397,-5409.118935331899,0.0,0.0,0.0,0.015,0.04,neutral,Neutral,TMC,0.8397,83.97,0.6794,likely
2,Mathabhanga (SC),20000,72196.91829777749,55638.05600128849,0.94925,0.05075,16558.862296489013,0.0,0.0,0.0,0.015,0.04,neutral,Neutral,BJP,0.94925,94.92,0.8985000000000001,high_confidence
3,Cooch Behar Uttar (SC),20000,42941.47774131509,37698.9332175891,0.7921,0.2079,5242.54452372598,0.0,0.0,0.0,0.015,0.04,neutral,Neutral,BJP,0.7921,79.21,0.5842,likely
4,Cooch Behar Dakshin,20000,62194.5608538818,58793.64857020211,0.6375,0.3625,3400.912283679688,0.0,0.0,0.0,0.015,0.04,neutral,Neutral,BJP,0.6375,63.75,0.27499999999999997,lean
5,Sitalkuchi (SC),20000,15663.892640675756,11736.107359324187,0.9634,0.0366,3927.785281351569,0.0,0.0,0.0,0.015,0.04,neutral,Neutral,BJP,0.9634,96.34,0.9268000000000001,high_confidence
6,Sitai (SC),20000,44614.95096851574,48811.50555322359,0.29255,0.70745,-4196.554584707845,0.0,0.0,0.0,0.015,0.04,neutral,Neutral,TMC,0.70745,70.74,0.41490000000000005,lean
7,Dinhata,20000,64345.61669529158,64056.38330470843,0.49165,0.50835,289.2333905831456,0.0,0.0,0.0,0.015,0.04,neutral,Neutral,TMC,0.50835,50.83,0.016699999999999993,competitive
8,Natabari,20000,82198.00524649471,64975.4902490008,0.9299,0.0701,17222.514997493912,0.0,0.0,0.0,0.015,0.04,neutral,Neutral,BJP,0.9299,92.99,0.8597999999999999,high_confidence
9,Tufanganj,20000,90762.24538931037,65967.45320882043,0.9766,0.0234,24794.79218048993,0.0,0.0,0.0,0.015,0.04,neutral,Neutral,BJP,0.9766,97.66,0.9532,high_confidence
10,Kumargram (ST),20000,87262.47525014385,78757.14200649325,0.73585,0.26415,8505.333243650603,0.0,0.0,0.0,0.015,0.04,neutral,Neutral,BJP,0.73585,73.58,0.4717,lean
11,Kalchini (ST),20000,26080.22953555322,18890.897915427056,0.97775,0.02225,7189.331620126161,0.0,0.0,0.0,0.015,0.04,neutral,Neutral,BJP,0.97775,97.78,0.9555,high_confidence
12,Alipurduars,20000,63655.18681382877,54087.46162367136,0.84315,0.15685,9567.725190157413,0.0,0.0,0.0,0.015,0.04,neutral,Neutral,BJP,0.84315,84.32,0.6862999999999999,likely
13,Falakata,20000,103586.76835971004,99397.23164029,0.6033,0.3967,4189.536719420052,0.0,0.0,0.0,0.015,0.04,neutral,Neutral,BJP,0.6033,60.33,0.20659999999999995,lean
14,Madarihat,20000,56891.74005532465,38266.25994467511,0.9926,0.0074,18625.480110649543,0.0,0.0,0.0,0.015,0.04,neutral,Neutral,BJP,0.9926,99.26,0.9852000000000001,high_confidence
15,Dhupguri (SC),20000,82229.44550550214,78875.9406331125,0.60215,0.39785,3353.5048723896384,0.0,0.0,0.0,0.015,0.04,neutral,Neutral,BJP,0.60215,60.22,0.20429999999999998,lean
16,Maynaguri (SC),20000,78988.77925746191,70859.14658999573,0.75095,0.24905,8129.632667466176,0.0,0.0,0.0,0.015,0.04,neutral,Neutral,BJP,0.75095,75.1,0.5019,likely
17,Jalpaiguri (SC),20000,54893.95809931502,55326.5887756849,0.4815,0.5185,-432.63067636988166,0.0,0.0,0.0,0.015,0.04,neutral,Neutral,TMC,0.5185,51.85,0.03699999999999998,competitive
18,Rajganj (SC),20000,36610.05062006205,43112.361144643895,0.15715,0.84285,-6502.31052458185,0.0,0.0,0.0,0.015,0.04,neutral,Neutral,TMC,0.84285,84.28,0.6857,likely
19,Dabgram-Phulbari,20000,38113.39234818151,29919.685032770914,0.933,0.067,8193.707315410596,0.0,0.0,0.0,0.015,0.04,neutral,Neutral,BJP,0.933,93.3,0.8660000000000001,high_confidence
20,Mal (ST),20000,46126.43764516311,40989.562354836926,0.83875,0.16125,5136.87529032619,0.0,0.0,0.0,0.015,0.04,neutral,Neutral,BJP,0.83875,83.88,0.6775,likely
21,Nagrakata (ST),20000,25853.312072478453,19454.252862586454,0.96045,0.03955,6399.059209891992,0.0,0.0,0.0,0.015,0.04,neutral,Neutral,BJP,0.96045,96.04,0.9209,high_confidence
22,Kalimpong,20000,46135.33381694339,808.1732253117553,1.0,0.0,45327.16059163164,0.0,0.0,0.0,0.015,0.04,neutral,Neutral,BJP,1.0,100.0,1.0,high_confidence
23,Darjeeling,20000,191082.09003499505,34638.90996500479,1.0,0.0,156443.18006999025,0.0,0.0,0.0,0.015,0.04,neutral,Neutral,BJP,1.0,100.0,1.0,high_confidence
24,Kurseong,20000,185813.33261018075,3164.1787020256093,1.0,0.0,182649.15390815516,0.0,0.0,0.0,0.015,0.04,neutral,Neutral,BJP,1.0,100.0,1.0,high_confidence
25,Matigara-Naxalbari (SC),20000,106170.90004525066,52398.384971036445,1.0,0.0,53772.51507421421,0.0,0.0,0.0,0.015,0.04,neutral,Neutral,BJP,1.0,100.0,1.0,high_confidence
26,Siliguri,20000,10119.476143723756,6076.523856276241,0.99915,0.00085,4042.952287447516,0.0,0.0,0.0,0.015,0.04,neutral,Neutral,BJP,0.99915,99.92,0.9983,high_confidence
27,Phansidewa (ST),20000,8831.26581738354,6500.734182616472,0.97185,0.02815,2330.531634767069,0.0,0.0,0.0,0.015,0.04,neutral,Neutral,BJP,0.97185,97.18,0.9437,high_confidence
28,Chopra,20000,57243.246949305954,119148.2729782312,0.0,1.0,-61905.02602892526,0.0,0.0,0.0,0.015,0.04,neutral,Neutral,TMC,1.0,100.0,1.0,high_confidence
29,Islampur,20000,6656.3984145460245,14721.601585454073,0.0,1.0,-8065.203170908046,0.0,0.0,0.0,0.015,0.04,neutral,Neutral,TMC,1.0,100.0,1.0,high_confidence
30,Goalpokhar,20000,22361.05040647059,38211.94959352964,0.0,1.0,-15850.89918705905,0.0,0.0,0.0,0.015,0.04,neutral,Neutral,TMC,1.0,100.0,1.0,high_confidence
31,Chakulia,20000,17268.131112666415,28424.868887333792,0.0009,0.9991,-11156.737774667376,0.0,0.0,0.0,0.015,0.04,neutral,Neutral,TMC,0.9991,99.91,0.9982,high_confidence
32,Karandighi,20000,51612.68755005503,79849.31244994534,0.0,1.0,-28236.62489989031,0.0,0.0,0.0,0.015,0.04,neutral,Neutral,TMC,1.0,100.0,1.0,high_confidence
33,Hemtabad (SC),20000,59345.330294659325,77352.04007571115,0.051,0.949,-18006.709781051813,0.0,0.0,0.0,0.015,0.04,neutral,Neutral,TMC,0.949,94.9,0.8979999999999999,high_confidence
34,Kaliaganj (SC),20000,119760.21953563511,95831.78046436518,0.9244,0.0756,23928.439071269942,0.0,0.0,0.0,0.015,0.04,neutral,Neutral,BJP,0.9244,92.44,0.8488,high_confidence
35,Raiganj,20000,22262.9481799088,16475.275034376897,0.9679,0.0321,5787.673145531905,0.0,0.0,0.0,0.015,0.04,neutral,Neutral,BJP,0.9679,96.79,0.9358,high_confidence
36,Itahar,20000,24452.862924707497,39646.137075292536,0.0015,0.9985,-15193.274150585035,0.0,0.0,0.0,0.015,0.04,neutral,Neutral,TMC,0.9985,99.85,0.9970000000000001,high_confidence
37,Kushmandi (SC),20000,42428.44703040489,49379.65776001421,0.17455,0.82545,-6951.210729609323,0.0,0.0,0.0,0.015,0.04,neutral,Neutral,TMC,0.82545,82.54,0.6509,likely
38,Kumarganj,20000,26363.80417015397,39148.195829846016,0.00775,0.99225,-12784.391659692046,0.0,0.0,0.0,0.015,0.04,neutral,Neutral,TMC,0.99225,99.22,0.9844999999999999,high_confidence
39,Balurghat,20000,49413.632418541536,40243.78733454495,0.8997,0.1003,9169.845083996584,0.0,0.0,0.0,0.015,0.04,neutral,Neutral,BJP,0.8997,89.97,0.7994000000000001,likely
40,Tapan (ST),20000,50068.99655192241,49084.578749282366,0.5485,0.4515,984.4178026400448,0.0,0.0,0.0,0.015,0.04,neutral,Neutral,BJP,0.5485,54.85,0.09699999999999998,competitive
41,Gangarampur (SC),20000,48616.18518780331,46092.36870441227,0.6299,0.3701,2523.8164833910405,0.0,0.0,0.0,0.015,0.04,neutral,Neutral,BJP,0.6299,62.99,0.25980000000000003,lean
42,Harirampur,20000,67573.05926267755,88531.30699246703,0.0454,0.9546,-20958.247729789477,0.0,0.0,0.0,0.015,0.04,neutral,Neutral,TMC,0.9546,95.46,0.9092,high_confidence
43,Habibpur (ST),20000,107672.3885094618,85209.04006196628,0.9278,0.0722,22463.348447495508,0.0,0.0,0.0,0.015,0.04,neutral,Neutral,BJP,0.9278,92.78,0.8555999999999999,high_confidence
44,Gazole (SC),20000,88559.71748267695,51018.28251732322,1.0,0.0,37541.43496535373,0.0,0.0,0.0,0.015,0.04,neutral,Neutral,BJP,1.0,100.0,1.0,high_confidence
45,Chanchal,20000,40855.59338248395,97433.10345009468,0.0,1.0,-56577.51006761074,0.0,0.0,0.0,0.015,0.04,neutral,Neutral,TMC,1.0,100.0,1.0,high_confidence
46,Harishchandrapur,20000,10086.948391663342,27418.45339405114,0.0,1.0,-17331.5050023878,0.0,0.0,0.0,0.015,0.04,neutral,Neutral,TMC,1.0,100.0,1.0,high_confidence
47,Malatipur,20000,18346.53596182756,92149.46403817186,0.0,1.0,-73802.9280763443,0.0,0.0,0.0,0.015,0.04,neutral,Neutral,TMC,1.0,100.0,1.0,high_confidence
48,Ratua,20000,141488.73688425668,70787.26311574313,1.0,0.0,70701.47376851355,0.0,0.0,0.0,0.015,0.04,neutral,Neutral,BJP,1.0,100.0,1.0,high_confidence
49,Manikchak,20000,158938.94989517238,20225.05010482813,1.0,0.0,138713.8997903443,0.0,0.0,0.0,0.015,0.04,neutral,Neutral,BJP,1.0,100.0,1.0,high_confidence
50,Maldaha,20000,19956.043778962,16654.956221038014,0.8703,0.1297,3301.087557923988,0.0,0.0,0.0,0.015,0.04,neutral,Neutral,BJP,0.8703,87.03,0.7405999999999999,likely
51,English Bazar,20000,147824.36099271564,120061.32108820904,0.89945,0.10055,27763.03990450659,0.0,0.0,0.0,0.015,0.04,neutral,Neutral,BJP,0.89945,89.94,0.7988999999999999,likely
52,Mothabari,20000,35421.26929884126,84510.73070115873,0.0,1.0,-49089.461402317465,0.0,0.0,0.0,0.015,0.04,neutral,Neutral,TMC,1.0,100.0,1.0,high_confidence
53,Sujapur,20000,22797.22687506564,127323.77312493412,0.0,1.0,-104526.5462498685,0.0,0.0,0.0,0.015,0.04,neutral,Neutral,TMC,1.0,100.0,1.0,high_confidence
54,Baisnabnagar,20000,38589.94157630652,91004.05842369318,0.0,1.0,-52414.11684738666,0.0,0.0,0.0,0.015,0.04,neutral,Neutral,TMC,1.0,100.0,1.0,high_confidence
1,Mekliganj (SC),20000,32313.070739215796,34977.92926078433,0.31035,0.68965,-2664.8585215685366,0.0,0.0,0.02,0.015,0.04,bjp_moderate,BJP moderate +2pp,TMC,0.68965,68.96,0.37929999999999997,lean
2,Mathabhanga (SC),20000,74842.92492462244,52992.04937444266,0.98345,0.01655,21850.875550179782,0.0,0.0,0.02,0.015,0.04,bjp_moderate,BJP moderate +2pp,BJP,0.98345,98.34,0.9669000000000001,high_confidence
3,Cooch Behar Uttar (SC),20000,44542.69260776584,36097.71835113804,0.90645,0.09355,8444.974256627798,0.0,0.0,0.02,0.015,0.04,bjp_moderate,BJP moderate +2pp,BJP,0.90645,90.64,0.8129,high_confidence
4,Cooch Behar Dakshin,20000,64576.37883494268,56411.83058914115,0.7993,0.2007,8164.54824580152,0.0,0.0,0.02,0.015,0.04,bjp_moderate,BJP moderate +2pp,BJP,0.7993,79.93,0.5986,likely
5,Sitalkuchi (SC),20000,16204.830577315932,11195.169422684106,0.99035,0.00965,5009.661154631826,0.0,0.0,0.02,0.015,0.04,bjp_moderate,BJP moderate +2pp,BJP,0.99035,99.04,0.9806999999999999,high_confidence
6,Sitai (SC),20000,46480.357818739336,46946.0987030002,0.4707,0.5293,-465.7408842608631,0.0,0.0,0.02,0.015,0.04,bjp_moderate,BJP moderate +2pp,TMC,0.5293,52.93,0.058599999999999985,competitive
7,Dinhata,20000,66725.92744940854,61676.0725505916,0.68505,0.31495,5049.854898816943,0.0,0.0,0.02,0.015,0.04,bjp_moderate,BJP moderate +2pp,BJP,0.68505,68.51,0.37010000000000004,lean
8,Natabari,20000,85227.56412077212,61945.93137472366,0.97485,0.02515,23281.63274604846,0.0,0.0,0.02,0.015,0.04,bjp_moderate,BJP moderate +2pp,BJP,0.97485,97.48,0.9497,high_confidence
9,Tufanganj,20000,93875.51933936556,62854.17925876499,0.99375,0.00625,31021.34008060056,0.0,0.0,0.02,0.015,0.04,bjp_moderate,BJP moderate +2pp,BJP,0.99375,99.38,0.9875,high_confidence
10,Kumargram (ST),20000,90678.8693932787,75340.74786335875,0.8761,0.1239,15338.121529919958,0.0,0.0,0.02,0.015,0.04,bjp_moderate,BJP moderate +2pp,BJP,0.8761,87.61,0.7522,likely
11,Kalchini (ST),20000,26986.363597904485,17984.763853076012,0.9941,0.0059,9001.599744828474,0.0,0.0,0.02,0.015,0.04,bjp_moderate,BJP moderate +2pp,BJP,0.9941,99.41,0.9882,high_confidence
12,Alipurduars,20000,65940.9694005904,51801.67903690957,0.9331,0.0669,14139.290363680828,0.0,0.0,0.02,0.015,0.04,bjp_moderate,BJP moderate +2pp,BJP,0.9331,93.31,0.8662000000000001,high_confidence
13,Falakata,20000,107533.06656589918,95450.93343410084,0.7684,0.2316,12082.133131798351,0.0,0.0,0.02,0.015,0.04,bjp_moderate,BJP moderate +2pp,BJP,0.7684,76.84,0.5367999999999999,likely
14,Madarihat,20000,58840.37209021597,36317.62790978408,0.99835,0.00165,22522.74418043189,0.0,0.0,0.02,0.015,0.04,bjp_moderate,BJP moderate +2pp,BJP,0.99835,99.84,0.9966999999999999,high_confidence
15,Dhupguri (SC),20000,85395.67692587468,75709.70921273928,0.7732,0.2268,9685.967713135398,0.0,0.0,0.02,0.015,0.04,bjp_moderate,BJP moderate +2pp,BJP,0.7732,77.32,0.5464,likely
16,Maynaguri (SC),20000,82054.59509853965,67793.33074891802,0.883,0.117,14261.264349621642,0.0,0.0,0.02,0.015,0.04,bjp_moderate,BJP moderate +2pp,BJP,0.883,88.3,0.766,likely
17,Jalpaiguri (SC),20000,57001.23549403651,53219.31138096372,0.667,0.333,3781.9241130727887,0.0,0.0,0.02,0.015,0.04,bjp_moderate,BJP moderate +2pp,BJP,0.667,66.7,0.334,lean
18,Rajganj (SC),20000,38216.78883693719,41505.62292776869,0.30035,0.69965,-3288.8340908315063,0.0,0.0,0.02,0.015,0.04,bjp_moderate,BJP moderate +2pp,TMC,0.69965,69.96,0.3993,lean
19,Dabgram-Phulbari,20000,39438.90761674888,28594.16976420313,0.9781,0.0219,10844.737852545744,0.0,0.0,0.02,0.015,0.04,bjp_moderate,BJP moderate +2pp,BJP,0.9781,97.81,0.9561999999999999,high_confidence
20,Mal (ST),20000,47370.01800717863,39745.98199282134,0.9313,0.0687,7624.0360143572925,0.0,0.0,0.02,0.015,0.04,bjp_moderate,BJP moderate +2pp,BJP,0.9313,93.13,0.8626,high_confidence
21,Nagrakata (ST),20000,26778.00525337964,18529.559681685176,0.9881,0.0119,8248.445571694461,0.0,0.0,0.02,0.015,0.04,bjp_moderate,BJP moderate +2pp,BJP,0.9881,98.81,0.9762,high_confidence
22,Kalimpong,20000,46526.740840795406,416.766201461198,1.0,0.0,46109.97463933421,0.0,0.0,0.02,0.015,0.04,bjp_moderate,BJP moderate +2pp,BJP,1.0,100.0,1.0,high_confidence
23,Darjeeling,20000,193060.85027303817,32660.149726961656,1.0,0.0,160400.70054607652,0.0,0.0,0.02,0.015,0.04,bjp_moderate,BJP moderate +2pp,BJP,1.0,100.0,1.0,high_confidence
24,Kurseong,20000,187277.01950888583,1700.491803308922,1.0,0.0,185576.5277055769,0.0,0.0,0.02,0.015,0.04,bjp_moderate,BJP moderate +2pp,BJP,1.0,100.0,1.0,high_confidence
25,Matigara-Naxalbari (SC),20000,109347.86779026642,49221.41722602031,1.0,0.0,60126.45056424611,0.0,0.0,0.02,0.015,0.04,bjp_moderate,BJP moderate +2pp,BJP,1.0,100.0,1.0,high_confidence
26,Siliguri,20000,10436.058512377202,5759.94148762286,0.99965,0.00035,4676.117024754341,0.0,0.0,0.02,0.015,0.04,bjp_moderate,BJP moderate +2pp,BJP,0.99965,99.96,0.9993000000000001,high_confidence
27,Phansidewa (ST),20000,9126.475630408926,6205.524369591079,0.99115,0.00885,2920.951260817848,0.0,0.0,0.02,0.015,0.04,bjp_moderate,BJP moderate +2pp,BJP,0.99115,99.12,0.9823,high_confidence
28,Chopra,20000,60712.38940431284,115679.13052322344,0.0,1.0,-54966.74111891061,0.0,0.0,0.02,0.015,0.04,bjp_moderate,BJP moderate +2pp,TMC,1.0,100.0,1.0,high_confidence
29,Islampur,20000,7034.277868223878,14343.72213177607,0.0,1.0,-7309.444263552194,0.0,0.0,0.02,0.015,0.04,bjp_moderate,BJP moderate +2pp,TMC,1.0,100.0,1.0,high_confidence
30,Goalpokhar,20000,23263.28183958592,37309.71816041436,0.00045,0.99955,-14046.436320828434,0.0,0.0,0.02,0.015,0.04,bjp_moderate,BJP moderate +2pp,TMC,0.99955,99.96,0.9991000000000001,high_confidence
31,Chakulia,20000,18204.054341946623,27488.945658053355,0.00475,0.99525,-9284.891316106734,0.0,0.0,0.02,0.015,0.04,bjp_moderate,BJP moderate +2pp,TMC,0.99525,99.52,0.9904999999999999,high_confidence
32,Karandighi,20000,53183.80398618682,78278.19601381356,0.0,1.0,-25094.392027626756,0.0,0.0,0.02,0.015,0.04,bjp_moderate,BJP moderate +2pp,TMC,1.0,100.0,1.0,high_confidence
33,Hemtabad (SC),20000,62019.28704284449,74678.08332752512,0.1238,0.8762,-12658.79628468063,0.0,0.0,0.02,0.015,0.04,bjp_moderate,BJP moderate +2pp,TMC,0.8762,87.62,0.7524,likely
34,Kaliaganj (SC),20000,123918.57979478782,91673.42020521178,0.97315,0.02685,32245.15958957603,0.0,0.0,0.02,0.015,0.04,bjp_moderate,BJP moderate +2pp,BJP,0.97315,97.32,0.9462999999999999,high_confidence
35,Raiganj,20000,23046.830779894328,15691.392434391477,0.9916,0.0084,7355.438345502854,0.0,0.0,0.02,0.015,0.04,bjp_moderate,BJP moderate +2pp,BJP,0.9916,99.16,0.9832000000000001,high_confidence
36,Itahar,20000,25757.50761230217,38341.49238769763,0.0085,0.9915,-12583.984775395456,0.0,0.0,0.02,0.015,0.04,bjp_moderate,BJP moderate +2pp,TMC,0.9915,99.15,0.9830000000000001,high_confidence
37,Kushmandi (SC),20000,44258.595010411824,47549.50978000767,0.3268,0.6732,-3290.914769595849,0.0,0.0,0.02,0.015,0.04,bjp_moderate,BJP moderate +2pp,TMC,0.6732,67.32,0.34640000000000004,lean
38,Kumarganj,20000,27637.91506410425,37874.08493589588,0.0263,0.9737,-10236.169871791624,0.0,0.0,0.02,0.015,0.04,bjp_moderate,BJP moderate +2pp,TMC,0.9737,97.37,0.9474,high_confidence
39,Balurghat,20000,51220.52748905503,38436.892264031456,0.9631,0.0369,12783.635225023574,0.0,0.0,0.02,0.015,0.04,bjp_moderate,BJP moderate +2pp,BJP,0.9631,96.31,0.9261999999999999,high_confidence
40,Tapan (ST),20000,52004.01927655106,47149.55602465392,0.7292,0.2708,4854.463251897138,0.0,0.0,0.02,0.015,0.04,bjp_moderate,BJP moderate +2pp,BJP,0.7292,72.92,0.4584,lean
41,Gangarampur (SC),20000,50492.490303193415,44216.063589021694,0.7943,0.2057,6276.426714171719,0.0,0.0,0.02,0.015,0.04,bjp_moderate,BJP moderate +2pp,BJP,0.7943,79.43,0.5886,likely
42,Harirampur,20000,70693.04314987616,85411.323105268,0.11945,0.88055,-14718.279955391836,0.0,0.0,0.02,0.015,0.04,bjp_moderate,BJP moderate +2pp,TMC,0.88055,88.06,0.7611000000000001,likely
43,Habibpur (ST),20000,111526.87799064434,81354.55058078363,0.97435,0.02565,30172.327409860707,0.0,0.0,0.02,0.015,0.04,bjp_moderate,BJP moderate +2pp,BJP,0.97435,97.44,0.9487000000000001,high_confidence
44,Gazole (SC),20000,90596.56572111536,48981.43427888476,1.0,0.0,41615.13144223061,0.0,0.0,0.02,0.015,0.04,bjp_moderate,BJP moderate +2pp,BJP,1.0,100.0,1.0,high_confidence
45,Chanchal,20000,43616.95109317084,94671.74573940874,0.0,1.0,-51054.794646237904,0.0,0.0,0.02,0.015,0.04,bjp_moderate,BJP moderate +2pp,TMC,1.0,100.0,1.0,high_confidence
46,Harishchandrapur,20000,10819.726626711828,26685.67515900244,0.0,1.0,-15865.948532290611,0.0,0.0,0.02,0.015,0.04,bjp_moderate,BJP moderate +2pp,TMC,1.0,100.0,1.0,high_confidence
47,Malatipur,20000,20204.00470129843,90291.99529870167,0.0,1.0,-70087.99059740324,0.0,0.0,0.02,0.015,0.04,bjp_moderate,BJP moderate +2pp,TMC,1.0,100.0,1.0,high_confidence
48,Ratua,20000,144389.31239092228,67886.68760907774,1.0,0.0,76502.62478184454,0.0,0.0,0.02,0.015,0.04,bjp_moderate,BJP moderate +2pp,BJP,1.0,100.0,1.0,high_confidence
49,Manikchak,20000,161387.8579140598,17776.142085939435,1.0,0.0,143611.7158281204,0.0,0.0,0.02,0.015,0.04,bjp_moderate,BJP moderate +2pp,BJP,1.0,100.0,1.0,high_confidence
50,Maldaha,20000,20722.005488611878,15888.994511388066,0.9515,0.0485,4833.010977223808,0.0,0.0,0.02,0.015,0.04,bjp_moderate,BJP moderate +2pp,BJP,0.9515,95.15,0.903,high_confidence
51,English Bazar,20000,153181.61708432576,114704.06499659856,0.95935,0.04065,38477.55208772719,0.0,0.0,0.02,0.015,0.04,bjp_moderate,BJP moderate +2pp,BJP,0.95935,95.94,0.9187000000000001,high_confidence
52,Mothabari,20000,37822.37768168952,82109.62231831047,0.0,1.0,-44287.24463662096,0.0,0.0,0.02,0.015,0.04,bjp_moderate,BJP moderate +2pp,TMC,1.0,100.0,1.0,high_confidence
53,Sujapur,20000,24551.93079208005,125569.06920792029,0.0,1.0,-101017.13841584022,0.0,0.0,0.02,0.015,0.04,bjp_moderate,BJP moderate +2pp,TMC,1.0,100.0,1.0,high_confidence
54,Baisnabnagar,20000,40929.66884177716,88664.3311582235,0.0,1.0,-47734.66231644634,0.0,0.0,0.02,0.015,0.04,bjp_moderate,BJP moderate +2pp,TMC,1.0,100.0,1.0,high_confidence
1,Mekliganj (SC),20000,33662.18563303327,33628.81436696673,0.50695,0.49305,33.371266066539285,0.0,0.0,0.04,0.015,0.04,bjp_surge,BJP surge +4pp,BJP,0.50695,50.7,0.013900000000000023,competitive
2,Mathabhanga (SC),20000,77371.04086306904,50463.9334359968,0.9946,0.0054,26907.10742707224,0.0,0.0,0.04,0.015,0.04,bjp_surge,BJP surge +4pp,BJP,0.9946,99.46,0.9892000000000001,high_confidence
3,Cooch Behar Uttar (SC),20000,46156.41559293708,34483.99536596702,0.9639,0.0361,11672.420226970058,0.0,0.0,0.04,0.015,0.04,bjp_surge,BJP surge +4pp,BJP,0.9639,96.39,0.9278,high_confidence
4,Cooch Behar Dakshin,20000,67050.26429913274,53937.945124951446,0.909,0.091,13112.319174181295,0.0,0.0,0.04,0.015,0.04,bjp_surge,BJP surge +4pp,BJP,0.909,90.9,0.8180000000000001,high_confidence
5,Sitalkuchi (SC),20000,16746.434913965964,10653.565086034014,0.9974,0.0026,6092.869827931951,0.0,0.0,0.04,0.015,0.04,bjp_surge,BJP surge +4pp,BJP,0.9974,99.74,0.9947999999999999,high_confidence
6,Sitai (SC),20000,48321.21082599494,45105.245695744205,0.6664,0.3336,3215.965130250734,0.0,0.0,0.04,0.015,0.04,bjp_surge,BJP surge +4pp,BJP,0.6664,66.64,0.3328,lean
7,Dinhata,20000,69166.61990978708,59235.3800902131,0.8342,0.1658,9931.239819573986,0.0,0.0,0.04,0.015,0.04,bjp_surge,BJP surge +4pp,BJP,0.8342,83.42,0.6684000000000001,likely
8,Natabari,20000,88084.07093882051,59089.42455667506,0.99285,0.00715,28994.646382145453,0.0,0.0,0.04,0.015,0.04,bjp_surge,BJP surge +4pp,BJP,0.99285,99.28,0.9857,high_confidence
9,Tufanganj,20000,97042.46972928074,59687.22886884948,0.9985,0.0015,37355.24086043125,0.0,0.0,0.04,0.015,0.04,bjp_surge,BJP surge +4pp,BJP,0.9985,99.85,0.9970000000000001,high_confidence
10,Kumargram (ST),20000,93973.74896723629,72045.8682894007,0.948,0.052,21927.88067783556,0.0,0.0,0.04,0.015,0.04,bjp_surge,BJP surge +4pp,BJP,0.948,94.8,0.8959999999999999,high_confidence
11,Kalchini (ST),20000,27898.734106735395,17072.39334424503,0.9987,0.0013,10826.340762490368,0.0,0.0,0.04,0.015,0.04,bjp_surge,BJP surge +4pp,BJP,0.9987,99.87,0.9974000000000001,high_confidence
12,Alipurduars,20000,68323.79350353849,49418.85493396141,0.9779,0.0221,18904.93856957708,0.0,0.0,0.04,0.015,0.04,bjp_surge,BJP surge +4pp,BJP,0.9779,97.79,0.9558,high_confidence
13,Falakata,20000,111630.68206250967,91353.3179374904,0.89365,0.10635,20277.36412501928,0.0,0.0,0.04,0.015,0.04,bjp_surge,BJP surge +4pp,BJP,0.89365,89.36,0.7873000000000001,likely
14,Madarihat,20000,60686.84618055901,34471.15381944034,0.9999,0.0001,26215.69236111868,0.0,0.0,0.04,0.015,0.04,bjp_surge,BJP surge +4pp,BJP,0.9999,99.99,0.9998,high_confidence
15,Dhupguri (SC),20000,88665.14613981264,72440.239998801,0.8951,0.1049,16224.906141011645,0.0,0.0,0.04,0.015,0.04,bjp_surge,BJP surge +4pp,BJP,0.8951,89.51,0.7902,likely
16,Maynaguri (SC),20000,85046.98895656824,64800.936890888894,0.9534,0.0466,20246.05206567935,0.0,0.0,0.04,0.015,0.04,bjp_surge,BJP surge +4pp,BJP,0.9534,95.34,0.9068,high_confidence
17,Jalpaiguri (SC),20000,59303.69646726832,50916.85040773143,0.82705,0.17295,8386.846059536898,0.0,0.0,0.04,0.015,0.04,bjp_surge,BJP surge +4pp,BJP,0.82705,82.7,0.6540999999999999,likely
18,Rajganj (SC),20000,39820.8774843902,39901.53428031519,0.4964,0.5036,-80.6567959249854,0.0,0.0,0.04,0.015,0.04,bjp_surge,BJP surge +4pp,TMC,0.5036,50.36,0.00720000000000004,competitive
19,Dabgram-Phulbari,20000,40807.72128961668,27225.35609133567,0.99425,0.00575,13582.365198281002,0.0,0.0,0.04,0.015,0.04,bjp_surge,BJP surge +4pp,BJP,0.99425,99.42,0.9884999999999999,high_confidence
20,Mal (ST),20000,48628.33034869902,38487.66965130085,0.9756,0.0244,10140.660697398174,0.0,0.0,0.04,0.015,0.04,bjp_surge,BJP surge +4pp,BJP,0.9756,97.56,0.9512,high_confidence
21,Nagrakata (ST),20000,27686.31440515013,17621.25052991474,0.9965,0.0035,10065.063875235384,0.0,0.0,0.04,0.015,0.04,bjp_surge,BJP surge +4pp,BJP,0.9965,99.65,0.9930000000000001,high_confidence
22,Kalimpong,20000,46762.92287443639,180.58416782226843,1.0,0.0,46582.33870661413,0.0,0.0,0.04,0.015,0.04,bjp_surge,BJP surge +4pp,BJP,1.0,100.0,1.0,high_confidence
23,Darjeeling,20000,194483.877557842,31237.12244215699,1.0,0.0,163246.75511568502,0.0,0.0,0.04,0.015,0.04,bjp_surge,BJP surge +4pp,BJP,1.0,100.0,1.0,high_confidence
24,Kurseong,20000,188213.7343622213,763.7769499603937,1.0,0.0,187449.95741226088,0.0,0.0,0.04,0.015,0.04,bjp_surge,BJP surge +4pp,BJP,1.0,100.0,1.0,high_confidence
25,Matigara-Naxalbari (SC),20000,112597.40445553964,45971.88056074734,1.0,0.0,66625.52389479232,0.0,0.0,0.04,0.015,0.04,bjp_surge,BJP surge +4pp,BJP,1.0,100.0,1.0,high_confidence
26,Siliguri,20000,10756.56172240558,5439.438277594347,1.0,0.0,5317.123444811232,0.0,0.0,0.04,0.015,0.04,bjp_surge,BJP surge +4pp,BJP,1.0,100.0,1.0,high_confidence
27,Phansidewa (ST),20000,9443.25099797932,5888.749002020612,0.9978,0.0022,3554.50199595871,0.0,0.0,0.04,0.015,0.04,bjp_surge,BJP surge +4pp,BJP,0.9978,99.78,0.9956,high_confidence
28,Chopra,20000,64268.37201990424,112123.147907632,0.0003,0.9997,-47854.775887727774,0.0,0.0,0.04,0.015,0.04,bjp_surge,BJP surge +4pp,TMC,0.9997,99.97,0.9994000000000001,high_confidence
29,Islampur,20000,7433.762556977364,13944.237443022674,5e-05,0.99995,-6510.47488604531,0.0,0.0,0.04,0.015,0.04,bjp_surge,BJP surge +4pp,TMC,0.99995,100.0,0.9999,high_confidence
30,Goalpokhar,20000,24225.68456609905,36347.31543390088,0.0025,0.9975,-12121.630867801836,0.0,0.0,0.04,0.015,0.04,bjp_surge,BJP surge +4pp,TMC,0.9975,99.75,0.9950000000000001,high_confidence
31,Chakulia,20000,19115.24853410235,26577.751465897694,0.01955,0.98045,-7462.502931795347,0.0,0.0,0.04,0.015,0.04,bjp_surge,BJP surge +4pp,TMC,0.98045,98.04,0.9609000000000001,high_confidence
32,Karandighi,20000,54809.01334654403,76652.98665345587,0.00025,0.99975,-21843.97330691184,0.0,0.0,0.04,0.015,0.04,bjp_surge,BJP surge +4pp,TMC,0.99975,99.98,0.9995,high_confidence
33,Hemtabad (SC),20000,64739.43778503122,71957.93258533959,0.2548,0.7452,-7218.494800308359,0.0,0.0,0.04,0.015,0.04,bjp_surge,BJP surge +4pp,TMC,0.7452,74.52,0.49039999999999995,lean
34,Kaliaganj (SC),20000,128311.5092417625,87280.49075823765,0.99235,0.00765,41031.01848352485,0.0,0.0,0.04,0.015,0.04,bjp_surge,BJP surge +4pp,BJP,0.99235,99.24,0.9846999999999999,high_confidence
35,Raiganj,20000,23811.45118923097,14926.772025054675,0.99775,0.00225,8884.679164176297,0.0,0.0,0.04,0.015,0.04,bjp_surge,BJP surge +4pp,BJP,0.99775,99.78,0.9955,high_confidence
36,Itahar,20000,26997.22374184978,37101.77625815001,0.0242,0.9758,-10104.552516300226,0.0,0.0,0.04,0.015,0.04,bjp_surge,BJP surge +4pp,TMC,0.9758,97.58,0.9516,high_confidence
37,Kushmandi (SC),20000,46149.5338061216,45658.5709842978,0.5247,0.4753,490.9628218237996,0.0,0.0,0.04,0.015,0.04,bjp_surge,BJP surge +4pp,BJP,0.5247,52.47,0.049400000000000055,competitive
38,Kumarganj,20000,28954.16435824706,36557.835641752754,0.0701,0.9299,-7603.671283505696,0.0,0.0,0.04,0.015,0.04,bjp_surge,BJP surge +4pp,TMC,0.9299,92.99,0.8597999999999999,high_confidence
39,Balurghat,20000,53002.13093388913,36655.28881919731,0.98885,0.01115,16346.842114691824,0.0,0.0,0.04,0.015,0.04,bjp_surge,BJP surge +4pp,BJP,0.98885,98.88,0.9777,high_confidence
40,Tapan (ST),20000,54025.43529487015,45128.14000633463,0.86995,0.13005,8897.295288535523,0.0,0.0,0.04,0.015,0.04,bjp_surge,BJP surge +4pp,BJP,0.86995,87.0,0.7399,likely
41,Gangarampur (SC),20000,52402.386194670966,42306.16769754446,0.9099,0.0901,10096.218497126509,0.0,0.0,0.04,0.015,0.04,bjp_surge,BJP surge +4pp,BJP,0.9099,90.99,0.8198000000000001,high_confidence
42,Harirampur,20000,73862.18941417706,82242.17684096706,0.25065,0.74935,-8379.98742679,0.0,0.0,0.04,0.015,0.04,bjp_surge,BJP surge +4pp,TMC,0.74935,74.94,0.4987,lean
43,Habibpur (ST),20000,115299.30362369034,77582.12494773856,0.9938,0.0062,37717.17867595178,0.0,0.0,0.04,0.015,0.04,bjp_surge,BJP surge +4pp,BJP,0.9938,99.38,0.9876,high_confidence
44,Gazole (SC),20000,92620.51048015256,46957.48951984756,1.0,0.0,45663.02096030502,0.0,0.0,0.04,0.015,0.04,bjp_surge,BJP surge +4pp,BJP,1.0,100.0,1.0,high_confidence
45,Chanchal,20000,46411.86412173171,91876.83271084711,5e-05,0.99995,-45464.968589115415,0.0,0.0,0.04,0.015,0.04,bjp_surge,BJP surge +4pp,TMC,0.99995,100.0,0.9999,high_confidence
46,Harishchandrapur,20000,11586.548547829596,25918.853237884632,0.0,1.0,-14332.304690055036,0.0,0.0,0.04,0.015,0.04,bjp_surge,BJP surge +4pp,TMC,1.0,100.0,1.0,high_confidence
47,Malatipur,20000,22198.568715468573,88297.43128453204,0.0,1.0,-66098.86256906347,0.0,0.0,0.04,0.015,0.04,bjp_surge,BJP surge +4pp,TMC,1.0,100.0,1.0,high_confidence
48,Ratua,20000,147014.64158287935,65261.35841711956,1.0,0.0,81753.28316575979,0.0,0.0,0.04,0.015,0.04,bjp_surge,BJP surge +4pp,BJP,1.0,100.0,1.0,high_confidence
49,Manikchak,20000,163426.00554975675,15737.994450242924,1.0,0.0,147688.01109951385,0.0,0.0,0.04,0.015,0.04,bjp_surge,BJP surge +4pp,BJP,1.0,100.0,1.0,high_confidence
50,Maldaha,20000,21420.433986347307,15190.566013652711,0.98285,0.01715,6229.867972694594,0.0,0.0,0.04,0.015,0.04,bjp_surge,BJP surge +4pp,BJP,0.98285,98.28,0.9657,high_confidence
51,English Bazar,20000,158513.1087662498,109372.5733146764,0.98845,0.01155,49140.53545157337,0.0,0.0,0.04,0.015,0.04,bjp_surge,BJP surge +4pp,BJP,0.98845,98.84,0.9769000000000001,high_confidence
52,Mothabari,20000,40161.12240239817,79770.87759760175,0.0,1.0,-39609.75519520358,0.0,0.0,0.04,0.015,0.04,bjp_surge,BJP surge +4pp,TMC,1.0,100.0,1.0,high_confidence
53,Sujapur,20000,26586.384080143493,123534.61591985692,0.0,1.0,-96948.2318397134,0.0,0.0,0.04,0.015,0.04,bjp_surge,BJP surge +4pp,TMC,1.0,100.0,1.0,high_confidence
54,Baisnabnagar,20000,43405.627268949786,86188.3727310499,0.0,1.0,-42782.74546210011,0.0,0.0,0.04,0.015,0.04,bjp_surge,BJP surge +4pp,TMC,1.0,100.0,1.0,high_confidence
1,Mekliganj (SC),20000,28936.6675935636,38354.33240643655,0.03975,0.96025,-9417.664812872952,0.0,0.0,-0.03,0.015,0.04,tmc_consolidation,TMC consolidation -3pp,TMC,0.96025,96.02,0.9205000000000001,high_confidence
2,Mathabhanga (SC),20000,68420.60544772702,59414.36885133784,0.80735,0.19265,9006.236596389186,0.0,0.0,-0.03,0.015,0.04,tmc_consolidation,TMC consolidation -3pp,BJP,0.80735,80.74,0.6147,likely
3,Cooch Behar Uttar (SC),20000,40486.114687240646,40154.29627166367,0.5218,0.4782,331.8184155769765,0.0,0.0,-0.03,0.015,0.04,tmc_consolidation,TMC consolidation -3pp,BJP,0.5218,52.18,0.04360000000000003,competitive
4,Cooch Behar Dakshin,20000,58492.559190439344,62495.6502336448,0.33875,0.66125,-4003.091043205452,0.0,0.0,-0.03,0.015,0.04,tmc_consolidation,TMC consolidation -3pp,TMC,0.66125,66.12,0.3225,lean
5,Sitalkuchi (SC),20000,14835.238300632218,12564.76169936774,0.8473,0.1527,2270.476601264477,0.0,0.0,-0.03,0.015,0.04,tmc_consolidation,TMC consolidation -3pp,BJP,0.8473,84.73,0.6946000000000001,likely
6,Sitai (SC),20000,41822.34839384408,51604.1081278951,0.09495,0.90505,-9781.759734051018,0.0,0.0,-0.03,0.015,0.04,tmc_consolidation,TMC consolidation -3pp,TMC,0.90505,90.5,0.8101,high_confidence
7,Dinhata,20000,60869.69918550711,67532.30081449277,0.21985,0.78015,-6662.601628985667,0.0,0.0,-0.03,0.015,0.04,tmc_consolidation,TMC consolidation -3pp,TMC,0.78015,78.02,0.5603,likely
8,Natabari,20000,77760.75668712781,69412.73880836704,0.7581,0.2419,8348.017878760767,0.0,0.0,-0.03,0.015,0.04,tmc_consolidation,TMC consolidation -3pp,BJP,0.7581,75.81,0.5162,likely
9,Tufanganj,20000,86031.6998852355,70697.99871289547,0.888,0.112,15333.701172340036,0.0,0.0,-0.03,0.015,0.04,tmc_consolidation,TMC consolidation -3pp,BJP,0.888,88.8,0.776,likely
10,Kumargram (ST),20000,82341.71403311806,83677.90322351927,0.46075,0.53925,-1336.1891904012084,0.0,0.0,-0.03,0.015,0.04,tmc_consolidation,TMC consolidation -3pp,TMC,0.53925,53.92,0.07850000000000001,competitive
11,Kalchini (ST),20000,24750.09562731571,20221.031823664744,0.8962,0.1038,4529.063803650966,0.0,0.0,-0.03,0.015,0.04,tmc_consolidation,TMC consolidation -3pp,BJP,0.8962,89.62,0.7924,likely
12,Alipurduars,20000,60077.44497646265,57665.20346103732,0.6039,0.3961,2412.2415154253363,0.0,0.0,-0.03,0.015,0.04,tmc_consolidation,TMC consolidation -3pp,BJP,0.6039,60.39,0.20779999999999998,lean
13,Falakata,20000,97445.9332043748,105538.06679562536,0.30825,0.69175,-8092.133591250586,0.0,0.0,-0.03,0.015,0.04,tmc_consolidation,TMC consolidation -3pp,TMC,0.69175,69.18,0.38349999999999995,lean
14,Madarihat,20000,54088.713067806006,41069.28693219361,0.957,0.043,13019.4261356124,0.0,0.0,-0.03,0.015,0.04,tmc_consolidation,TMC consolidation -3pp,BJP,0.957,95.7,0.9139999999999999,high_confidence
15,Dhupguri (SC),20000,77452.85073739586,83652.53540121808,0.31355,0.68645,-6199.684663822221,0.0,0.0,-0.03,0.015,0.04,tmc_consolidation,TMC consolidation -3pp,TMC,0.68645,68.64,0.3729,lean
16,Maynaguri (SC),20000,74509.83499481164,75338.09085264572,0.47445,0.52555,-828.2558578340769,0.0,0.0,-0.03,0.015,0.04,tmc_consolidation,TMC consolidation -3pp,TMC,0.52555,52.55,0.05109999999999998,competitive
17,Jalpaiguri (SC),20000,51558.437737076056,58662.10913792393,0.2125,0.7875,-7103.671400847876,0.0,0.0,-0.03,0.015,0.04,tmc_consolidation,TMC consolidation -3pp,TMC,0.7875,78.75,0.575,likely
18,Rajganj (SC),20000,34232.351345862044,45490.06041884405,0.04,0.96,-11257.709072982008,0.0,0.0,-0.03,0.015,0.04,tmc_consolidation,TMC consolidation -3pp,TMC,0.96,96.0,0.9199999999999999,high_confidence
19,Dabgram-Phulbari,20000,36030.32065112755,32002.75672982509,0.76955,0.23045,4027.563921302456,0.0,0.0,-0.03,0.015,0.04,tmc_consolidation,TMC consolidation -3pp,BJP,0.76955,76.96,0.5390999999999999,likely
20,Mal (ST),20000,44162.78247400191,42953.21752599807,0.58925,0.41075,1209.5649480038344,0.0,0.0,-0.03,0.015,0.04,tmc_consolidation,TMC consolidation -3pp,BJP,0.58925,58.92,0.17850000000000005,competitive
21,Nagrakata (ST),20000,24503.06808473215,20804.4968503326,0.8462,0.1538,3698.571234399551,0.0,0.0,-0.03,0.015,0.04,tmc_consolidation,TMC consolidation -3pp,BJP,0.8462,84.62,0.6923999999999999,likely
22,Kalimpong,20000,45230.86667709648,1712.640365157218,1.0,0.0,43518.22631193926,0.0,0.0,-0.03,0.015,0.04,tmc_consolidation,TMC consolidation -3pp,BJP,1.0,100.0,1.0,high_confidence
23,Darjeeling,20000,187115.35736019784,38605.64263980218,1.0,0.0,148509.71472039566,0.0,0.0,-0.03,0.015,0.04,tmc_consolidation,TMC consolidation -3pp,BJP,1.0,100.0,1.0,high_confidence
24,Kurseong,20000,182155.56377438895,6821.947537825676,1.0,0.0,175333.6162365633,0.0,0.0,-0.03,0.015,0.04,tmc_consolidation,TMC consolidation -3pp,BJP,1.0,100.0,1.0,high_confidence
25,Matigara-Naxalbari (SC),20000,101459.25306361887,57110.03195266739,0.99985,0.00015,44349.2211109515,0.0,0.0,-0.03,0.015,0.04,tmc_consolidation,TMC consolidation -3pp,BJP,0.99985,99.98,0.9997,high_confidence
26,Siliguri,20000,9629.18918933501,6566.810810664962,0.99195,0.00805,3062.378378670048,0.0,0.0,-0.03,0.015,0.04,tmc_consolidation,TMC consolidation -3pp,BJP,0.99195,99.2,0.9839,high_confidence
27,Phansidewa (ST),20000,8366.222430785714,6965.777569214281,0.8711,0.1289,1400.4448615714327,0.0,0.0,-0.03,0.015,0.04,tmc_consolidation,TMC consolidation -3pp,BJP,0.8711,87.11,0.7422,likely
28,Chopra,20000,51881.00234175302,124510.51758578252,0.0,1.0,-72629.51524402949,0.0,0.0,-0.03,0.015,0.04,tmc_consolidation,TMC consolidation -3pp,TMC,1.0,100.0,1.0,high_confidence
29,Islampur,20000,6149.693457911906,15228.30654208808,0.0,1.0,-9078.613084176171,0.0,0.0,-0.03,0.015,0.04,tmc_consolidation,TMC consolidation -3pp,TMC,1.0,100.0,1.0,high_confidence
30,Goalpokhar,20000,21210.07484435383,39362.92515564625,0.0,1.0,-18152.85031129242,0.0,0.0,-0.03,0.015,0.04,tmc_consolidation,TMC consolidation -3pp,TMC,1.0,100.0,1.0,high_confidence
31,Chakulia,20000,15909.50235723722,29783.49764276292,5e-05,0.99995,-13873.995285525698,0.0,0.0,-0.03,0.015,0.04,tmc_consolidation,TMC consolidation -3pp,TMC,0.99995,100.0,0.9999,high_confidence
32,Karandighi,20000,49560.446963049646,81901.55303695014,0.0,1.0,-32341.10607390049,0.0,0.0,-0.03,0.015,0.04,tmc_consolidation,TMC consolidation -3pp,TMC,1.0,100.0,1.0,high_confidence
33,Hemtabad (SC),20000,55202.59627767275,81494.77409269751,0.0076,0.9924,-26292.17781502477,0.0,0.0,-0.03,0.015,0.04,tmc_consolidation,TMC consolidation -3pp,TMC,0.9924,99.24,0.9847999999999999,high_confidence
34,Kaliaganj (SC),20000,113483.76570300316,102108.2342969971,0.75205,0.24795,11375.531406006065,0.0,0.0,-0.03,0.015,0.04,tmc_consolidation,TMC consolidation -3pp,BJP,0.75205,75.2,0.5041,likely
35,Raiganj,20000,21109.80918890762,17628.414025378166,0.86605,0.13395,3481.395163529456,0.0,0.0,-0.03,0.015,0.04,tmc_consolidation,TMC consolidation -3pp,BJP,0.86605,86.6,0.7321,likely
36,Itahar,20000,22517.38360960601,41581.61639039413,5e-05,0.99995,-19064.232780788123,0.0,0.0,-0.03,0.015,0.04,tmc_consolidation,TMC consolidation -3pp,TMC,0.99995,100.0,0.9999,high_confidence
37,Kushmandi (SC),20000,39712.27224940458,52095.83254101501,0.04685,0.95315,-12383.560291610438,0.0,0.0,-0.03,0.015,0.04,tmc_consolidation,TMC consolidation -3pp,TMC,0.95315,95.32,0.9063000000000001,high_confidence
38,Kumarganj,20000,24379.423697908333,41132.57630209156,0.0008,0.9992,-16753.15260418323,0.0,0.0,-0.03,0.015,0.04,tmc_consolidation,TMC consolidation -3pp,TMC,0.9992,99.92,0.9984,high_confidence
39,Balurghat,20000,46716.34014163821,42941.07961144817,0.70035,0.29965,3775.2605301900394,0.0,0.0,-0.03,0.015,0.04,tmc_consolidation,TMC consolidation -3pp,BJP,0.70035,70.04,0.4007,lean
40,Tapan (ST),20000,47086.64865420354,52066.92664700132,0.26985,0.73015,-4980.277992797775,0.0,0.0,-0.03,0.015,0.04,tmc_consolidation,TMC consolidation -3pp,TMC,0.73015,73.02,0.4603,lean
41,Gangarampur (SC),20000,45807.63392621197,48900.919966002926,0.34,0.66,-3093.286039790958,0.0,0.0,-0.03,0.015,0.04,tmc_consolidation,TMC consolidation -3pp,TMC,0.66,66.0,0.32,lean
42,Harirampur,20000,62879.37277251818,93224.99348262577,0.0079,0.9921,-30345.62071010759,0.0,0.0,-0.03,0.015,0.04,tmc_consolidation,TMC consolidation -3pp,TMC,0.9921,99.21,0.9842,high_confidence
43,Habibpur (ST),20000,101826.48230795594,91054.94626347216,0.75445,0.24555,10771.53604448378,0.0,0.0,-0.03,0.015,0.04,tmc_consolidation,TMC consolidation -3pp,BJP,0.75445,75.44,0.5088999999999999,likely
44,Gazole (SC),20000,85438.23719377157,54139.76280622816,0.99985,0.00015,31298.474387543403,0.0,0.0,-0.03,0.015,0.04,tmc_consolidation,TMC consolidation -3pp,BJP,0.99985,99.98,0.9997,high_confidence
45,Chanchal,20000,36663.47420898962,101625.22262358978,0.0,1.0,-64961.74841460018,0.0,0.0,-0.03,0.015,0.04,tmc_consolidation,TMC consolidation -3pp,TMC,1.0,100.0,1.0,high_confidence
46,Harishchandrapur,20000,8958.829422727647,28546.57236298669,0.0,1.0,-19587.74294025904,0.0,0.0,-0.03,0.015,0.04,tmc_consolidation,TMC consolidation -3pp,TMC,1.0,100.0,1.0,high_confidence
47,Malatipur,20000,15945.712982876974,94550.2870171226,0.0,1.0,-78604.57403424561,0.0,0.0,-0.03,0.015,0.04,tmc_consolidation,TMC consolidation -3pp,TMC,1.0,100.0,1.0,high_confidence
48,Ratua,20000,136798.76227935258,75477.23772064735,1.0,0.0,61321.52455870522,0.0,0.0,-0.03,0.015,0.04,tmc_consolidation,TMC consolidation -3pp,BJP,1.0,100.0,1.0,high_confidence
49,Manikchak,20000,154711.31111264115,24452.68888735899,1.0,0.0,130258.62222528216,0.0,0.0,-0.03,0.015,0.04,tmc_consolidation,TMC consolidation -3pp,BJP,1.0,100.0,1.0,high_confidence
50,Maldaha,20000,18851.38102678683,17759.618973213142,0.6423,0.3577,1091.762053573686,0.0,0.0,-0.03,0.015,0.04,tmc_consolidation,TMC consolidation -3pp,BJP,0.6423,64.23,0.28459999999999996,lean
51,English Bazar,20000,139619.2865843637,128266.3954965617,0.70315,0.29685,11352.891087802003,0.0,0.0,-0.03,0.015,0.04,tmc_consolidation,TMC consolidation -3pp,BJP,0.70315,70.32,0.40630000000000005,lean
52,Mothabari,20000,31840.255476778955,88091.74452322123,0.0,1.0,-56251.48904644227,0.0,0.0,-0.03,0.015,0.04,tmc_consolidation,TMC consolidation -3pp,TMC,1.0,100.0,1.0,high_confidence
53,Sujapur,20000,20952.76664359394,129168.23335640616,0.0,1.0,-108215.46671281224,0.0,0.0,-0.03,0.015,0.04,tmc_consolidation,TMC consolidation -3pp,TMC,1.0,100.0,1.0,high_confidence
54,Baisnabnagar,20000,35293.855739515355,94300.14426048425,0.0,1.0,-59006.28852096889,0.0,0.0,-0.03,0.015,0.04,tmc_consolidation,TMC consolidation -3pp,TMC,1.0,100.0,1.0,high_confidence
1,Mekliganj (SC),20000,27613.14641946699,39677.85358053316,0.0134,0.9866,-12064.707161066168,0.0,0.0,-0.05,0.015,0.04,tmc_defence,TMC defence -5pp,TMC,0.9866,98.66,0.9732000000000001,high_confidence
2,Mathabhanga (SC),20000,65923.64810152444,61911.32619754042,0.6524,0.3476,4012.32190398401,0.0,0.0,-0.05,0.015,0.04,tmc_defence,TMC defence -5pp,BJP,0.6524,65.24,0.30479999999999996,lean
3,Cooch Behar Uttar (SC),20000,38908.59641203928,41731.81454686484,0.33085,0.66915,-2823.218134825569,0.0,0.0,-0.05,0.015,0.04,tmc_defence,TMC defence -5pp,TMC,0.66915,66.92,0.33830000000000005,lean
4,Cooch Behar Dakshin,20000,56111.19223531876,64877.01718876466,0.1812,0.8188,-8765.8249534459,0.0,0.0,-0.05,0.015,0.04,tmc_defence,TMC defence -5pp,TMC,0.8188,81.88,0.6376,likely
5,Sitalkuchi (SC),20000,14302.756345240172,13097.243654759826,0.70855,0.29145,1205.512690480347,0.0,0.0,-0.05,0.015,0.04,tmc_defence,TMC defence -5pp,BJP,0.70855,70.86,0.4171,lean
6,Sitai (SC),20000,39913.77341401994,53512.683107719145,0.03465,0.96535,-13598.909693699205,0.0,0.0,-0.05,0.015,0.04,tmc_defence,TMC defence -5pp,TMC,0.96535,96.54,0.9307000000000001,high_confidence
7,Dinhata,20000,58673.348831031166,69728.65116896894,0.09975,0.90025,-11055.302337937772,0.0,0.0,-0.05,0.015,0.04,tmc_defence,TMC defence -5pp,TMC,0.90025,90.02,0.8005,high_confidence
8,Natabari,20000,74837.3585766041,72336.13691889135,0.5834,0.4166,2501.2216577127574,0.0,0.0,-0.05,0.015,0.04,tmc_defence,TMC defence -5pp,BJP,0.5834,58.34,0.1668,competitive
9,Tufanganj,20000,82948.22150188983,73781.47709624156,0.7667,0.2333,9166.744405648256,0.0,0.0,-0.05,0.015,0.04,tmc_defence,TMC defence -5pp,BJP,0.7667,76.67,0.5334000000000001,likely
10,Kumargram (ST),20000,78940.99214939552,87078.62510724188,0.27155,0.72845,-8137.632957846367,0.0,0.0,-0.05,0.015,0.04,tmc_defence,TMC defence -5pp,TMC,0.72845,72.84,0.45690000000000003,lean
11,Kalchini (ST),20000,23839.10997390766,21132.01747707269,0.7759,0.2241,2707.0924968349664,0.0,0.0,-0.05,0.015,0.04,tmc_defence,TMC defence -5pp,BJP,0.7759,77.59,0.5518000000000001,likely
12,Alipurduars,20000,57722.470416209246,60020.17802129068,0.401,0.599,-2297.707605081439,0.0,0.0,-0.05,0.015,0.04,tmc_defence,TMC defence -5pp,TMC,0.599,59.9,0.19799999999999995,competitive
13,Falakata,20000,93351.92237858592,109632.07762141371,0.1573,0.8427,-16280.155242827785,0.0,0.0,-0.05,0.015,0.04,tmc_defence,TMC defence -5pp,TMC,0.8427,84.27,0.6854,likely
14,Madarihat,20000,52126.27348118112,43031.72651881894,0.88145,0.11855,9094.546962362176,0.0,0.0,-0.05,0.015,0.04,tmc_defence,TMC defence -5pp,BJP,0.88145,88.14,0.7628999999999999,likely
15,Dhupguri (SC),20000,74183.50595508634,86921.88018352748,0.1632,0.8368,-12738.374228441144,0.0,0.0,-0.05,0.015,0.04,tmc_defence,TMC defence -5pp,TMC,0.8368,83.68,0.6736,likely
16,Maynaguri (SC),20000,71464.63467215619,78383.29117530168,0.28425,0.71575,-6918.656503145492,0.0,0.0,-0.05,0.015,0.04,tmc_defence,TMC defence -5pp,TMC,0.71575,71.58,0.4315,lean
17,Jalpaiguri (SC),20000,49335.187441228685,60885.35943377092,0.0977,0.9023,-11550.171992542231,0.0,0.0,-0.05,0.015,0.04,tmc_defence,TMC defence -5pp,TMC,0.9023,90.23,0.8046,high_confidence
18,Rajganj (SC),20000,32648.903047104453,47073.50871760126,0.01205,0.98795,-14424.605670496803,0.0,0.0,-0.05,0.015,0.04,tmc_defence,TMC defence -5pp,TMC,0.98795,98.8,0.9759,high_confidence
19,Dabgram-Phulbari,20000,34692.244713824955,33340.83266712721,0.5981,0.4019,1351.4120466977477,0.0,0.0,-0.05,0.015,0.04,tmc_defence,TMC defence -5pp,BJP,0.5981,59.81,0.19619999999999999,competitive
20,Mal (ST),20000,42856.876100228845,44259.12389977115,0.3918,0.6082,-1402.247799542302,0.0,0.0,-0.05,0.015,0.04,tmc_defence,TMC defence -5pp,TMC,0.6082,60.82,0.21639999999999998,lean
21,Nagrakata (ST),20000,23590.796505866983,21716.768429197724,0.69795,0.30205,1874.0280766692576,0.0,0.0,-0.05,0.015,0.04,tmc_defence,TMC defence -5pp,BJP,0.69795,69.8,0.3959,lean
22,Kalimpong,20000,44475.26855176789,2468.2384904855526,1.0,0.0,42007.030061282334,0.0,0.0,-0.05,0.015,0.04,tmc_defence,TMC defence -5pp,BJP,1.0,100.0,1.0,high_confidence
23,Darjeeling,20000,183704.19468931487,42016.80531068439,1.0,0.0,141687.38937863047,0.0,0.0,-0.05,0.015,0.04,tmc_defence,TMC defence -5pp,BJP,1.0,100.0,1.0,high_confidence
24,Kurseong,20000,179172.58248063675,9804.928831579222,1.0,0.0,169367.6536490575,0.0,0.0,-0.05,0.015,0.04,tmc_defence,TMC defence -5pp,BJP,1.0,100.0,1.0,high_confidence
25,Matigara-Naxalbari (SC),20000,98345.03666317643,60224.24835310973,0.99895,0.00105,38120.7883100667,0.0,0.0,-0.05,0.015,0.04,tmc_defence,TMC defence -5pp,BJP,0.99895,99.9,0.9979,high_confidence
26,Siliguri,20000,9296.449382937812,6899.550617062179,0.96605,0.03395,2396.8987658756346,0.0,0.0,-0.05,0.015,0.04,tmc_defence,TMC defence -5pp,BJP,0.96605,96.6,0.9320999999999999,high_confidence
27,Phansidewa (ST),20000,8056.453535595391,7275.546464404621,0.7355,0.2645,780.9070711907715,0.0,0.0,-0.05,0.015,0.04,tmc_defence,TMC defence -5pp,BJP,0.7355,73.55,0.47100000000000003,lean
28,Chopra,20000,48354.99488130471,128036.5250462314,0.0,1.0,-79681.53016492668,0.0,0.0,-0.05,0.015,0.04,tmc_defence,TMC defence -5pp,TMC,1.0,100.0,1.0,high_confidence
29,Islampur,20000,5854.486279057688,15523.513720942196,0.0,1.0,-9669.02744188451,0.0,0.0,-0.05,0.015,0.04,tmc_defence,TMC defence -5pp,TMC,1.0,100.0,1.0,high_confidence
30,Goalpokhar,20000,20536.605736560938,40036.394263438815,0.0,1.0,-19499.78852687788,0.0,0.0,-0.05,0.015,0.04,tmc_defence,TMC defence -5pp,TMC,1.0,100.0,1.0,high_confidence
31,Chakulia,20000,14991.30772901862,30701.69227098145,0.0,1.0,-15710.384541962829,0.0,0.0,-0.05,0.015,0.04,tmc_defence,TMC defence -5pp,TMC,1.0,100.0,1.0,high_confidence
32,Karandighi,20000,48318.106685945255,83143.89331405461,0.0,1.0,-34825.78662810935,0.0,0.0,-0.05,0.015,0.04,tmc_defence,TMC defence -5pp,TMC,1.0,100.0,1.0,high_confidence
33,Hemtabad (SC),20000,52514.65469888551,84182.71567148475,0.0024,0.9976,-31668.060972599236,0.0,0.0,-0.05,0.015,0.04,tmc_defence,TMC defence -5pp,TMC,0.9976,99.76,0.9952000000000001,high_confidence
34,Kaliaganj (SC),20000,109347.16920479284,106244.83079520708,0.57135,0.42865,3102.338409585738,0.0,0.0,-0.05,0.015,0.04,tmc_defence,TMC defence -5pp,BJP,0.57135,57.14,0.14270000000000005,competitive
35,Raiganj,20000,20333.310178908567,18404.913035377045,0.73155,0.26845,1928.3971435315225,0.0,0.0,-0.05,0.015,0.04,tmc_defence,TMC defence -5pp,BJP,0.73155,73.16,0.4631,lean
36,Itahar,20000,21259.67703799792,42839.32296200183,5e-05,0.99995,-21579.645924003908,0.0,0.0,-0.05,0.015,0.04,tmc_defence,TMC defence -5pp,TMC,0.99995,100.0,0.9999,high_confidence
37,Kushmandi (SC),20000,37875.73668887657,53932.36810154272,0.0147,0.9853,-16056.631412666156,0.0,0.0,-0.05,0.015,0.04,tmc_defence,TMC defence -5pp,TMC,0.9853,98.53,0.9705999999999999,high_confidence
38,Kumarganj,20000,23064.598797887968,42447.40120211197,5e-05,0.99995,-19382.802404224007,0.0,0.0,-0.05,0.015,0.04,tmc_defence,TMC defence -5pp,TMC,0.99995,100.0,0.9999,high_confidence
39,Balurghat,20000,44979.74240418526,44677.67734890144,0.51625,0.48375,302.06505528382064,0.0,0.0,-0.05,0.015,0.04,tmc_defence,TMC defence -5pp,BJP,0.51625,51.62,0.03249999999999997,competitive
40,Tapan (ST),20000,45100.83347454487,54052.74182666002,0.1292,0.8708,-8951.90835211516,0.0,0.0,-0.05,0.015,0.04,tmc_defence,TMC defence -5pp,TMC,0.8708,87.08,0.7416,likely
41,Gangarampur (SC),20000,43851.72088586609,50856.83300634933,0.17485,0.82515,-7005.112120483238,0.0,0.0,-0.05,0.015,0.04,tmc_defence,TMC defence -5pp,TMC,0.82515,82.52,0.6503000000000001,likely
42,Harirampur,20000,59840.476760510086,96263.889494634,0.0023,0.9977,-36423.4127341239,0.0,0.0,-0.05,0.015,0.04,tmc_defence,TMC defence -5pp,TMC,0.9977,99.77,0.9954000000000001,high_confidence
43,Habibpur (ST),20000,97903.79315833528,94977.63541309306,0.57515,0.42485,2926.157745242238,0.0,0.0,-0.05,0.015,0.04,tmc_defence,TMC defence -5pp,BJP,0.57515,57.52,0.15030000000000004,competitive
44,Gazole (SC),20000,83232.09636369329,56345.90363630663,0.9989,0.0011,26886.192727386653,0.0,0.0,-0.05,0.015,0.04,tmc_defence,TMC defence -5pp,BJP,0.9989,99.89,0.9978,high_confidence
45,Chanchal,20000,34010.41359542611,104278.28323715238,0.0,1.0,-70267.86964172628,0.0,0.0,-0.05,0.015,0.04,tmc_defence,TMC defence -5pp,TMC,1.0,100.0,1.0,high_confidence
46,Harishchandrapur,20000,8193.511836226182,29311.889949488104,0.0,1.0,-21118.37811326192,0.0,0.0,-0.05,0.015,0.04,tmc_defence,TMC defence -5pp,TMC,1.0,100.0,1.0,high_confidence
47,Malatipur,20000,14671.02816280422,95824.97183719596,0.0,1.0,-81153.94367439173,0.0,0.0,-0.05,0.015,0.04,tmc_defence,TMC defence -5pp,TMC,1.0,100.0,1.0,high_confidence
48,Ratua,20000,133632.05642613495,78643.94357386406,1.0,0.0,54988.11285227089,0.0,0.0,-0.05,0.015,0.04,tmc_defence,TMC defence -5pp,BJP,1.0,100.0,1.0,high_confidence
49,Manikchak,20000,151449.79521336363,27714.204786635102,1.0,0.0,123735.59042672854,0.0,0.0,-0.05,0.015,0.04,tmc_defence,TMC defence -5pp,BJP,1.0,100.0,1.0,high_confidence
50,Maldaha,20000,18111.63374156909,18499.366258430902,0.44975,0.55025,-387.7325168618053,0.0,0.0,-0.05,0.015,0.04,tmc_defence,TMC defence -5pp,TMC,0.55025,55.02,0.10050000000000003,competitive
51,English Bazar,20000,134422.97163181857,133462.71044910545,0.51165,0.48835,960.2611827131273,0.0,0.0,-0.05,0.015,0.04,tmc_defence,TMC defence -5pp,BJP,0.51165,51.17,0.023300000000000043,competitive
52,Mothabari,20000,29367.962085899817,90564.03791410023,0.0,1.0,-61196.07582820042,0.0,0.0,-0.05,0.015,0.04,tmc_defence,TMC defence -5pp,TMC,1.0,100.0,1.0,high_confidence
53,Sujapur,20000,20137.009492353947,129983.9905076464,0.0,1.0,-109846.98101529243,0.0,0.0,-0.05,0.015,0.04,tmc_defence,TMC defence -5pp,TMC,1.0,100.0,1.0,high_confidence
54,Baisnabnagar,20000,33286.78959520842,96307.21040479145,0.0,1.0,-63020.42080958302,0.0,0.0,-0.05,0.015,0.04,tmc_defence,TMC defence -5pp,TMC,1.0,100.0,1.0,high_confidence
