ac_no,ac_name,iterations,mean_bjp_votes,mean_tmc_votes,bjp_win_probability,tmc_win_probability,expected_margin,turnout_change,sir_deletion_factor,tmc_to_bjp_swing,noise_sd,ac_noise_sd
1,Mekliganj (SC),20000,38043.187914931594,41181.31208506839,0.31005,0.68995,-3138.1241701367976,0.0,0.0,0.02,0.015,0.04
2,Mathabhanga (SC),20000,84695.0019363023,59967.38825061434,0.9835,0.0165,24727.61368568796,0.0,0.0,0.02,0.015,0.04
3,Cooch Behar Uttar (SC),20000,50079.60265201874,40584.753512365285,0.90665,0.09335,9494.84913965345,0.0,0.0,0.02,0.015,0.04
4,Cooch Behar Dakshin,20000,68274.30014333916,59641.84121791705,0.79955,0.20045,8632.458925422108,0.0,0.0,0.02,0.015,0.04
5,Sitalkuchi (SC),20000,17552.59545353426,11946.404546465725,0.9924,0.0076,5606.190907068536,0.0,0.0,0.02,0.015,0.04
6,Sitai (SC),20000,57559.60284220013,58136.223244756424,0.4705,0.5295,-576.6204025562882,0.0,0.0,0.02,0.015,0.04
7,Dinhata,20000,69531.19138121953,64751.808618780604,0.66775,0.33225,4779.382762438929,0.0,0.0,0.02,0.015,0.04
8,Natabari,20000,90746.06126522209,65956.68197802108,0.97485,0.02515,24789.379287200998,0.0,0.0,0.02,0.015,0.04
9,Tufanganj,20000,95204.340152438,63743.8304083089,0.99375,0.00625,31460.50974412911,0.0,0.0,0.02,0.015,0.04
10,Kumargram (ST),20000,91430.45461846031,75965.23122224801,0.87605,0.12395,15465.223396212303,0.0,0.0,0.02,0.015,0.04
11,Kalchini (ST),20000,33333.8369276558,22215.349346854007,0.99415,0.00585,11118.487580801791,0.0,0.0,0.02,0.015,0.04
12,Alipurduars,20000,72571.81893838952,57010.65762411054,0.9329,0.0671,15561.161314278985,0.0,0.0,0.02,0.015,0.04
13,Falakata,20000,123578.29664323127,109693.7033567683,0.76825,0.23175,13884.593286462974,0.0,0.0,0.02,0.015,0.04
14,Madarihat,20000,61298.981483598924,37834.94955088353,0.9984,0.0016,23464.031932715392,0.0,0.0,0.02,0.015,0.04
15,Dhupguri (SC),20000,89292.92869520785,79164.52675033647,0.77315,0.22685,10128.40194487139,0.0,0.0,0.02,0.015,0.04
16,Maynaguri (SC),20000,94675.6604454422,78219.99421557464,0.88305,0.11695,16455.666229867566,0.0,0.0,0.02,0.015,0.04
17,Jalpaiguri (SC),20000,61042.647937226466,56992.16456277349,0.6667,0.3333,4050.4833744529724,0.0,0.0,0.02,0.015,0.04
18,Rajganj (SC),20000,40131.07083036586,43584.41936571243,0.3,0.7,-3453.3485353465676,0.0,0.0,0.02,0.015,0.04
19,Dabgram-Phulbari,20000,51596.51504195103,37408.83019614393,0.97775,0.02225,14187.684845807105,0.0,0.0,0.02,0.015,0.04
20,Mal (ST),20000,52178.20497610402,47635.79502389605,0.77885,0.22115,4542.409952207977,0.0,0.0,0.02,0.015,0.04
21,Nagrakata (ST),20000,37295.58881954038,25807.32027136866,0.9879,0.0121,11488.268548171724,0.0,0.0,0.02,0.015,0.04
22,Kalimpong,20000,47595.733828835175,426.2802556660537,1.0,0.0,47169.45357316912,0.0,0.0,0.02,0.015,0.04
23,Darjeeling,20000,194227.6846316154,32914.31536838405,1.0,0.0,161313.36926323135,0.0,0.0,0.02,0.015,0.04
24,Kurseong,20000,187664.89983308985,1704.0141940716726,1.0,0.0,185960.88563901818,0.0,0.0,0.02,0.015,0.04
25,Matigara-Naxalbari (SC),20000,132972.3507451985,59855.63948281466,1.0,0.0,73116.71126238383,0.0,0.0,0.02,0.015,0.04
26,Siliguri,20000,16228.624851661563,8956.275148338378,0.99975,0.00025,7272.349703323184,0.0,0.0,0.02,0.015,0.04
27,Phansidewa (ST),20000,26568.235322530803,18065.764677469146,0.9911,0.0089,8502.470645061658,0.0,0.0,0.02,0.015,0.04
28,Chopra,20000,64070.76824483726,122078.31146530792,0.0,1.0,-58007.54322047067,0.0,0.0,0.02,0.015,0.04
29,Islampur,20000,7034.277868223878,14343.72213177607,0.0,1.0,-7309.444263552194,0.0,0.0,0.02,0.015,0.04
30,Goalpokhar,20000,23287.068877490463,38099.93112250927,0.0003,0.9997,-14812.862245018801,0.0,0.0,0.02,0.015,0.04
31,Chakulia,20000,23105.154170840116,34890.61505992937,0.0047,0.9953,-11785.460889089254,0.0,0.0,0.02,0.015,0.04
32,Karandighi,20000,66230.71241264095,98996.28758735867,0.0,1.0,-32765.575174717735,0.0,0.0,0.02,0.015,0.04
33,Hemtabad (SC),20000,62019.28704284449,74678.08332752512,0.1238,0.8762,-12658.79628468063,0.0,0.0,0.02,0.015,0.04
34,Kaliaganj (SC),20000,150967.2647997477,114406.735200252,0.9617,0.0383,36560.5295994957,0.0,0.0,0.02,0.015,0.04
35,Raiganj,20000,27945.17233072691,19026.363383559135,0.9913,0.0087,8918.808947167776,0.0,0.0,0.02,0.015,0.04
36,Itahar,20000,30040.885405514724,44716.68602305661,0.0085,0.9915,-14675.800617541885,0.0,0.0,0.02,0.015,0.04
37,Kushmandi (SC),20000,55886.17994690646,60043.23921477009,0.32695,0.67305,-4157.059267863631,0.0,0.0,0.02,0.015,0.04
38,Kumarganj,20000,31466.728155122793,43121.27184487739,0.02625,0.97375,-11654.543689754599,0.0,0.0,0.02,0.015,0.04
39,Balurghat,20000,60345.51351326891,45283.94327685464,0.9629,0.0371,15061.57023641427,0.0,0.0,0.02,0.015,0.04
40,Tapan (ST),20000,60968.761103930425,55277.79311293677,0.72875,0.27125,5690.967990993655,0.0,0.0,0.02,0.015,0.04
41,Gangarampur (SC),20000,57472.823669570935,50328.75417474072,0.7948,0.2052,7144.069494830209,0.0,0.0,0.02,0.015,0.04
42,Harirampur,20000,85427.2404956038,103213.12575954071,0.1195,0.8805,-17785.885263936914,0.0,0.0,0.02,0.015,0.04
43,Habibpur (ST),20000,118302.72702591591,86297.08249789354,0.97425,0.02575,32005.644528022374,0.0,0.0,0.02,0.015,0.04
44,Gazole (SC),20000,104770.65650781739,60622.34349218308,1.0,0.0,44148.31301563431,0.0,0.0,0.02,0.015,0.04
45,Chanchal,20000,43616.95109317084,94671.74573940874,0.0,1.0,-51054.794646237904,0.0,0.0,0.02,0.015,0.04
46,Harishchandrapur,20000,16135.82002989164,39797.20675582263,0.0,1.0,-23661.386725930995,0.0,0.0,0.02,0.015,0.04
47,Malatipur,20000,21822.5394264882,102329.46057351203,0.0,1.0,-80506.92114702384,0.0,0.0,0.02,0.015,0.04
48,Ratua,20000,147098.163053334,73543.83694666508,1.0,0.0,73554.32610666893,0.0,0.0,0.02,0.015,0.04
49,Manikchak,20000,198381.5318332327,22032.468166766626,1.0,0.0,176349.0636664661,0.0,0.0,0.02,0.015,0.04
50,Maldaha,20000,35724.844775963036,27392.799960879107,0.9516,0.0484,8332.044815083933,0.0,0.0,0.02,0.015,0.04
51,English Bazar,20000,169699.4456341374,127071.80581094888,0.9595,0.0405,42627.63982318855,0.0,0.0,0.02,0.015,0.04
52,Mothabari,20000,42428.51359601262,92109.48640398738,0.0,1.0,-49680.97280797476,0.0,0.0,0.02,0.015,0.04
53,Sujapur,20000,30548.769443137182,154633.23055686208,0.0,1.0,-124084.4611137249,0.0,0.0,0.02,0.015,0.04
54,Baisnabnagar,20000,57199.79228200403,108539.20771799567,0.0,1.0,-51339.415435991636,0.0,0.0,0.02,0.015,0.04
