ac_no,ac_name,iterations,mean_bjp_votes,mean_tmc_votes,bjp_win_probability,tmc_win_probability,expected_margin,turnout_change,sir_deletion_factor,tmc_to_bjp_swing,noise_sd,ac_noise_sd,scenario
1,Mekliganj (SC),20000,45712.73506858044,53659.26493141952,0.15975,0.84025,-7946.529862839079,0.0,0.0,0.0,0.015,0.04,neutral
2,Mathabhanga (SC),20000,82506.74851419465,63539.7070932817,0.94705,0.05295,18967.041420912956,0.0,0.0,0.0,0.015,0.04,neutral
3,Cooch Behar Uttar (SC),20000,64937.261038118646,57020.73896188099,0.7886,0.2114,7916.522076237655,0.0,0.0,0.0,0.015,0.04,neutral
4,Cooch Behar Dakshin,20000,59575.33315121384,56403.29773883778,0.63415,0.36585,3172.035412376058,0.0,0.0,0.0,0.015,0.04,neutral
5,Sitalkuchi (SC),20000,14311.90203354608,11608.09796645397,0.8986,0.1014,2703.8040670921087,0.0,0.0,0.0,0.015,0.04,neutral
6,Sitai (SC),20000,66047.0095672055,72233.16434583829,0.28715,0.71285,-6186.154778632796,0.0,0.0,0.0,0.015,0.04,neutral
7,Dinhata,20000,57247.114719565536,55082.88528043443,0.58875,0.41125,2164.2294391311048,0.0,0.0,0.0,0.015,0.04,neutral
8,Natabari,20000,76759.3262239057,60766.04764996841,0.92585,0.07415,15993.278573937285,0.0,0.0,0.0,0.015,0.04,neutral
9,Tufanganj,20000,90813.04659670306,66040.08658086711,0.975,0.025,24772.960015835954,0.0,0.0,0.0,0.015,0.04,neutral
10,Kumargram (ST),20000,85343.15978840663,76959.9242823907,0.74005,0.25995,8383.235506015933,0.0,0.0,0.0,0.015,0.04,neutral
11,Kalchini (ST),20000,55229.34596784053,39938.1442282383,0.97845,0.02155,15291.201739602231,0.0,0.0,0.0,0.015,0.04,neutral
12,Alipurduars,20000,87114.05406015979,74287.08656483982,0.83995,0.16005,12826.967495319974,0.0,0.0,0.0,0.015,0.04,neutral
13,Falakata,20000,115120.00197707408,110815.99802292604,0.59555,0.40445,4304.00395414803,0.0,0.0,0.0,0.015,0.04,neutral
14,Madarihat,20000,54200.54857069068,36461.141084482006,0.99215,0.00785,17739.407486208678,0.0,0.0,0.0,0.015,0.04,neutral
15,Dhupguri (SC),20000,80392.945230309,77221.0250667206,0.60075,0.39925,3171.9201635884046,0.0,0.0,0.0,0.015,0.04,neutral
16,Maynaguri (SC),20000,90871.79805554084,81526.4032156452,0.75165,0.24835,9345.394839895655,0.0,0.0,0.0,0.015,0.04,neutral
17,Jalpaiguri (SC),20000,56663.14430872588,57273.38694127417,0.47225,0.52775,-610.2426325482845,0.0,0.0,0.0,0.015,0.04,neutral
18,Rajganj (SC),20000,46722.26357276282,55101.23642723733,0.15255,0.84745,-8378.972854474508,0.0,0.0,0.0,0.015,0.04,neutral
19,Dabgram-Phulbari,20000,67406.10761062322,53079.3923893768,0.931,0.069,14326.715221246415,0.0,0.0,0.0,0.015,0.04,neutral
20,Mal (ST),20000,110014.55449283344,75479.44550716622,0.99635,0.00365,34535.108985667226,0.0,0.0,0.0,0.015,0.04,neutral
21,Nagrakata (ST),20000,60138.48929348824,45187.80291430392,0.96175,0.03825,14950.686379184324,0.0,0.0,0.0,0.015,0.04,neutral
22,Kalimpong,20000,75422.29954660659,1334.686368885094,1.0,0.0,74087.6131777215,0.0,0.0,0.0,0.015,0.04,neutral
23,Darjeeling,20000,198947.0623507494,29711.93764925117,1.0,0.0,169235.1247014982,0.0,0.0,0.0,0.015,0.04,neutral
24,Kurseong,20000,153334.50645509217,2719.208477030428,1.0,0.0,150615.29797806175,0.0,0.0,0.0,0.015,0.04,neutral
25,Matigara-Naxalbari (SC),20000,129273.29081244915,63674.240132175684,1.0,0.0,65599.05068027346,0.0,0.0,0.0,0.015,0.04,neutral
26,Siliguri,20000,46748.91726031769,28158.582739682304,0.9989,0.0011,18590.33452063539,0.0,0.0,0.0,0.015,0.04,neutral
27,Phansidewa (ST),20000,56037.877291049444,41349.62270895033,0.96915,0.03085,14688.254582099116,0.0,0.0,0.0,0.015,0.04,neutral
28,Chopra,20000,61883.850302511324,128518.74933517003,5e-05,0.99995,-66634.89903265871,0.0,0.0,0.0,0.015,0.04,neutral
29,Islampur,20000,6400.3462554065145,12265.653744593468,0.0,1.0,-5865.307489186954,0.0,0.0,0.0,0.015,0.04,neutral
30,Goalpokhar,20000,17042.0360430305,21567.963956969455,0.0442,0.9558,-4525.927913938955,0.0,0.0,0.0,0.015,0.04,neutral
31,Chakulia,20000,33402.97583623723,54968.793394532404,0.0011,0.9989,-21565.817558295177,0.0,0.0,0.0,0.015,0.04,neutral
32,Karandighi,20000,55531.34602357251,89345.65397642739,0.0,1.0,-33814.307952854884,0.0,0.0,0.0,0.015,0.04,neutral
33,Hemtabad (SC),20000,49882.315132646254,65025.49968216821,0.0501,0.9499,-15143.184549521959,0.0,0.0,0.0,0.015,0.04,neutral
34,Kaliaganj (SC),20000,129941.38898370104,104495.6110163001,0.9164,0.0836,25445.777967400943,0.0,0.0,0.0,0.015,0.04,neutral
35,Raiganj,20000,41906.77003547899,30992.68532166422,0.96915,0.03085,10914.084713814771,0.0,0.0,0.0,0.015,0.04,neutral
36,Itahar,20000,37005.665894850856,59987.3341051486,0.00115,0.99885,-22981.668210297747,0.0,0.0,0.0,0.015,0.04,neutral
37,Kushmandi (SC),20000,51517.05011518033,59938.7163518851,0.1718,0.8282,-8421.666236704772,0.0,0.0,0.0,0.015,0.04,neutral
38,Kumarganj,20000,33504.47096844075,49888.15403155944,0.0078,0.9922,-16383.68306311869,0.0,0.0,0.0,0.015,0.04,neutral
39,Balurghat,20000,53283.5396847492,43368.15167327585,0.8997,0.1003,9915.388011473358,0.0,0.0,0.0,0.015,0.04,neutral
40,Tapan (ST),20000,55531.048173940886,54456.63556099911,0.54875,0.45125,1074.4126129417778,0.0,0.0,0.0,0.015,0.04,neutral
41,Gangarampur (SC),20000,60629.86118990903,57574.653780150904,0.62975,0.37025,3055.2074097581267,0.0,0.0,0.0,0.015,0.04,neutral
42,Harirampur,20000,102935.76855851087,135084.53596823761,0.0469,0.9531,-32148.767409726737,0.0,0.0,0.0,0.015,0.04,neutral
43,Habibpur (ST),20000,107885.52314242139,85441.0959051985,0.92875,0.07125,22444.427237222884,0.0,0.0,0.0,0.015,0.04,neutral
44,Gazole (SC),20000,105901.23949880841,50837.76050119048,1.0,0.0,55063.47899761794,0.0,0.0,0.0,0.015,0.04,neutral
45,Chanchal,20000,32724.417992774408,78115.6589303031,0.0,1.0,-45391.2409375287,0.0,0.0,0.0,0.015,0.04,neutral
46,Harishchandrapur,20000,23331.50756976034,63546.99243023958,0.0,1.0,-40215.48486047924,0.0,0.0,0.0,0.015,0.04,neutral
47,Malatipur,20000,19340.194508244487,101793.80549175615,0.0,1.0,-82453.61098351167,0.0,0.0,0.0,0.015,0.04,neutral
48,Ratua,20000,145354.73321051014,128185.26678949011,0.8687,0.1313,17169.46642102003,0.0,0.0,0.0,0.015,0.04,neutral
49,Manikchak,20000,170712.57049540523,22657.429504594933,1.0,0.0,148055.1409908103,0.0,0.0,0.0,0.015,0.04,neutral
50,Maldaha,20000,49013.14406390371,40949.855936096326,0.86995,0.13005,8063.288127807379,0.0,0.0,0.0,0.015,0.04,neutral
51,English Bazar,20000,157055.31451973226,127608.34732997962,0.89955,0.10045,29446.96718975265,0.0,0.0,0.0,0.015,0.04,neutral
52,Mothabari,20000,57798.84516239303,137934.0149412342,0.0,1.0,-80135.16977884117,0.0,0.0,0.0,0.015,0.04,neutral
53,Sujapur,20000,33674.39150648318,167106.60849351634,0.0,1.0,-133432.21698703317,0.0,0.0,0.0,0.015,0.04,neutral
54,Baisnabnagar,20000,94593.57686661255,126692.4231333884,0.01435,0.98565,-32098.846266775847,0.0,0.0,0.0,0.015,0.04,neutral
1,Mekliganj (SC),20000,46731.86151468808,50622.88688531178,0.30945,0.69055,-3891.0253706237077,0.01,0.03,0.02,0.015,0.04,bjp_moderate
2,Mathabhanga (SC),20000,83693.49577052904,59388.21678811515,0.9837,0.0163,24305.2789824139,0.01,0.03,0.02,0.015,0.04,bjp_moderate
3,Cooch Behar Uttar (SC),20000,66008.67969104488,53473.572908954564,0.9061,0.0939,12535.106782090319,0.01,0.03,0.02,0.015,0.04,bjp_moderate
4,Cooch Behar Dakshin,20000,60638.43918190385,52985.82550108025,0.7997,0.2003,7652.613680823594,0.01,0.03,0.02,0.015,0.04,bjp_moderate
5,Sitalkuchi (SC),20000,14528.318177382935,10865.505822617186,0.9626,0.0374,3662.8123547657474,0.01,0.03,0.02,0.015,0.04,bjp_moderate
6,Sitai (SC),20000,67415.71700064317,68057.36938196552,0.4773,0.5227,-641.6523813223481,0.01,0.03,0.02,0.015,0.04,bjp_moderate
7,Dinhata,20000,58128.48176016128,51921.219239838465,0.7666,0.2334,6207.262520322817,0.01,0.03,0.02,0.015,0.04,bjp_moderate
8,Natabari,20000,77895.78407724491,56837.82470698894,0.97465,0.02535,21057.959370255972,0.01,0.03,0.02,0.015,0.04,bjp_moderate
9,Tufanganj,20000,92042.92204227061,61626.092531794515,0.99295,0.00705,30416.829510476102,0.01,0.03,0.02,0.015,0.04,bjp_moderate
10,Kumargram (ST),20000,86790.86027398489,72217.47119017421,0.8749,0.1251,14573.389083810674,0.01,0.03,0.02,0.015,0.04,bjp_moderate
11,Kalchini (ST),20000,55972.902047595046,37262.688097502956,0.9942,0.0058,18710.213950092097,0.01,0.03,0.02,0.015,0.04,bjp_moderate
12,Alipurduars,20000,88508.13271214484,69616.56475816808,0.9322,0.0678,18891.567953976763,0.01,0.03,0.02,0.015,0.04,bjp_moderate
13,Falakata,20000,117210.05592093887,104139.443279061,0.773,0.227,13070.612641877866,0.01,0.03,0.02,0.015,0.04,bjp_moderate
14,Madarihat,20000,54876.70258180921,33944.554773363554,0.99845,0.00155,20932.147808445658,0.01,0.03,0.02,0.015,0.04,bjp_moderate
15,Dhupguri (SC),20000,81849.25657613383,72565.15012386639,0.77265,0.22735,9284.106452267444,0.01,0.03,0.02,0.015,0.04,bjp_moderate
16,Maynaguri (SC),20000,92405.07091072106,76493.44687465996,0.8813,0.1187,15911.624036061108,0.01,0.03,0.02,0.015,0.04,bjp_moderate
17,Jalpaiguri (SC),20000,57745.35487257105,53878.26479305391,0.66965,0.33035,3867.090079517138,0.01,0.03,0.02,0.015,0.04,bjp_moderate
18,Rajganj (SC),20000,47768.93128123602,51987.55166876423,0.29825,0.70175,-4218.620387528211,0.01,0.03,0.02,0.015,0.04,bjp_moderate
19,Dabgram-Phulbari,20000,68398.55651312729,49641.08783687229,0.97655,0.02345,18757.468676255,0.01,0.03,0.02,0.015,0.04,bjp_moderate
20,Mal (ST),20000,110761.27649915555,70967.19530084427,0.9994,0.0006,39794.08119831128,0.01,0.03,0.02,0.015,0.04,bjp_moderate
21,Nagrakata (ST),20000,60981.44133034993,42206.72714562399,0.9883,0.0117,18774.714184725945,0.01,0.03,0.02,0.015,0.04,bjp_moderate
22,Kalimpong,20000,74510.4428441131,688.3762572931064,1.0,0.0,73822.06658682,0.01,0.03,0.02,0.015,0.04,bjp_moderate
23,Darjeeling,20000,196850.73442850553,27166.487871494417,1.0,0.0,169684.2465570111,0.01,0.03,0.02,0.015,0.04,bjp_moderate
24,Kurseong,20000,151489.20455263305,1396.61996637736,1.0,0.0,150092.5845862557,0.01,0.03,0.02,0.015,0.04,bjp_moderate
25,Matigara-Naxalbari (SC),20000,130429.65693028586,58601.03913616328,1.0,0.0,71828.61779412258,0.01,0.03,0.02,0.015,0.04,bjp_moderate
26,Siliguri,20000,47267.65179493323,26119.2259550667,0.9998,0.0002,21148.425839866522,0.01,0.03,0.02,0.015,0.04,bjp_moderate
27,Phansidewa (ST),20000,56808.519057041274,38602.01469295862,0.9907,0.0093,18206.50436408266,0.01,0.03,0.02,0.015,0.04,bjp_moderate
28,Chopra,20000,64358.356678671764,122179.07018636436,0.0001,0.9999,-57820.7135076926,0.01,0.03,0.02,0.015,0.04,bjp_moderate
29,Islampur,20000,6596.205425732849,11690.874774267177,0.0001,0.9999,-5094.669348534328,0.01,0.03,0.02,0.015,0.04,bjp_moderate
30,Goalpokhar,20000,17301.273629230236,20524.9433707698,0.1114,0.8886,-3223.6697415395647,0.01,0.03,0.02,0.015,0.04,bjp_moderate
31,Chakulia,20000,34456.45187306877,52121.37044231568,0.0052,0.9948,-17664.91856924691,0.01,0.03,0.02,0.015,0.04,bjp_moderate
32,Karandighi,20000,56067.638793053746,85868.35810694502,0.0,1.0,-29800.719313891266,0.01,0.03,0.02,0.015,0.04,bjp_moderate
33,Hemtabad (SC),20000,51121.20785893465,61453.978315139044,0.1291,0.8709,-10332.770456204396,0.01,0.03,0.02,0.015,0.04,bjp_moderate
34,Kaliaganj (SC),20000,131829.17555389102,97848.75334610819,0.96935,0.03065,33980.422207782816,0.01,0.03,0.02,0.015,0.04,bjp_moderate
35,Raiganj,20000,42484.45453202622,28935.14188136644,0.99045,0.00955,13549.312650659782,0.01,0.03,0.02,0.015,0.04,bjp_moderate
36,Itahar,20000,38154.9317191855,56869.11038081452,0.0068,0.9932,-18714.178661629016,0.01,0.03,0.02,0.015,0.04,bjp_moderate
37,Kushmandi (SC),20000,52655.118285998244,56538.09612178645,0.32935,0.67065,-3882.9778357882083,0.01,0.03,0.02,0.015,0.04,bjp_moderate
38,Kumarganj,20000,34458.32530203137,47241.42941046864,0.02675,0.97325,-12783.104108437265,0.01,0.03,0.02,0.015,0.04,bjp_moderate
39,Balurghat,20000,54095.67706961756,40593.984953838975,0.96395,0.03605,13501.692115778584,0.01,0.03,0.02,0.015,0.04,bjp_moderate
40,Tapan (ST),20000,56558.86657111236,51196.067184008425,0.733,0.267,5362.799387103933,0.01,0.03,0.02,0.015,0.04,bjp_moderate
41,Gangarampur (SC),20000,61715.174274077275,54089.78904209103,0.7959,0.2041,7625.385231986236,0.01,0.03,0.02,0.015,0.04,bjp_moderate
42,Harirampur,20000,105509.94230367107,127678.55004118432,0.11605,0.88395,-22168.607737513266,0.01,0.03,0.02,0.015,0.04,bjp_moderate
43,Habibpur (ST),20000,109483.48879624913,79918.59988470362,0.9748,0.0252,29564.888911545502,0.01,0.03,0.02,0.015,0.04,bjp_moderate
44,Gazole (SC),20000,106080.10493853099,47477.09336146911,1.0,0.0,58603.011577061894,0.01,0.03,0.02,0.015,0.04,bjp_moderate
45,Chanchal,20000,34231.912774751545,74358.11058678666,0.0,1.0,-40126.19781203512,0.01,0.03,0.02,0.015,0.04,bjp_moderate
46,Harishchandrapur,20000,24560.175295094246,60554.69115490571,0.0,1.0,-35994.515859811465,0.01,0.03,0.02,0.015,0.04,bjp_moderate
47,Malatipur,20000,20941.757602165308,97733.22219783437,0.0,1.0,-76791.46459566907,0.01,0.03,0.02,0.015,0.04,bjp_moderate
48,Ratua,20000,146121.07566878415,121866.06233121683,0.94645,0.05355,24255.013337567307,0.01,0.03,0.02,0.015,0.04,bjp_moderate
49,Manikchak,20000,169850.042251112,19594.54674888957,1.0,0.0,150255.49550222245,0.01,0.03,0.02,0.015,0.04,bjp_moderate
50,Maldaha,20000,49780.91226140632,38355.83883859351,0.9473,0.0527,11425.07342281282,0.01,0.03,0.02,0.015,0.04,bjp_moderate
51,English Bazar,20000,159444.79142526496,119440.19808889735,0.96185,0.03815,40004.59333636763,0.01,0.03,0.02,0.015,0.04,bjp_moderate
52,Mothabari,20000,60460.718266466305,131298.76477705676,0.0,1.0,-70838.04651059046,0.01,0.03,0.02,0.015,0.04,bjp_moderate
53,Sujapur,20000,35270.18229101811,161434.96340898096,0.0,1.0,-126164.78111796286,0.01,0.03,0.02,0.015,0.04,bjp_moderate
54,Baisnabnagar,20000,96288.08259266971,120505.81160732968,0.04475,0.95525,-24217.729014659966,0.01,0.03,0.02,0.015,0.04,bjp_moderate
1,Mekliganj (SC),20000,48147.29900145435,48144.168998545596,0.5038,0.4962,3.1300029087483883,0.02,0.05,0.04,0.015,0.04,bjp_surge
2,Mathabhanga (SC),20000,85609.79992960073,55909.21555404432,0.99585,0.00415,29700.58437555641,0.02,0.05,0.04,0.015,0.04,bjp_surge
3,Cooch Behar Uttar (SC),20000,67651.2980259367,50526.00397406286,0.9648,0.0352,17125.294051873832,0.02,0.05,0.04,0.015,0.04,bjp_surge
4,Cooch Behar Dakshin,20000,62223.8295568251,50159.46377563551,0.90775,0.09225,12064.36578118959,0.02,0.05,0.04,0.015,0.04,bjp_surge
5,Sitalkuchi (SC),20000,14871.552274952901,10244.927725047042,0.989,0.011,4626.624549905859,0.02,0.05,0.04,0.015,0.04,bjp_surge
6,Sitai (SC),20000,69359.29181149154,64634.19671024754,0.6701,0.3299,4725.095101243996,0.02,0.05,0.04,0.015,0.04,bjp_surge
7,Dinhata,20000,59567.02651203833,49280.743487962165,0.8899,0.1101,10286.283024076163,0.02,0.05,0.04,0.015,0.04,bjp_surge
8,Natabari,20000,79710.27060231636,53551.81668146782,0.99255,0.00745,26158.453920848537,0.02,0.05,0.04,0.015,0.04,bjp_surge
9,Tufanganj,20000,94077.46959416816,57913.21645489793,0.9985,0.0015,36164.25313927022,0.02,0.05,0.04,0.015,0.04,bjp_surge
10,Kumargram (ST),20000,88988.3893735506,68283.29909105174,0.9515,0.0485,20705.090282498848,0.02,0.05,0.04,0.015,0.04,bjp_surge
11,Kalchini (ST),20000,57205.928162837576,35011.36983716256,0.99875,0.00125,22194.558325675018,0.02,0.05,0.04,0.015,0.04,bjp_surge
12,Alipurduars,20000,90669.42659492041,65728.27867070535,0.975,0.025,24941.147924215067,0.02,0.05,0.04,0.015,0.04,bjp_surge
13,Falakata,20000,120308.56127578416,98623.42272421576,0.89495,0.10505,21685.1385515684,0.02,0.05,0.04,0.015,0.04,bjp_surge
14,Madarihat,20000,56034.378656033456,31816.7986198282,0.9998,0.0002,24217.580036205258,0.02,0.05,0.04,0.015,0.04,bjp_surge
15,Dhupguri (SC),20000,84009.88141688245,68718.05580093959,0.89325,0.10675,15291.825615942847,0.02,0.05,0.04,0.015,0.04,bjp_surge
16,Maynaguri (SC),20000,94736.92659709127,72316.93043468981,0.9529,0.0471,22419.99616240145,0.02,0.05,0.04,0.015,0.04,bjp_surge
17,Jalpaiguri (SC),20000,59322.76678640522,51081.73199484489,0.82755,0.17245,8241.034791560329,0.02,0.05,0.04,0.015,0.04,bjp_surge
18,Rajganj (SC),20000,49220.552262007135,49446.41923799281,0.48885,0.51115,-225.86697598567605,0.02,0.05,0.04,0.015,0.04,bjp_surge
19,Dabgram-Phulbari,20000,69986.53625469368,46763.91324530603,0.9918,0.0082,23222.623009387644,0.02,0.05,0.04,0.015,0.04,bjp_surge
20,Mal (ST),20000,112414.8101961507,67328.87580384969,0.99985,0.00015,45085.934392301024,0.02,0.05,0.04,0.015,0.04,bjp_surge
21,Nagrakata (ST),20000,62356.64321136387,39704.53393798686,0.99725,0.00275,22652.10927337702,0.02,0.05,0.04,0.015,0.04,bjp_surge
22,Kalimpong,20000,74064.20860522363,313.31074689784714,1.0,0.0,73750.89785832577,0.02,0.05,0.04,0.015,0.04,bjp_surge
23,Darjeeling,20000,196056.6576941438,25513.913305856648,1.0,0.0,170542.74438828713,0.02,0.05,0.04,0.015,0.04,bjp_surge
24,Kurseong,20000,150588.46759451946,627.5821747268935,1.0,0.0,149960.88541979255,0.02,0.05,0.04,0.015,0.04,bjp_surge
25,Matigara-Naxalbari (SC),20000,132744.46509667826,54221.692388664116,1.0,0.0,78522.77270801415,0.02,0.05,0.04,0.015,0.04,bjp_surge
26,Siliguri,20000,48203.115525247566,24382.251974752126,0.99995,5e-05,23820.863550495444,0.02,0.05,0.04,0.015,0.04,bjp_surge
27,Phansidewa (ST),20000,58075.442595027016,36293.0449049726,0.9983,0.0017,21782.397690054415,0.02,0.05,0.04,0.015,0.04,bjp_surge
28,Chopra,20000,67345.45570509034,117154.66334382365,0.0005,0.9995,-49809.2076387333,0.02,0.05,0.04,0.015,0.04,bjp_surge
29,Islampur,20000,6860.003929578874,11227.350070421135,0.0005,0.9995,-4367.346140842261,0.02,0.05,0.04,0.015,0.04,bjp_surge
30,Goalpokhar,20000,17748.99156471595,19664.09843528421,0.2373,0.7627,-1915.1068705682605,0.02,0.05,0.04,0.015,0.04,bjp_surge
31,Chakulia,20000,35792.77336069778,49839.471023917795,0.0204,0.9796,-14046.697663220019,0.02,0.05,0.04,0.015,0.04,bjp_surge
32,Karandighi,20000,57195.63917805927,83190.17382194023,0.00015,0.99985,-25994.534643880965,0.02,0.05,0.04,0.015,0.04,bjp_surge
33,Hemtabad (SC),20000,52789.790265756325,58555.8822897992,0.2601,0.7399,-5766.092024042875,0.02,0.05,0.04,0.015,0.04,bjp_surge
34,Kaliaganj (SC),20000,134893.90569831192,92275.54730168787,0.99185,0.00815,42618.35839662406,0.02,0.05,0.04,0.015,0.04,bjp_surge
35,Raiganj,20000,43433.24305402158,27206.32918704961,0.9978,0.0022,16226.91386697197,0.02,0.05,0.04,0.015,0.04,bjp_surge
36,Itahar,20000,39617.93893211076,54368.27806788932,0.02345,0.97655,-14750.339135778559,0.02,0.05,0.04,0.015,0.04,bjp_surge
37,Kushmandi (SC),20000,54240.047069873486,53760.59063671337,0.52065,0.47935,479.4564331601143,0.02,0.05,0.04,0.015,0.04,bjp_surge
38,Kumarganj,20000,35698.130513418975,45109.32311158108,0.0767,0.9233,-9411.192598162097,0.02,0.05,0.04,0.015,0.04,bjp_surge
39,Balurghat,20000,55377.969511558746,38277.51941436707,0.98995,0.01005,17100.45009719168,0.02,0.05,0.04,0.015,0.04,bjp_surge
40,Tapan (ST),20000,58072.70830211451,48505.35723704172,0.86655,0.13345,9567.351065072793,0.02,0.05,0.04,0.015,0.04,bjp_surge
41,Gangarampur (SC),20000,63331.94249326129,51208.232512727,0.90685,0.09315,12123.709980534286,0.02,0.05,0.04,0.015,0.04,bjp_surge
42,Harirampur,20000,108970.42673665356,121671.24834976516,0.24405,0.75595,-12700.821613111591,0.02,0.05,0.04,0.015,0.04,bjp_surge
43,Habibpur (ST),20000,112034.41167929137,75299.0821778513,0.9927,0.0073,36735.32950144006,0.02,0.05,0.04,0.015,0.04,bjp_surge
44,Gazole (SC),20000,107093.21892272156,44786.872077278116,1.0,0.0,62306.34684544344,0.02,0.05,0.04,0.015,0.04,bjp_surge
45,Chanchal,20000,36006.122416536746,71397.9121219251,0.0,1.0,-35391.78970538834,0.02,0.05,0.04,0.015,0.04,bjp_surge
46,Harishchandrapur,20000,25975.641495097767,58209.62500490224,0.0,1.0,-32233.983509804475,0.02,0.05,0.04,0.015,0.04,bjp_surge
47,Malatipur,20000,22845.65214837939,94533.19385162111,0.0,1.0,-71687.5417032417,0.02,0.05,0.04,0.015,0.04,bjp_surge
48,Ratua,20000,148123.79511920616,116936.46488079373,0.98295,0.01705,31187.33023841243,0.02,0.05,0.04,0.015,0.04,bjp_surge
49,Manikchak,20000,170128.16379024793,17247.366209753312,1.0,0.0,152880.7975804946,0.02,0.05,0.04,0.015,0.04,bjp_surge
50,Maldaha,20000,50980.70247792298,36193.44452207708,0.9834,0.0166,14787.257955845904,0.02,0.05,0.04,0.015,0.04,bjp_surge
51,English Bazar,20000,163220.16330291517,112618.92502945423,0.9876,0.0124,50601.238273460935,0.02,0.05,0.04,0.015,0.04,bjp_surge
52,Mothabari,20000,63593.68661997523,126071.454820439,0.0,1.0,-62477.768200463775,0.02,0.05,0.04,0.015,0.04,bjp_surge
53,Sujapur,20000,37570.68248796048,156986.10651203978,0.0,1.0,-119415.4240240793,0.02,0.05,0.04,0.015,0.04,bjp_surge
54,Baisnabnagar,20000,98792.92020692574,115633.21379307428,0.11415,0.88585,-16840.293586148535,0.02,0.05,0.04,0.015,0.04,bjp_surge
1,Mekliganj (SC),20000,43586.20656995191,57773.23343004788,0.0405,0.9595,-14187.026860095972,0.02,0.0,-0.03,0.015,0.04,tmc_consolidation
2,Mathabhanga (SC),20000,79687.86194288971,69279.52277673632,0.80725,0.19275,10408.339166153395,0.02,0.0,-0.03,0.015,0.04,tmc_consolidation
3,Cooch Behar Uttar (SC),20000,62504.0914588807,61893.068541118744,0.52695,0.47305,611.0229177619576,0.02,0.0,-0.03,0.015,0.04,tmc_consolidation
4,Cooch Behar Dakshin,20000,57217.89370900333,61080.30979885051,0.34245,0.65755,-3862.4160898471832,0.02,0.0,-0.03,0.015,0.04,tmc_consolidation
5,Sitalkuchi (SC),20000,13809.200931090241,12629.199068909775,0.71025,0.28975,1180.001862180467,0.02,0.0,-0.03,0.015,0.04,tmc_consolidation
6,Sitai (SC),20000,63136.57643681017,77909.20095449343,0.09305,0.90695,-14772.624517683256,0.02,0.0,-0.03,0.015,0.04,tmc_consolidation
7,Dinhata,20000,55315.38211564359,59261.21788435632,0.3013,0.6987,-3945.835768712735,0.02,0.0,-0.03,0.015,0.04,tmc_consolidation
8,Natabari,20000,74086.23630784354,66189.64504350771,0.76105,0.23895,7896.591264335823,0.02,0.0,-0.03,0.015,0.04,tmc_consolidation
9,Tufanganj,20000,87829.60165340347,72160.59418771791,0.8889,0.1111,15669.007465685558,0.02,0.0,-0.03,0.015,0.04,tmc_consolidation
10,Kumargram (ST),20000,82083.54861160906,83465.59714060376,0.45815,0.54185,-1382.0485289946914,0.02,0.0,-0.03,0.015,0.04,tmc_consolidation
11,Kalchini (ST),20000,53421.80768719723,43649.03231280272,0.89345,0.10655,9772.775374394507,0.02,0.0,-0.03,0.015,0.04,tmc_consolidation
12,Alipurduars,20000,83917.46023823805,80711.70319926248,0.5994,0.4006,3205.7570389755606,0.02,0.0,-0.03,0.015,0.04,tmc_consolidation
13,Falakata,20000,110508.76041661536,119945.95958338554,0.3046,0.6954,-9437.199166770171,0.02,0.0,-0.03,0.015,0.04,tmc_consolidation
14,Madarihat,20000,52510.31183865613,39964.61160961923,0.95415,0.04585,12545.70022903691,0.02,0.0,-0.03,0.015,0.04,tmc_consolidation
15,Dhupguri (SC),20000,77177.81664382629,83588.43305914408,0.3132,0.6868,-6410.616415317798,0.02,0.0,-0.03,0.015,0.04,tmc_consolidation
16,Maynaguri (SC),20000,87413.84905775417,88432.3162388563,0.47155,0.52845,-1018.4671811021328,0.02,0.0,-0.03,0.015,0.04,tmc_consolidation
17,Jalpaiguri (SC),20000,54309.9493386505,61905.3125363498,0.205,0.795,-7595.3631976992965,0.02,0.0,-0.03,0.015,0.04,tmc_consolidation
18,Rajganj (SC),20000,44540.90974421812,59319.06025578173,0.03775,0.96225,-14778.150511563612,0.02,0.0,-0.03,0.015,0.04,tmc_consolidation
19,Dabgram-Phulbari,20000,65067.37346283578,57827.83653716385,0.76875,0.23125,7239.536925671923,0.02,0.0,-0.03,0.015,0.04,tmc_consolidation
20,Mal (ST),20000,107402.92771800657,81800.9522819934,0.974,0.026,25601.975436013152,0.02,0.0,-0.03,0.015,0.04,tmc_consolidation
21,Nagrakata (ST),20000,58118.274537799225,49314.54351414826,0.84595,0.15405,8803.731023650967,0.02,0.0,-0.03,0.015,0.04,tmc_consolidation
22,Kalimpong,20000,75434.40467476763,2857.720959034206,1.0,0.0,72576.68371573344,0.02,0.0,-0.03,0.015,0.04,tmc_consolidation
23,Darjeeling,20000,198682.5913813521,34549.5886186479,1.0,0.0,164133.00276270419,0.02,0.0,-0.03,0.015,0.04,tmc_consolidation
24,Kurseong,20000,153352.03217525536,5822.757055515464,1.0,0.0,147529.27511973988,0.02,0.0,-0.03,0.015,0.04,tmc_consolidation
25,Matigara-Naxalbari (SC),20000,125954.56218179376,70851.9193817248,0.9998,0.0002,55102.64280006896,0.02,0.0,-0.03,0.015,0.04,tmc_consolidation
26,Siliguri,20000,45391.726105523696,31013.923894475905,0.991,0.009,14377.802211047787,0.02,0.0,-0.03,0.015,0.04,tmc_consolidation
27,Phansidewa (ST),20000,54178.57733687073,45156.672663129124,0.8704,0.1296,9021.904673741608,0.02,0.0,-0.03,0.015,0.04,tmc_consolidation
28,Chopra,20000,57295.20775964888,136915.44387078602,0.0,1.0,-79620.23611113714,0.02,0.0,-0.03,0.015,0.04,tmc_consolidation
29,Islampur,20000,6068.547505877956,12970.77249412206,0.0,1.0,-6902.224988244105,0.02,0.0,-0.03,0.015,0.04,tmc_consolidation
30,Goalpokhar,20000,16520.754918895087,22861.44508110485,0.00805,0.99195,-6340.690162209761,0.02,0.0,-0.03,0.015,0.04,tmc_consolidation
31,Chakulia,20000,31366.859214499957,58772.345400884435,5e-05,0.99995,-27405.48618638448,0.02,0.0,-0.03,0.015,0.04,tmc_consolidation
32,Karandighi,20000,54294.344407855926,93480.19559214379,0.0,1.0,-39185.85118428787,0.02,0.0,-0.03,0.015,0.04,tmc_consolidation
33,Hemtabad (SC),20000,47363.78230196578,69842.18880914497,0.0071,0.9929,-22478.40650717918,0.02,0.0,-0.03,0.015,0.04,tmc_consolidation
34,Kaliaganj (SC),20000,125558.34856049997,113567.39143949993,0.7412,0.2588,11990.957121000052,0.02,0.0,-0.03,0.015,0.04,tmc_consolidation
35,Raiganj,20000,40514.182102259685,33843.26236202592,0.87015,0.12985,6670.919740233767,0.02,0.0,-0.03,0.015,0.04,tmc_consolidation
36,Itahar,20000,34777.7934127482,64155.06658725203,0.0,1.0,-29377.273174503833,0.02,0.0,-0.03,0.015,0.04,tmc_consolidation
37,Kushmandi (SC),20000,49136.844663592005,64548.03713281529,0.04345,0.95655,-15411.192469223284,0.02,0.0,-0.03,0.015,0.04,tmc_consolidation
38,Kumarganj,20000,31622.746062809336,53437.73143719075,0.00065,0.99935,-21814.985374381413,0.02,0.0,-0.03,0.015,0.04,tmc_consolidation
39,Balurghat,20000,51391.66872288846,47193.056462296525,0.70275,0.29725,4198.612260591942,0.02,0.0,-0.03,0.015,0.04,tmc_consolidation
40,Tapan (ST),20000,53276.046015130545,58911.39139450821,0.2693,0.7307,-5635.345379377663,0.02,0.0,-0.03,0.015,0.04,tmc_consolidation
41,Gangarampur (SC),20000,58225.40025562313,62343.205013837585,0.3344,0.6656,-4117.804758214462,0.02,0.0,-0.03,0.015,0.04,tmc_consolidation
42,Harirampur,20000,97711.06261116422,145069.64800612023,0.0085,0.9915,-47358.585394956004,0.02,0.0,-0.03,0.015,0.04,tmc_consolidation
43,Habibpur (ST),20000,104127.43906241267,93065.71236615915,0.7569,0.2431,11061.726696253514,0.02,0.0,-0.03,0.015,0.04,tmc_consolidation
44,Gazole (SC),20000,104176.12090836793,55697.65909163195,1.0,0.0,48478.46181673598,0.02,0.0,-0.03,0.015,0.04,tmc_consolidation
45,Chanchal,20000,29987.199998783402,83069.67846275464,0.0,1.0,-53082.47846397124,0.02,0.0,-0.03,0.015,0.04,tmc_consolidation
46,Harishchandrapur,20000,21139.65562115568,67476.41437884452,0.0,1.0,-46336.75875768885,0.02,0.0,-0.03,0.015,0.04,tmc_consolidation
47,Malatipur,20000,17064.468949141832,106492.21105085775,0.0,1.0,-89427.7421017159,0.02,0.0,-0.03,0.015,0.04,tmc_consolidation
48,Ratua,20000,142524.49753035078,136486.3024696487,0.64505,0.35495,6038.195060702062,0.02,0.0,-0.03,0.015,0.04,tmc_consolidation
49,Manikchak,20000,169286.39615667064,27951.003843328883,1.0,0.0,141335.39231334176,0.02,0.0,-0.03,0.015,0.04,tmc_consolidation
50,Maldaha,20000,47240.53914518162,44521.72085481818,0.64395,0.35605,2718.818290363437,0.02,0.0,-0.03,0.015,0.04,tmc_consolidation
51,English Bazar,20000,151485.71275752565,138871.2223291796,0.70805,0.29195,12614.490428346038,0.02,0.0,-0.03,0.015,0.04,tmc_consolidation
52,Mothabari,20000,52965.39654646918,146682.12075922923,0.0,1.0,-93716.72421276005,0.02,0.0,-0.03,0.015,0.04,tmc_consolidation
53,Sujapur,20000,31750.32800725504,173046.29199274429,0.0,1.0,-141295.96398548922,0.02,0.0,-0.03,0.015,0.04,tmc_consolidation
54,Baisnabnagar,20000,90938.02571177876,134773.69428822096,0.00195,0.99805,-43835.66857644219,0.02,0.0,-0.03,0.015,0.04,tmc_consolidation
1,Mekliganj (SC),20000,40336.69371789441,58041.586282105556,0.0112,0.9888,-17704.892564211135,-0.01,0.0,-0.05,0.015,0.04,tmc_defence
2,Mathabhanga (SC),20000,74452.38147648261,70133.60957491925,0.6447,0.3553,4318.771901563358,-0.01,0.0,-0.05,0.015,0.04,tmc_defence
3,Cooch Behar Uttar (SC),20000,58250.96742773753,62487.45257226215,0.3302,0.6698,-4236.48514452461,-0.01,0.0,-0.05,0.015,0.04,tmc_defence
4,Cooch Behar Dakshin,20000,53238.63759064478,61580.2069905069,0.1861,0.8139,-8341.569399862117,-0.01,0.0,-0.05,0.015,0.04,tmc_defence
5,Sitalkuchi (SC),20000,12895.858273356427,12764.94172664354,0.52165,0.47835,130.9165467128888,-0.01,0.0,-0.05,0.015,0.04,tmc_defence
6,Sitai (SC),20000,58541.67086283734,78355.70131107533,0.03575,0.96425,-19814.03044823799,-0.01,0.0,-0.05,0.015,0.04,tmc_defence
7,Dinhata,20000,51761.242598852936,59445.457401147614,0.1523,0.8477,-7684.214802294678,-0.01,0.0,-0.05,0.015,0.04,tmc_defence
8,Natabari,20000,69184.22695491002,66965.89318022471,0.5804,0.4196,2218.3337746852994,-0.01,0.0,-0.05,0.015,0.04,tmc_defence
9,Tufanganj,20000,82140.68603844612,73143.91580734808,0.76485,0.23515,8996.770231098031,-0.01,0.0,-0.05,0.015,0.04,tmc_defence
10,Kumargram (ST),20000,76455.72552901792,84224.3277010705,0.27225,0.72775,-7768.602172052586,-0.01,0.0,-0.05,0.015,0.04,tmc_defence
11,Kalchini (ST),20000,49966.261743456,44249.55355066138,0.77505,0.22495,5716.708192794621,-0.01,0.0,-0.05,0.015,0.04,tmc_defence
12,Alipurduars,20000,78253.55705862054,81533.57216012935,0.4005,0.5995,-3280.015101508808,-0.01,0.0,-0.05,0.015,0.04,tmc_defence
13,Falakata,20000,102784.96995730349,120891.67004269731,0.15305,0.84695,-18106.700085393823,-0.01,0.0,-0.05,0.015,0.04,tmc_defence
14,Madarihat,20000,49170.78944705293,40584.28331156795,0.8834,0.1166,8586.506135484982,-0.01,0.0,-0.05,0.015,0.04,tmc_defence
15,Dhupguri (SC),20000,71787.12424830283,84250.70634575632,0.15625,0.84375,-12463.582097453487,-0.01,0.0,-0.05,0.015,0.04,tmc_defence
16,Maynaguri (SC),20000,81429.36911206263,89244.85014641169,0.28515,0.71485,-7815.481034349048,-0.01,0.0,-0.05,0.015,0.04,tmc_defence
17,Jalpaiguri (SC),20000,50456.65456876378,62340.51136873595,0.0939,0.9061,-11883.856799972165,-0.01,0.0,-0.05,0.015,0.04,tmc_defence
18,Rajganj (SC),20000,41214.77768703522,59590.48731296457,0.01145,0.98855,-18375.70962592935,-0.01,0.0,-0.05,0.015,0.04,tmc_defence
19,Dabgram-Phulbari,20000,60768.01428451688,58512.63071548304,0.5931,0.4069,2255.3835690338374,-0.01,0.0,-0.05,0.015,0.04,tmc_defence
20,Mal (ST),20000,101066.42142374435,82572.63857625602,0.9253,0.0747,18493.78284748833,-0.01,0.0,-0.05,0.015,0.04,tmc_defence
21,Nagrakata (ST),20000,54323.45293626747,49949.57634944663,0.6994,0.3006,4373.876586820841,-0.01,0.0,-0.05,0.015,0.04,tmc_defence
22,Kalimpong,20000,71960.4445006824,4028.9715556556716,1.0,0.0,67931.47294502672,-0.01,0.0,-0.05,0.015,0.04,tmc_defence
23,Darjeeling,20000,189446.3033046495,36926.106695350405,1.0,0.0,152520.1966092991,-0.01,0.0,-0.05,0.015,0.04,tmc_defence
24,Kurseong,20000,146292.94902726103,8200.228755545533,1.0,0.0,138092.7202717155,-0.01,0.0,-0.05,0.015,0.04,tmc_defence
25,Matigara-Naxalbari (SC),20000,118429.65512256672,72588.40051261251,0.9985,0.0015,45841.254609954216,-0.01,0.0,-0.05,0.015,0.04,tmc_defence
26,Siliguri,20000,42573.50683771442,31584.91816228558,0.97025,0.02975,10988.588675428844,-0.01,0.0,-0.05,0.015,0.04,tmc_defence
27,Phansidewa (ST),20000,50656.817268139384,45756.80773186065,0.7344,0.2656,4900.009536278731,-0.01,0.0,-0.05,0.015,0.04,tmc_defence
28,Chopra,20000,51840.08311742085,136658.49052388364,0.0,1.0,-84818.40740646278,-0.01,0.0,-0.05,0.015,0.04,tmc_defence
29,Islampur,20000,5632.141303369689,12847.198696630392,0.0,1.0,-7215.057393260702,-0.01,0.0,-0.05,0.015,0.04,tmc_defence
30,Goalpokhar,20000,15524.017829367122,22699.88217063281,0.0016,0.9984,-7175.8643412656875,-0.01,0.0,-0.05,0.015,0.04,tmc_defence
31,Chakulia,20000,28694.54350095131,58793.50803751031,0.0,1.0,-30098.964536559004,-0.01,0.0,-0.05,0.015,0.04,tmc_defence
32,Karandighi,20000,51337.65519248116,92090.57480751984,0.0,1.0,-40752.91961503868,-0.01,0.0,-0.05,0.015,0.04,tmc_defence
33,Hemtabad (SC),20000,43695.55514798595,70063.18151868033,0.00205,0.99795,-26367.626370694386,-0.01,0.0,-0.05,0.015,0.04,tmc_defence
34,Kaliaganj (SC),20000,117412.82839079332,114679.80160920696,0.5564,0.4436,2733.026781586361,-0.01,0.0,-0.05,0.015,0.04,tmc_defence
35,Raiganj,20000,37879.17929494567,34291.28150862619,0.73325,0.26675,3587.8977863194823,-0.01,0.0,-0.05,0.015,0.04,tmc_defence
36,Itahar,20000,31834.455735902236,64188.614264097836,0.0,1.0,-32354.158528195596,-0.01,0.0,-0.05,0.015,0.04,tmc_defence
37,Kushmandi (SC),20000,45484.81917390884,64856.3896284863,0.01345,0.98655,-19371.570454577457,-0.01,0.0,-0.05,0.015,0.04,tmc_defence
38,Kumarganj,20000,29041.491321256268,53517.20742874373,5e-05,0.99995,-24475.716107487457,-0.01,0.0,-0.05,0.015,0.04,tmc_defence
39,Balurghat,20000,47966.44556567965,47718.728878764814,0.5134,0.4866,247.71668691483737,-0.01,0.0,-0.05,0.015,0.04,tmc_defence
40,Tapan (ST),20000,49531.347347322284,59356.459550268424,0.13245,0.86755,-9825.112202946138,-0.01,0.0,-0.05,0.015,0.04,tmc_defence
41,Gangarampur (SC),20000,54172.43908699145,62850.03073336739,0.17545,0.82455,-8677.591646375942,-0.01,0.0,-0.05,0.015,0.04,tmc_defence
42,Harirampur,20000,90124.40579885259,145515.6956826296,0.0017,0.9983,-55391.289883777,-0.01,0.0,-0.05,0.015,0.04,tmc_defence
43,Habibpur (ST),20000,97237.00026813996,94156.35258900357,0.58,0.42,3080.6476791364075,-0.01,0.0,-0.05,0.015,0.04,tmc_defence
44,Gazole (SC),20000,98544.85026172367,56626.759738276625,1.0,0.0,41918.09052344705,-0.01,0.0,-0.05,0.015,0.04,tmc_defence
45,Chanchal,20000,26910.590005154234,82821.08614869202,0.0,1.0,-55910.496143537785,-0.01,0.0,-0.05,0.015,0.04,tmc_defence
46,Harishchandrapur,20000,18797.7067440627,67212.0082559372,0.0,1.0,-48414.301511874495,-0.01,0.0,-0.05,0.015,0.04,tmc_defence
47,Malatipur,20000,15171.887672801486,104750.77232719853,0.0,1.0,-89578.88465439704,-0.01,0.0,-0.05,0.015,0.04,tmc_defence
48,Ratua,20000,134738.6969577312,136065.90304226865,0.4493,0.5507,-1327.2060845374347,-0.01,0.0,-0.05,0.015,0.04,tmc_defence
49,Manikchak,20000,160824.3685964653,30611.9314035348,1.0,0.0,130212.4371929305,-0.01,0.0,-0.05,0.015,0.04,tmc_defence
50,Maldaha,20000,44069.8441232648,44993.525876735264,0.44845,0.55155,-923.6817534704685,-0.01,0.0,-0.05,0.015,0.04,tmc_defence
51,English Bazar,20000,141393.91011297368,140423.1151182391,0.5164,0.4836,970.7949947345973,-0.01,0.0,-0.05,0.015,0.04,tmc_defence
52,Mothabari,20000,47532.080135639306,146243.45136695055,0.0,1.0,-98711.37123131125,-0.01,0.0,-0.05,0.015,0.04,tmc_defence
53,Sujapur,20000,29660.707239212687,169112.4827607881,0.0,1.0,-139451.77552157542,-0.01,0.0,-0.05,0.015,0.04,tmc_defence
54,Baisnabnagar,20000,84837.79047111345,134235.34952888696,0.0005,0.9995,-49397.55905777352,-0.01,0.0,-0.05,0.015,0.04,tmc_defence
