ac_no,district,ac_name,candidate,candidate_votes_total,booth_count,needs_review,notes
52,Malda,MOTHABARI,SHYAMCHANMST YEASMIN,46717,32,True,
28,Uttar Dinajpur,Chopra,Ajov Sinha,45298,116,True,
53,Malda,SUJAPUR,CHOUDHUR MD ABDUL,40402,86,True,
25,Darjeeling,,Sankar Barman,36684,135,True,
13,Alipurduar,Falakata(SC),DIPAK CHANDRA RAY,28633,88,True,
48,Malda,,KHATUN,22168,126,True,
53,Malda,SUJAPUR,RAFIKUL GHANI,21497,44,True,
53,Malda,SUJAPUR,RAFIKUL HASAN,17897,87,True,
25,Darjeeling,,Column 1,17614,71,True,
53,Malda,SUJAPUR,MD ABDUL HASAN,17167,38,True,
37,Dakshin Dinajpur,Kushmandi (SC) AC,BISWANATH KUMAR,15716,48,True,
52,Malda,MOTHABARI,YEASMIN KHATUN,15503,46,True,
13,Alipurduar,Falakata(SC),SUBHASH BARMAN,15105,60,True,
4,Cooch Behar,,Khokan Dey,14111,48,True,
48,Malda,,ALI CHOWHURY,14042,41,True,
21,Jalpaiguri,,MUNDA,14019,24,True,
37,Dakshin Dinajpur,Kushmandi (SC) AC,RANJIT ROYSTIC,13854,48,True,
17,Jalpaiguri,,DR. SUBHASH KUMAR BARMA,13802,68,True,
42,Dakshin Dinajpur,Harihampur Assembly,"SHANKAR MAHISHA, NIRMALAMP",13527,45,True,
40,Dakshin Dinajpur,Tapan (ST),KISKU,12889,43,True,
13,Alipurduar,Falakata(SC),DIPAK,12823,45,True,
39,Dakshin Dinajpur,BALURGHAT,"SEKLIAR BISWAS, BMP",12812,66,True,
16,Jalpaiguri,,UDAY ROY,12702,113,True,
2,Cooch Behar,Mathabhanga (SC),Haradhan BBarman,12671,20,True,
28,Uttar Dinajpur,Chopra,Md. Akhler Shahin,12409,40,True,
32,Uttar Dinajpur,,SINGHA,12189,21,True,
50,Malda,MALDAHA (SC),GOPAL CHOWDHURY,12180,38,True,
24,Darjeeling,,Narb u Pranav,11284,62,True,
32,Uttar Dinajpur,,SUBHAS MD. GOUTAM,11190,48,True,
47,Malda,MALATIPUR,AB DUR RAHIM,10824,33,True,
41,Dakshin Dinajpur,Gangarampur (SC),GOLITAM,9720,39,True,
25,Darjeeling,,Column 2,9669,68,True,
16,Jalpaiguri,,UDAY BISWANATH SARKAR,8903,26,True,
16,Jalpaiguri,,BILASH ROY,8664,46,True,
45,Malda,,Jhantu Prasad,8476,23,True,
10,Alipurduar,,No. Of,8398,23,True,
12,Alipurduar,,SOURAV ROY,8365,24,True,
23,Darjeeling,,NEERAJ RAI,8234,64,True,
7,Cooch Behar,,NISITH GUHA,8217,31,True,
12,Alipurduar,,SUMAN CHAKRABORTY,7822,30,True,
32,Uttar Dinajpur,,SUBHASH HARUN,7711,24,True,
36,Uttar Dinajpur,ITAHAR,SRIKUMAR MOFAKKER,7693,30,True,
41,Dakshin Dinajpur,Gangarampur (SC),SAI'YI\it)R,7653,13,True,
13,Alipurduar,Falakata(SC),SUBHASH ADHIKARI,7619,41,True,
25,Darjeeling,,No. of Votes,7615,23,True,
24,Darjeeling,,Uttam Prasad,7598,56,True,
8,Cooch Behar,of 13,No. of Votes,7562,20,True,
12,Alipurduar,,SOURAV ABINASHASHIM ROY,7533,29,True,
15,Jalpaiguri,,BISHNU ROY,7504,100,True,
9,Cooch Behar,,Malati Saha,7501,47,True,
10,Alipurduar,,KALAWATI ARAIK,7390,23,True,
15,Jalpaiguri,,SUJAN ROY,7384,175,True,
32,Uttar Dinajpur,,MD. CHANDRA,7312,26,True,
11,Alipurduar,,PASSANGBISHAL,7245,25,True,
44,Malda,,BARMAN,7087,42,True,
17,Jalpaiguri,,DR. SUBHASH PRADIPSUKHBILASKUMAR SOUJITISWAR PALENDRAPRAHLADRAKHI,6989,25,True,
1,Cooch Behar,,ADHIKARY,6948,23,True,
16,Jalpaiguri,,ROY,6875,26,True,
39,Dakshin Dinajpur,BALURGHAT,sucnsrx,6780,27,True,
16,Jalpaiguri,,CHANDRA ADHIKARI,6756,25,True,
3,Cooch Behar,,Column 5,6660,18,True,
12,Alipurduar,,PIJUSH CHAKRABORTY,6640,24,True,
17,Jalpaiguri,,PRADIP SARKAR,6476,26,True,
13,Alipurduar,Falakata(SC),TARANI ADHIKARI,6441,48,True,
42,Dakshin Dinajpur,Harihampur Assembly,PRADIP CHAKRA,6425,89,True,
8,Cooch Behar,of 13,RABINDRA NA AHOSH,6329,27,True,
13,Alipurduar,Falakata(SC),DIPAK CHANDRA ROY,6280,48,True,
16,Jalpaiguri,,NARESH CHANDRAA,6218,25,True,
19,Jalpaiguri,,RADHAKRIS GOUTAM,6187,26,True,
52,Malda,MOTHABARI,MST D GHOSH,5987,30,True,
6,Cooch Behar,,KKUMAR,5939,21,True,
12,Alipurduar,,PIJUSH KANJILAL,5846,23,True,
6,Cooch Behar,,KESHAB BASUNIA,5809,24,True,
2,Cooch Behar,Mathabhanga (SC),Ashok Nath,5681,20,True,
52,Malda,MOTHABARI,RAM CHANDRA KALIMULLAH,5635,46,True,
45,Malda,,Jhantu Saha,5596,17,True,
27,Darjeeling,,Female,5534,24,True,
23,Darjeeling,,NEERAJ RAJ,5502,21,True,
23,Darjeeling,,Rai,5377,19,True,
26,Darjeeling,,eence,5338,23,True,
17,Jalpaiguri,,PRADIP SARKAR (PIKU),5305,26,True,
23,Darjeeling,,GAUTAM ZIMBA,5257,88,True,
3,Cooch Behar,,2,5147,16,True,
30,Uttar Dinajpur,Goalpokhar,GHULAM,5134,16,True,
26,Darjeeling,,be,4959,22,True,
45,Malda,,Younish Ghosh,4945,45,True,
40,Dakshin Dinajpur,Tapan (ST),APP,4928,44,True,
3,Cooch Behar,,Column 4,4889,18,True,
9,Cooch Behar,,Sushil Kumar,4781,45,True,
52,Malda,MOTHABARI,SHYAMCHAN YEASMIN,4675,34,True,
39,Dakshin Dinajpur,BALURGHAT,"SUCHETA BARMAN, KPP (U)",4570,66,True,
47,Malda,MALATIPUR,ALBERUNI Votes,4560,113,True,
3,Cooch Behar,,3,4288,16,True,
52,Malda,MOTHABARI,Votes,3964,30,True,
53,Malda,SUJAPUR,MD NASMUL ISLAM,3930,47,True,
52,Malda,MOTHABARI,MD FARUQUE GHOSH,3900,30,True,
23,Darjeeling,,TAMANG SHARMA,3870,21,True,
20,Jalpaiguri,,Electors,3767,19,True,
42,Dakshin Dinajpur,Harihampur Assembly,KUMAR BORTY,3752,37,True,
49,Malda,MANIKCHAK,GOUR ALAM,3687,50,True,
38,Dakshin Dinajpur,Kumarganj AC,of,3679,14,True,
24,Darjeeling,,Uttitm Prasad,3646,16,True,
52,Malda,MOTHABARI,SHYAMCHAN SABINA (SAHITYARATNA),3591,30,True,
12,Alipurduar,,PIJUSH ROY,3590,14,True,
24,Darjeeling,,Utkrm Brahman,3393,18,True,
12,Alipurduar,,ASHIM DAS,3322,14,True,
40,Dakshin Dinajpur,Tapan (ST),No. of Electors in Assembly Constituency,3305,65,True,
17,Jalpaiguri,,KUMAR SINGH,3093,52,True,
41,Dakshin Dinajpur,Gangarampur (SC),DAS.AI'I(',3078,18,True,
22,Kalimpong,Kalimpong (in the case of election from a Parliamentary Constituency),PRADHAN,3067,38,True,
45,Malda,,Nihar Rabidas,3046,17,True,
23,Darjeeling,,PEMBA SHERPA,3013,21,True,
17,Jalpaiguri,,SARKAR,2946,24,True,
24,Darjeeling,,Pranav Ellkram,2944,22,True,
53,Malda,SUJAPUR,MD ABDUL RAFIQUL,2845,44,True,
23,Darjeeling,,KESHAV TSHERING,2806,20,True,
24,Darjeeling,,Elikram Bhuprlndra Rai,2757,20,True,
26,Darjeeling,,of,2722,23,True,
32,Uttar Dinajpur,,HARUN SINHA,2687,48,True,
46,Malda,,MD. RAM MUSARAF,2685,26,True,
35,Uttar Dinajpur,,KANAIAKRISHNA,2641,29,True,
15,Jalpaiguri,,ROY,2243,26,True,
17,Jalpaiguri,,DR. SOUJIT KUMAR,2150,10,True,
25,Darjeeling,,Column 3,2145,68,True,
10,Alipurduar,,KALAWATI KUJUR,2100,7,True,
31,Uttar Dinajpur,Chakulia,Ali lmran,1953,25,True,
24,Darjeeling,,Ugam Tshering,1927,73,True,
22,Kalimpong,Kalimpong (in the case of election from a Parliamentary Constituency),"UJ.lW,\L RAI",1908,12,True,
10,Alipurduar,,SHAILEN CHIK,1903,7,True,
16,Jalpaiguri,,BISWANATH SARKAR,1899,70,True,
25,Darjeeling,,337,1826,5,True,
24,Darjeeling,,Bhuptrndra Rai,1635,22,True,
37,Dakshin Dinajpur,Kushmandi (SC) AC,REKITA BHIMNAI,1503,49,True,
17,Jalpaiguri,,HAREKRISHNA ROY,1502,10,True,
24,Darjeeling,,Bhuprrndra Rai,1473,22,True,
24,Darjeeling,,Bhupendra Rai,1456,18,True,
17,Jalpaiguri,,KUMAR,1388,24,True,
16,Jalpaiguri,,BINAY ROY,1332,96,True,
39,Dakshin Dinajpur,BALURGHAT,ANU1',1279,27,True,
23,Darjeeling,,PEMBA MILAN,1262,20,True,
30,Uttar Dinajpur,Goalpokhar,SHAMBHU AHSEN,1245,27,True,
17,Jalpaiguri,,PRADIPSUKHBILAS SARKAR (PIKU),1219,25,True,
17,Jalpaiguri,,PRADIPSUKHBILASSUBHASHSOUJIT,1207,24,True,
42,Dakshin Dinajpur,Harihampur Assembly,"JALALUDDIN KUMAR, UC(C)",1147,45,True,
41,Dakshin Dinajpur,Gangarampur (SC),AKSI.]AY,1144,12,True,
17,Jalpaiguri,,ABHISHEK ROY,1141,26,True,
46,Malda,,ALAM TAJMUL,1133,26,True,
13,Alipurduar,Falakata(SC),TAPAN KSHITISH,1072,40,True,
25,Darjeeling,,141,1063,5,True,
9,Cooch Behar,,Prahallad Das,1007,22,True,
17,Jalpaiguri,,SUKHBILAS SAARKAR,993,10,True,
51,Malda,ENGLISH BAZAR,DU (12),984,38,True,
10,Alipurduar,,Shailen KUJUR,970,3,True,
10,Alipurduar,,MANOJ UMAR,969,22,True,
44,Malda,,ARUN KUMAR CHINMOY DEB,962,34,True,
10,Alipurduar,,Shrilal CHIK,957,3,True,
42,Dakshin Dinajpur,Harihampur Assembly,"MAHATO, S N RAJAK",940,37,True,
16,Jalpaiguri,,SHANKAR ROY,897,74,True,
52,Malda,MOTHABARI,SAIDUR KALIMULLAH,822,32,True,
13,Alipurduar,Falakata(SC),KSHITISH BARMAN,811,24,True,
13,Alipurduar,Falakata(SC),SUBHASH KSHITISH,756,18,True,
48,Malda,,ASHOK KHATN,745,42,True,
9,Cooch Behar,,Prahallad Chandra,732,47,True,
17,Jalpaiguri,,RAKHI HARIDAS ROY,710,39,True,
52,Malda,MOTHABARI,RAM CHANDRA,683,114,True,
38,Dakshin Dinajpur,Kumarganj AC,RITBEL SARKAR,673,52,True,
32,Uttar Dinajpur,,CHANDRA HARUN,630,26,True,
42,Dakshin Dinajpur,Harihampur Assembly,JALALUDDIN N KUMAR,622,46,True,
37,Dakshin Dinajpur,Kushmandi (SC) AC,RAJIT KUMAR,621,3,True,
52,Malda,MOTHABARI,CHOWDHURY RAHAMAN,610,32,True,
53,Malda,SUJAPUR,SK ISLAM,601,87,True,
9,Cooch Behar,,Bhola Barman,600,22,True,
42,Dakshin Dinajpur,Harihampur Assembly,JALALUDDIN KUMAR,574,43,True,
52,Malda,MOTHABARI,SUBODH RAHAMAN,570,30,True,
24,Darjeeling,,Narbu Pranav,570,21,True,
52,Malda,MOTHABARI,RAM CHANDRA KHATUN,568,32,True,
2,Cooch Behar,Mathabhanga (SC),Sushil Roy,564,1,True,
22,Kalimpong,Kalimpong (in the case of election from a Parliamentary Constituency),DR R R BHIJEI,552,33,True,
52,Malda,MOTHABARI,SAIDUR CHOWDHURY,540,29,True,
49,Malda,MANIKCHAK,AMAL KUMAR CHANDRA MANDAL,523,17,True,
30,Uttar Dinajpur,Goalpokhar,MD.,511,12,True,
13,Alipurduar,Falakata(SC),KSHITISH ROY,500,24,True,
53,Malda,SUJAPUR,MD MONIRUL ALAHI,478,3,True,
13,Alipurduar,Falakata(SC),TAPAN DIPAK,471,4,True,
32,Uttar Dinajpur,,HAFIZUL SINHA S/O:,466,27,True,
17,Jalpaiguri,,ISWAR PAL,445,10,True,
22,Kalimpong,Kalimpong (in the case of election from a Parliamentary Constituency),PENJO GOMPI,418,33,True,
36,Uttar Dinajpur,ITAHAR,No. Of SRIKUMAR MUKHERJE UL ISLAM,416,31,True,
28,Uttar Dinajpur,Chopra,Surolit Kumar Kisku,405,43,True,
46,Malda,,ALAM,405,15,True,
16,Jalpaiguri,,UDAY CHANDRA,394,26,True,
52,Malda,MOTHABARI,SHYAMCHAN CHOWDHURY,390,46,True,
53,Malda,SUJAPUR,MD NUR HASAN,382,44,True,
2,Cooch Behar,Mathabhanga (SC),Animesh Roy,377,127,True,
11,Alipurduar,,AVIJIT KUMAR,360,25,True,
23,Darjeeling,,NIMA TSHERING,355,42,True,
22,Kalimpong,Kalimpong (in the case of election from a Parliamentary Constituency),PRADH,353,3,True,
22,Kalimpong,Kalimpong (in the case of election from a Parliamentary Constituency),RIDEN SADA,348,33,True,
3,Cooch Behar,,Votes,342,6,True,
2,Cooch Behar,Mathabhanga (SC),Haradhan Barman,338,40,True,
