ac_no,candidate_2026,party_2026
1,Paresh Adhikary,TMC
1,PARESH,TMC
1,ADHIKARY,TMC
1,Dadhiram Roy,BJP
1,DADHIRAM,BJP
1,Kamal Roy,CPM
1,KAMAL,CPM
1,Ila Rani Roy,INC
1,RANI,INC
2,Sablu Barman,TMC
2,SABLU,TMC
2,BARMAN,TMC
2,Nisith Pramanik,BJP
2,NISITH,BJP
2,PRAMANIK,BJP
2,Khagen Barman,CPM
2,KHAGEN,CPM
2,Khitendra Nath Barman,INC
2,KHITENDRA,INC
2,NATH,INC
3,Partha Pratim Roy,TMC
3,PARTHA,TMC
3,PRATIM,TMC
3,Sukumar Roy,BJP
3,SUKUMAR,BJP
3,Pranay Karji,CPM
3,PRANAY,CPM
3,KARJI,CPM
3,Partha Pratim Ishore,INC
3,ISHORE,INC
4,Avijit Dey Bhowmik,TMC
4,AVIJIT,TMC
4,BHOWMIK,TMC
4,Rathindra Nath Bose,BJP
4,RATHINDRA,BJP
4,NATH,BJP
4,BOSE,BJP
4,Nazmul Alam Sarkar,CPM
4,NAZMUL,CPM
4,ALAM,CPM
4,SARKAR,CPM
4,Khokan Mian,INC
4,KHOKAN,INC
4,MIAN,INC
5,Harihar Das,TMC
5,HARIHAR,TMC
5,Savitri Barman,BJP
5,SAVITRI,BJP
5,BARMAN,BJP
5,Nabadipti Adhikari,CPM
5,NABADIPTI,CPM
5,ADHIKARI,CPM
5,Sukamal Barman,INC
5,SUKAMAL,INC
6,Sangita Roy,TMC
6,SANGITA,TMC
6,Ashutosh Barma,BJP
6,ASHUTOSH,BJP
6,BARMA,BJP
6,Arun Kumar Barma,CPM
6,ARUN,CPM
6,KUMAR,CPM
6,Rabin Roy,INC
6,RABIN,INC
7,Udayan Guha,TMC
7,UDAYAN,TMC
7,GUHA,TMC
7,Ajay Roy,BJP
7,AJAY,BJP
7,Bikash Mondal,CPM
7,BIKASH,CPM
7,MONDAL,CPM
7,Harihar Ray Singha,INC
7,HARIHAR,INC
7,SINGHA,INC
8,Sailen Barman,TMC
8,SAILEN,TMC
8,BARMAN,TMC
8,Girija Shankar Roy,BJP
8,GIRIJA,BJP
8,SHANKAR,BJP
8,Akik Hassan,CPM
8,AKIK,CPM
8,HASSAN,CPM
8,Biswajit Sarkar,INC
8,BISWAJIT,INC
8,SARKAR,INC
9,Shib Shankar Paul,TMC
9,SHIB,TMC
9,SHANKAR,TMC
9,PAUL,TMC
9,Malati Rava Roy,BJP
9,MALATI,BJP
9,RAVA,BJP
9,Dhananjoy Rava,CPM
9,DHANANJOY,CPM
9,Debendra Nath Barma,INC
9,DEBENDRA,INC
9,NATH,INC
9,BARMA,INC
10,Rajeev Tirkey,TMC
10,RAJEEV,TMC
10,TIRKEY,TMC
10,Manoj Kumar Oraon,BJP
10,MANOJ,BJP
10,KUMAR,BJP
10,ORAON,BJP
10,Kishore Minz,CPM
10,KISHORE,CPM
10,MINZ,CPM
10,Sudham Lama,INC
10,SUDHAM,INC
10,LAMA,INC
11,Birendra Bara,TMC
11,BIRENDRA,TMC
11,BARA,TMC
11,Bishal Lama,BJP
11,BISHAL,BJP
11,LAMA,BJP
11,Passang Sherpa,CPM
11,PASSANG,CPM
11,SHERPA,CPM
11,Anjan Chik Baraik,INC
11,ANJAN,INC
11,CHIK,INC
11,BARAIK,INC
12,Suman Kanjilal,TMC
12,SUMAN,TMC
12,KANJILAL,TMC
12,Paritosh Das,BJP
12,PARITOSH,BJP
12,Shyamal Roy,CPM
12,SHYAMAL,CPM
12,Mrinmoy Sarkar,INC
12,MRINMOY,INC
12,SARKAR,INC
13,Subhas Chandra Roy,TMC
13,SUBHAS,TMC
13,CHANDRA,TMC
13,Dipak Barman,BJP
13,DIPAK,BJP
13,BARMAN,BJP
13,Kamal Kishore Roy,CPM
13,KAMAL,CPM
13,KISHORE,CPM
13,Akshoy Kumar Barman,INC
13,AKSHOY,INC
13,KUMAR,INC
14,Jay Prakash Toppo,TMC
14,PRAKASH,TMC
14,TOPPO,TMC
14,Lakshman Limbu,BJP
14,LAKSHMAN,BJP
14,LIMBU,BJP
14,Subhas Lohar,CPM
14,SUBHAS,CPM
14,LOHAR,CPM
14,Joy Prafulla Lakra,INC
14,PRAFULLA,INC
14,LAKRA,INC
15,Nirmal Chandra Roy,TMC
15,NIRMAL,TMC
15,CHANDRA,TMC
15,Naresh Chandra Roy,BJP
15,NARESH,BJP
15,Niranjan Roy,CPM
15,NIRANJAN,CPM
15,Harish Chandra Roy,INC
15,HARISH,INC
16,Rammohan Roy,TMC
16,RAMMOHAN,TMC
16,Dalim Chandra Roy,BJP
16,DALIM,BJP
16,CHANDRA,BJP
16,Sudeb Roy,CPM
16,SUDEB,CPM
16,Jogen Sarkar,INC
16,JOGEN,INC
16,SARKAR,INC
17,Krishna Das,TMC
17,KRISHNA,TMC
17,Ananta Deb Adhikary,BJP
17,ANANTA,BJP
17,ADHIKARY,BJP
17,Debraj Barman,CPM
17,DEBRAJ,CPM
17,BARMAN,CPM
17,Sudipto Mohonto,INC
17,SUDIPTO,INC
17,MOHONTO,INC
18,Swapna Barman,TMC
18,SWAPNA,TMC
18,BARMAN,TMC
18,Dinesh Sarkar,BJP
18,DINESH,BJP
18,SARKAR,BJP
18,Kharendranath Roy,CPM
18,KHARENDRANATH,CPM
18,Tushar Kanti Roy,INC
18,TUSHAR,INC
18,KANTI,INC
19,Ranjan Shil Sharma,TMC
19,RANJAN,TMC
19,SHIL,TMC
19,SHARMA,TMC
19,Shikha Chatterjee,BJP
19,SHIKHA,BJP
19,CHATTERJEE,BJP
19,Dilip Singh,CPM
19,DILIP,CPM
19,SINGH,CPM
19,Rohit Singh Sisodia,INC
19,ROHIT,INC
19,SISODIA,INC
20,Bulu Chik Baraik,TMC
20,BULU,TMC
20,CHIK,TMC
20,BARAIK,TMC
20,Sukra Munda,BJP
20,SUKRA,BJP
20,MUNDA,BJP
20,Manu Oraon,CPM
20,MANU,CPM
20,ORAON,CPM
20,Rakesh Kujur,INC
20,RAKESH,INC
20,KUJUR,INC
21,Sanjay Kujur,TMC
21,SANJAY,TMC
21,KUJUR,TMC
21,Puna Bhengra,BJP
21,PUNA,BJP
21,BHENGRA,BJP
21,Dilkumar Oraon,CPM
21,DILKUMAR,CPM
21,ORAON,CPM
21,Shinu Munda,INC
21,SHINU,INC
21,MUNDA,INC
22,Ruden Sada Lepcha,TMC
22,RUDEN,TMC
22,SADA,TMC
22,LEPCHA,TMC
22,Bharat Chhetri,BJP
22,BHARAT,BJP
22,CHHETRI,BJP
22,Rita Thapa,CPM
22,RITA,CPM
22,THAPA,CPM
22,Santa Kumar Pradhan,INC
22,SANTA,INC
22,KUMAR,INC
22,PRADHAN,INC
23,Bijoy Kumar Rai,TMC
23,BIJOY,TMC
23,KUMAR,TMC
23,Noman Rai,BJP
23,NOMAN,BJP
23,Ajoy Edwards,OTHER
23,AJOY,OTHER
23,EDWARDS,OTHER
23,Madhap Rai,INC
23,MADHAP,INC
24,Amar Lama,TMC
24,AMAR,TMC
24,LAMA,TMC
24,Sonam Lama,BJP
24,SONAM,BJP
24,Uttam Sharma,CPM
24,UTTAM,CPM
24,SHARMA,CPM
24,Saroj Kumar Khatri,INC
24,SAROJ,INC
24,KUMAR,INC
24,KHATRI,INC
25,Shankar Malakar,TMC
25,SHANKAR,TMC
25,MALAKAR,TMC
25,Anandamoy Barman,BJP
25,ANANDAMOY,BJP
25,BARMAN,BJP
25,Jharen Roy,CPM
25,JHAREN,CPM
25,Amitava Sarkar,INC
25,AMITAVA,INC
25,SARKAR,INC
26,Goutam Deb,TMC
26,GOUTAM,TMC
26,Shankar Ghosh,BJP
26,SHANKAR,BJP
26,GHOSH,BJP
26,Sharadindu Chakraborty,CPM
26,SHARADINDU,CPM
26,CHAKRABORTY,CPM
26,Aloke Dhara,INC
26,ALOKE,INC
26,DHARA,INC
27,Reena Toppo Ekka,TMC
27,REENA,TMC
27,TOPPO,TMC
27,EKKA,TMC
27,Durga Murmu,BJP
27,DURGA,BJP
27,MURMU,BJP
27,Sumanti Ekka,CPM
27,SUMANTI,CPM
27,Nabanita Tirkey,INC
27,NABANITA,INC
27,TIRKEY,INC
28,Hamidul Rahaman,TMC
28,HAMIDUL,TMC
28,RAHAMAN,TMC
28,Shankar Adhikari,BJP
28,SHANKAR,BJP
28,ADHIKARI,BJP
28,Makleswar Rahaman,CPM
28,MAKLESWAR,CPM
28,Zakir Abedin,INC
28,ZAKIR,INC
28,ABEDIN,INC
29,Kanaia Lal Agarwal,TMC
29,KANAIA,TMC
29,AGARWAL,TMC
29,Chitrajit Roy,BJP
29,CHITRAJIT,BJP
29,Sami Khan,CPM
29,SAMI,CPM
29,KHAN,CPM
29,Guddi Riaz,INC
29,GUDDI,INC
29,RIAZ,INC
30,Md. Ghulam Rabbani,TMC
30,GHULAM,TMC
30,RABBANI,TMC
30,Sarajit Biswas,BJP
30,SARAJIT,BJP
30,BISWAS,BJP
30,Zamaluddin,CPM
30,ZAMALUDDIN,CPM
30,Masood Md. Naseem Ahsen,INC
30,MASOOD,INC
30,NASEEM,INC
30,AHSEN,INC
31,Minhajul Arfin Azad,TMC
31,MINHAJUL,TMC
31,ARFIN,TMC
31,AZAD,TMC
31,Manoj Jain,BJP
31,MANOJ,BJP
31,JAIN,BJP
31,Amjad Ali,CPM
31,AMJAD,CPM
31,Ali Imran Ramz,INC
31,IMRAN,INC
31,RAMZ,INC
32,Goutam Paul,TMC
32,GOUTAM,TMC
32,PAUL,TMC
32,Biraj Biswas,BJP
32,BIRAJ,BJP
32,BISWAS,BJP
32,Md. Sahabuddin,CPM
32,SAHABUDDIN,CPM
32,Murshid Alam,INC
32,MURSHID,INC
32,ALAM,INC
33,Satyajit Barman,TMC
33,SATYAJIT,TMC
33,BARMAN,TMC
33,Haripada Barman,BJP
33,HARIPADA,BJP
33,Tanushree Das,CPM
33,TANUSHREE,CPM
33,Anamika Roy,INC
33,ANAMIKA,INC
34,Nitai Baishya,TMC
34,NITAI,TMC
34,BAISHYA,TMC
34,Utpal Maharaj,BJP
34,UTPAL,BJP
34,MAHARAJ,BJP
34,Hirubala Roy,CPM
34,HIRUBALA,CPM
34,Girdhari Pramanik,INC
34,GIRDHARI,INC
34,PRAMANIK,INC
35,Krishna Kalyani,TMC
35,KRISHNA,TMC
35,KALYANI,TMC
35,Kaushik Chowdhury,BJP
35,KAUSHIK,BJP
35,CHOWDHURY,BJP
35,Jibananda Singha,CPM
35,JIBANANDA,CPM
35,SINGHA,CPM
35,Mohit Sengupta,INC
35,MOHIT,INC
35,SENGUPTA,INC
36,Mosaraf Hussen,TMC
36,MOSARAF,TMC
36,HUSSEN,TMC
36,Sabita Barman,BJP
36,SABITA,BJP
36,BARMAN,BJP
36,Utpal Das,CPM
36,UTPAL,CPM
36,Amal Acharjee,INC
36,AMAL,INC
36,ACHARJEE,INC
37,Rekha Roy,TMC
37,REKHA,TMC
37,Tapas Chandra Roy,BJP
37,TAPAS,BJP
37,CHANDRA,BJP
37,Jyotirmoy Roy,CPM
37,JYOTIRMOY,CPM
37,Bablu Sarkar,INC
37,BABLU,INC
37,SARKAR,INC
38,Toraf Hossain Mandal,TMC
38,TORAF,TMC
38,HOSSAIN,TMC
38,MANDAL,TMC
38,Suvendu Sarkar,BJP
38,SUVENDU,BJP
38,SARKAR,BJP
38,Mofazzal Hossain,CPM
38,MOFAZZAL,CPM
38,Gulam Martuja Mandal,INC
38,GULAM,INC
38,MARTUJA,INC
39,Arpita Ghosh,TMC
39,ARPITA,TMC
39,GHOSH,TMC
39,Bidyut Roy,BJP
39,BIDYUT,BJP
39,Arnab Choudhury,CPM
39,ARNAB,CPM
39,CHOUDHURY,CPM
39,Pradip Kumar Mitra,INC
39,PRADIP,INC
39,KUMAR,INC
39,MITRA,INC
40,Chintamoni Biha,TMC
40,CHINTAMONI,TMC
40,BIHA,TMC
40,Budhrai Tudu,BJP
40,BUDHRAI,BJP
40,TUDU,BJP
40,Bappai Haro,CPM
40,BAPPAI,CPM
40,HARO,CPM
40,Bankim Chandra Toppo,INC
40,BANKIM,INC
40,CHANDRA,INC
40,TOPPO,INC
41,Goutam Das,TMC
41,GOUTAM,TMC
41,Satyendra Nath Ray,BJP
41,SATYENDRA,BJP
41,NATH,BJP
41,Biplab Barman,CPM
41,BIPLAB,CPM
41,BARMAN,CPM
41,Jui Barman,INC
42,Biplab Mitra,TMC
42,BIPLAB,TMC
42,MITRA,TMC
42,Debabrata Majumder,BJP
42,DEBABRATA,BJP
42,MAJUMDER,BJP
42,Gautam Goswami,CPM
42,GAUTAM,CPM
42,GOSWAMI,CPM
42,Subhasish Pal,INC
42,SUBHASISH,INC
43,Amal Kisku,TMC
43,AMAL,TMC
43,KISKU,TMC
43,Joyel Murmu,BJP
43,JOYEL,BJP
43,MURMU,BJP
43,Basudeb Barman,CPM
43,BASUDEB,CPM
43,BARMAN,CPM
43,Rajen Soren,INC
43,RAJEN,INC
43,SOREN,INC
44,Prasenjit Das,TMC
44,PRASENJIT,TMC
44,Chinmoy Deb Barman,BJP
44,CHINMOY,BJP
44,BARMAN,BJP
44,Khitish Sarkar,CPM
44,KHITISH,CPM
44,SARKAR,CPM
44,Prem Chowdhury,INC
44,PREM,INC
44,CHOWDHURY,INC
45,Prasun Banerjee,TMC
45,PRASUN,TMC
45,BANERJEE,TMC
45,Ratan Das,BJP
45,RATAN,BJP
45,Anawarul Haque,CPM
45,ANAWARUL,CPM
45,HAQUE,CPM
45,Asif Mehbub,INC
45,ASIF,INC
45,MEHBUB,INC
46,Md. Matibur Rahaman,TMC
46,MATIBUR,TMC
46,RAHAMAN,TMC
46,Ratan Das,BJP
46,RATAN,BJP
46,Sheikh Khalil,CPM
46,SHEIKH,CPM
46,KHALIL,CPM
46,Mostaque Alam,INC
46,MOSTAQUE,INC
46,ALAM,INC
47,Abdur Rahim Boxi,TMC
47,ABDUR,TMC
47,RAHIM,TMC
47,BOXI,TMC
47,Ashish Das,BJP
47,ASHISH,BJP
47,Minarul Hossain,CPM
47,MINARUL,CPM
47,HOSSAIN,CPM
47,Mausam Noor,INC
47,MAUSAM,INC
47,NOOR,INC
48,Samar Mukherjee,TMC
48,SAMAR,TMC
48,MUKHERJEE,TMC
48,Abhishek Singhania,BJP
48,ABHISHEK,BJP
48,SINGHANIA,BJP
48,Jahur Alam,CPM
48,JAHUR,CPM
48,ALAM,CPM
48,Mottakin Alam,INC
48,MOTTAKIN,INC
49,Kabita Mandal,TMC
49,KABITA,TMC
49,MANDAL,TMC
49,Gour Chandra Mondal,BJP
49,GOUR,BJP
49,CHANDRA,BJP
49,MONDAL,BJP
49,Debojyoti Sinha,CPM
49,DEBOJYOTI,CPM
49,SINHA,CPM
49,Md. Ansarul Hoque,INC
49,ANSARUL,INC
49,HOQUE,INC
50,Lipika Barman Ghosh,TMC
50,LIPIKA,TMC
50,BARMAN,TMC
50,GHOSH,TMC
50,Gopal Chandra Saha,BJP
50,GOPAL,BJP
50,CHANDRA,BJP
50,SAHA,BJP
50,Dipak Barman,CPM
50,DIPAK,CPM
50,Bhupendra Nath Halder,INC
50,BHUPENDRA,INC
50,NATH,INC
50,HALDER,INC
51,Ashish Kundu,TMC
51,ASHISH,TMC
51,KUNDU,TMC
51,Amlan Bhaduri,BJP
51,AMLAN,BJP
51,BHADURI,BJP
51,Ambar Mitra,CPM
51,AMBAR,CPM
51,MITRA,CPM
51,Masud Alam,INC
51,MASUD,INC
51,ALAM,INC
52,Md. Najrul Islam,TMC
52,NAJRUL,TMC
52,ISLAM,TMC
52,Nibaran Ghosh,BJP
52,NIBARAN,BJP
52,GHOSH,BJP
52,Moulana Shajahan Ali,ISF
52,MOULANA,ISF
52,SHAJAHAN,ISF
52,Sayem Chowdhury,INC
52,SAYEM,INC
52,CHOWDHURY,INC
53,Sabina Yeasmin,TMC
53,SABINA,TMC
53,YEASMIN,TMC
53,Abhiraj Chowdhury,BJP
53,ABHIRAJ,BJP
53,CHOWDHURY,BJP
53,Md. Karimullah Haque,ISF
53,KARIMULLAH,ISF
53,HAQUE,ISF
53,Md. Abdul Hannan,INC
53,ABDUL,INC
53,HANNAN,INC
54,Chandana Sarkar,TMC
54,CHANDANA,TMC
54,SARKAR,TMC
54,Raju Karmakar,BJP
54,RAJU,BJP
54,KARMAKAR,BJP
54,Dundubhi Saha,CPM
54,DUNDUBHI,CPM
54,SAHA,CPM
54,Mamuni Mandal,INC
54,MAMUNI,INC
54,MANDAL,INC
