ac_no,ac_name,candidate,party,total_votes,source
1,Mekliganj,ADHIKARY PARESH CHANDRA,TMC,99338.0,ECI
1,Mekliganj,DADHIRAM RAY,BJP,84653.0,ECI
1,Mekliganj,GOBINDA CHANDRA ROY,OTHER,6853.0,ECI
1,Mekliganj,NOTA,OTHER,2447.0,ECI
1,Mekliganj,RANJIT KUMAR ROY,OTHER,1768.0,ECI
1,Mekliganj,JYOTISH ROY,OTHER,1025.0,ECI
1,Mekliganj,SUBHASH BARMAN,OTHER,955.0,ECI
1,Mekliganj,KUKIL ADHIKARY,OTHER,794.0,ECI
1,Mekliganj,GOLAPI ROY,OTHER,511.0,ECI
1,Mekliganj,CHINU ROY BARMAN,OTHER,400.0,ECI
2,Mathabhanga,Sushil Barman,BJP,113249.0,ECI
2,Mathabhanga,Girindra Nath Barman,TMC,87115.0,ECI
2,Mathabhanga,Ashok Barman,CPM,7718.0,ECI
2,Mathabhanga,NOTA,OTHER,1443.0,ECI
2,Mathabhanga,Kangsa Raj Barman,OTHER,1289.0,ECI
2,Mathabhanga,Haradhan Roy,OTHER,1167.0,ECI
2,Mathabhanga,Animesh Mohanta,OTHER,1147.0,ECI
2,Mathabhanga,Bikash Barman,OTHER,589.0,ECI
2,Mathabhanga,Ratan Barman,OTHER,486.0,ECI
3,COOCHBEHAR UTTAR,SUKUMAR ROY,BJP,120483.0,ECI
3,COOCHBEHAR UTTAR,BINAY KRISHNA BARMAN,TMC,105868.0,ECI
3,COOCHBEHAR UTTAR,NAGENDRA NATH ROY,OTHER,11475.0,ECI
3,COOCHBEHAR UTTAR,NOTA,OTHER,1570.0,ECI
3,COOCHBEHAR UTTAR,ANIL CHANDRA ROY,OTHER,1386.0,ECI
3,COOCHBEHAR UTTAR,NARESH CHANDRA ROY,OTHER,1379.0,ECI
3,COOCHBEHAR UTTAR,SAMARESH RAY,OTHER,1127.0,ECI
3,COOCHBEHAR UTTAR,GOPAL ROY,OTHER,628.0,ECI
4,Coochbehar Dakshin,Nikhil Ranjan Dey,BJP,91560.0,ECI
4,Coochbehar Dakshin,Avijit De Bhowmik,TMC,86629.0,ECI
4,Coochbehar Dakshin,Akshay Thakur,OTHER,10246.0,ECI
4,Coochbehar Dakshin,Rati Ranjan Paul,OTHER,1485.0,ECI
4,Coochbehar Dakshin,NOTA,OTHER,1464.0,ECI
4,Coochbehar Dakshin,Khokan Majumdar,OTHER,1419.0,ECI
4,Coochbehar Dakshin,Nazma Khandakar,OTHER,1138.0,ECI
4,Coochbehar Dakshin,Anamika Paul,OTHER,739.0,ECI
4,Coochbehar Dakshin,Bidhan Barma,OTHER,496.0,ECI
4,Coochbehar Dakshin,Babla Deb,OTHER,329.0,ECI
5,Sitalkuchi,Baren Chandra Barman,BJP,124955.0,ECI
5,Sitalkuchi,Partha Pratim Ray,TMC,107140.0,ECI
5,Sitalkuchi,Sudhangshu Pramanik,CPM,6720.0,ECI
5,Sitalkuchi,NOTA,OTHER,2743.0,ECI
5,Sitalkuchi,Hare Krishna Sarkar,OTHER,2018.0,ECI
5,Sitalkuchi,Manik Chandra Barman,OTHER,976.0,ECI
5,Sitalkuchi,Kamal Barman,OTHER,721.0,ECI
5,Sitalkuchi,Jagadish Adhikari,OTHER,693.0,ECI
6,Sitai,JAGADISH CHANDRA BARMA BASUNIA,TMC,117908.0,ECI
6,Sitai,DIPAK KUMAR ROY,BJP,107796.0,ECI
6,Sitai,KESHAB CHANDRA RAY,INC,3964.0,ECI
6,Sitai,SUNIL MAHANTA,OTHER,2391.0,ECI
6,Sitai,LALCHAND BARMAN,OTHER,1776.0,ECI
6,Sitai,NOTA,OTHER,1577.0,ECI
6,Sitai,ANIL CHANDRA BARMAN ROY,OTHER,1381.0,ECI
6,Sitai,KASHIKANTA BARMAN,OTHER,866.0,ECI
6,Sitai,PROSHANTA BARMAN,OTHER,550.0,ECI
6,Sitai,PRASANNA KUMAR ROY,OTHER,369.0,ECI
7,Dinhata,NISITH PRAMANIK,BJP,116035.0,ECI
7,Dinhata,UDAYAN GUHA,TMC,115978.0,ECI
7,Dinhata,ABDUR ROUF,OTHER,6069.0,ECI
7,Dinhata,NOTA,OTHER,1537.0,ECI
7,Dinhata,LEBU MIYAN,OTHER,1387.0,ECI
7,Dinhata,PRADIP ROY,OTHER,1375.0,ECI
7,Dinhata,NIRMAL CHANDRA BARMAN,OTHER,1370.0,ECI
8,Natabari,Mihir Goswami,BJP,111743.0,ECI
8,Natabari,Rabindra Nath Ghosh,TMC,88303.0,ECI
8,Natabari,Akik Hassan,CPM,11839.0,ECI
8,Natabari,Sahidul Hossain,OTHER,1341.0,ECI
8,Natabari,Abdus Salam,OTHER,1186.0,ECI
8,Natabari,NOTA,OTHER,1146.0,ECI
8,Natabari,Dalendra Nath Ray,OTHER,1110.0,ECI
8,Natabari,Ekramul Hoque,OTHER,505.0,ECI
9,Tufanganj,Malati Rava Roy,BJP,114503.0,ECI
9,Tufanganj,Pranab Kumar Dey,TMC,83305.0,ECI
9,Tufanganj,Rabin Roy,INC,5973.0,ECI
9,Tufanganj,NOTA,OTHER,2069.0,ECI
9,Tufanganj,Sushil Chandra Das,OTHER,1461.0,ECI
9,Tufanganj,Prahallad Layek,OTHER,601.0,ECI
9,Tufanganj,Dhananjay Barman,OTHER,552.0,ECI
9,Tufanganj,Bhola Saha,OTHER,491.0,ECI
9,Tufanganj,Jiban Kumar Saha,OTHER,423.0,ECI
10,Kumargram,MANOJ KUMAR ORAON,BJP,111974.0,ECI
10,Kumargram,LEOS KUJUR (URAO),TMC,100973.0,ECI
10,Kumargram,KISHOR MINJ,OTHER,11253.0,ECI
10,Kumargram,NOTA,OTHER,2718.0,ECI
10,Kumargram,Aron Murmu,OTHER,1781.0,ECI
10,Kumargram,Shrilal Oron,OTHER,1651.0,ECI
10,Kumargram,KALAWATI CHIK BARAIK,OTHER,1399.0,ECI
10,Kumargram,Shailen Marandi,OTHER,740.0,ECI
11,Kalchini,BISHAL LAMA,BJP,103104.0,ECI
11,Kalchini,PASSANG LAMA,TMC,74528.0,ECI
11,Kalchini,AVIJIT NARJINARY,INC,5482.0,ECI
11,Kalchini,BINAY NARJINARY,OTHER,2425.0,ECI
11,Kalchini,NOTA,OTHER,2377.0,ECI
11,Kalchini,REKHA LAKRA (EKKA),OTHER,2251.0,ECI
11,Kalchini,PRAKASH KUJUR,OTHER,1869.0,ECI
11,Kalchini,CHANCHAL NARJINARY,OTHER,1164.0,ECI
11,Kalchini,SUKUMAR MINJ,OTHER,910.0,ECI
11,Kalchini,ASHOK LAMA,OTHER,803.0,ECI
11,Kalchini,HAKIM MAHALI,OTHER,479.0,ECI
11,Kalchini,MADAN KUMAR URAON,OTHER,423.0,ECI
12,Alipurduars,SUMAN KANJILAL,BJP,107333.0,ECI
12,Alipurduars,SOURAV CHAKRABORTY (GHUTIS),TMC,91326.0,ECI
12,Alipurduars,DEBA PRASAD ROY,INC,15651.0,ECI
12,Alipurduars,NIKHIL CHANDRA RAIBIR,OTHER,2351.0,ECI
12,Alipurduars,NOTA,OTHER,1981.0,ECI
12,Alipurduars,RINKU GHOSH,OTHER,1393.0,ECI
12,Alipurduars,PIJUSH KANTI SARMA,OTHER,1111.0,ECI
12,Alipurduars,ASHIM ROY,OTHER,696.0,ECI
12,Alipurduars,KUSHAL KUMAR ROY,OTHER,620.0,ECI
12,Alipurduars,ABINASH DAS,OTHER,270.0,ECI
13,Falakata,DIPAK BARMAN,BJP,102993.0,ECI
13,Falakata,SUBHASH CHANDRA ROY,TMC,99003.0,ECI
13,Falakata,KSHITISH CHANDRA RAY,CPM,10772.0,ECI
13,Falakata,NOTA,OTHER,1970.0,ECI
13,Falakata,DIPAK CHANDRA MANDAL (SANTOSH),OTHER,1678.0,ECI
13,Falakata,SWAPAN ROY,OTHER,1645.0,ECI
13,Falakata,TAPAN ADHIKARI,OTHER,1377.0,ECI
13,Falakata,TARANI ROY,OTHER,613.0,ECI
13,Falakata,BIMAL ROY,OTHER,449.0,ECI
14,Madarihat,MANOJ TIGGA,BJP,90718.0,ECI
14,Madarihat,RAJESH LAKRA,TMC,61033.0,ECI
14,Madarihat,SUBHASH LOHAR,OTHER,7072.0,ECI
14,Madarihat,NOTA,OTHER,2622.0,ECI
14,Madarihat,UTTAM BARUA,OTHER,1696.0,ECI
14,Madarihat,VIVEK PRADEEP TETE,OTHER,1540.0,ECI
14,Madarihat,PANCHU ORAON,OTHER,1272.0,ECI
14,Madarihat,SUDHIST BARAIK,OTHER,967.0,ECI
15,Dhupguri,BISHNU PADA RAY,BJP,104688.0,ECI
15,Dhupguri,MITALI ROY,TMC,100333.0,ECI
15,Dhupguri,PRADIP KUMAR ROY,CPM,13107.0,ECI
15,Dhupguri,BEDODYUTI ROY,OTHER,2178.0,ECI
15,Dhupguri,HRISHIKESH ROY,OTHER,2169.0,ECI
15,Dhupguri,SUKUMAR ROY,OTHER,2155.0,ECI
15,Dhupguri,NOTA,OTHER,1984.0,ECI
15,Dhupguri,DHIRANJAN ROY,OTHER,1613.0,ECI
15,Dhupguri,SUJAN BARMAN,OTHER,1096.0,ECI
16,Maynaguri,Kaushik Roy,BJP,115306.0,ECI
16,Maynaguri,Manoj Roy,TMC,103395.0,ECI
16,Maynaguri,Naresh Chandra Roy,OTHER,5760.0,ECI
16,Maynaguri,NOTA,OTHER,3095.0,ECI
16,Maynaguri,Biswanath Roy,OTHER,2868.0,ECI
16,Maynaguri,Uday Shankar Adhikari,OTHER,1555.0,ECI
16,Maynaguri,Ganesh Mandal,OTHER,1550.0,ECI
16,Maynaguri,Bilash Sarkar,OTHER,1079.0,ECI
16,Maynaguri,Shyamal Roy,OTHER,745.0,ECI
16,Maynaguri,Binay Sarkar,OTHER,740.0,ECI
17,Jalpaiguri,DR. PRADIP KUMAR BARMA,TMC,95668.0,ECI
17,Jalpaiguri,SOUJIT SINGHA (PIKU),BJP,94727.0,ECI
17,Jalpaiguri,SUKHBILAS BARMA,INC,24228.0,ECI
17,Jalpaiguri,NOTA,OTHER,3381.0,ECI
17,Jalpaiguri,SUBHASH KUMAR SARKAR,OTHER,1609.0,ECI
17,Jalpaiguri,RAKHI SARKAR,OTHER,1556.0,ECI
17,Jalpaiguri,HAREKRISHNA SARKAR,OTHER,1147.0,ECI
17,Jalpaiguri,ISWAR BARAI,OTHER,1011.0,ECI
17,Jalpaiguri,HARIDAS BISWAS,OTHER,962.0,ECI
17,Jalpaiguri,PALENDRA NATH ROY,OTHER,898.0,ECI
17,Jalpaiguri,PRAHLAD ROY,OTHER,746.0,ECI
18,Rajganj,KHAGESWAR ROY,TMC,104641.0,ECI
18,Rajganj,SUPEN ROY,BJP,88868.0,ECI
18,Rajganj,RATAN KUMAR ROY,CPM,12108.0,ECI
18,Rajganj,NOTA,OTHER,3175.0,ECI
18,Rajganj,TAPATI ROY (BARMAN),OTHER,1860.0,ECI
18,Rajganj,UDAY ROY,OTHER,1605.0,ECI
18,Rajganj,SANTI KISHOR BARARI,OTHER,1510.0,ECI
18,Rajganj,DIGBIJAY MANDAL,OTHER,1146.0,ECI
18,Rajganj,NIRODE CHANDRA ADHIKARY,OTHER,842.0,ECI
19,Dabgram-Fulbari,Sikha Chatterjee,BJP,129088.0,ECI
19,Dabgram-Fulbari,Goutam Deb,TMC,101495.0,ECI
19,Dabgram-Fulbari,Dilip Singh,CPM,17998.0,ECI
19,Dabgram-Fulbari,NOTA,OTHER,3379.0,ECI
19,Dabgram-Fulbari,Radhakrishna Namadas,OTHER,1395.0,ECI
19,Dabgram-Fulbari,Maheswar Barman,OTHER,1391.0,ECI
19,Dabgram-Fulbari,Rakhi Mandal,OTHER,1093.0,ECI
19,Dabgram-Fulbari,Subash Biswas,OTHER,1052.0,ECI
19,Dabgram-Fulbari,Amitav Naskar,OTHER,881.0,ECI
19,Dabgram-Fulbari,Shambhu Sutradhar,OTHER,650.0,ECI
19,Dabgram-Fulbari,Maniul Islam,OTHER,547.0,ECI
20,Mal,BULU CHIK BARAIK,TMC,99086.0,ECI
20,Mal,MAHESH BAGEY,BJP,93621.0,ECI
20,Mal,MANU ORAON,CPM,10929.0,ECI
20,Mal,NOTA,OTHER,4699.0,ECI
20,Mal,GITA ORAON,OTHER,3008.0,ECI
20,Mal,BABLU MAJHI,OTHER,1912.0,ECI
21,Nagrakata,PUNA BHENGRA,BJP,94722.0,ECI
21,Nagrakata,JOSEPH MUNDA,TMC,71247.0,ECI
21,Nagrakata,SUKBIR SUBBA,INC,12442.0,ECI
21,Nagrakata,NOTA,OTHER,5454.0,ECI
21,Nagrakata,ROBAT MUNDA,OTHER,3283.0,ECI
21,Nagrakata,BENAM ORAON,OTHER,2247.0,ECI
21,Nagrakata,ASHAN TIRKEY,OTHER,1774.0,ECI
22,Kalimpong,RUDEN SADA LEPCHA,OTHER,58206.0,ECI
22,Kalimpong,SUVA PRADHAN,BJP,54336.0,ECI
22,Kalimpong,DR. R.B. BHUJEL,OTHER,31856.0,ECI
22,Kalimpong,NOTA,OTHER,2160.0,ECI
22,Kalimpong,PENJO GOMPU BHUTIA,OTHER,1805.0,ECI
22,Kalimpong,SONGDEN LEPCHA,OTHER,1720.0,ECI
22,Kalimpong,DILIP PRADHAN,INC,1715.0,ECI
22,Kalimpong,UJJWAL RAI,OTHER,1562.0,ECI
22,Kalimpong,BHUPENDRA LEPCHA,OTHER,1503.0,ECI
23,Darjeeling,NEERAJ TAMANG ZIMBA,BJP,68907.0,ECI
23,Darjeeling,KESHAV RAJ SHARMA,OTHER,47631.0,ECI
23,Darjeeling,PEMBA TSHERING,OTHER,38240.0,ECI
23,Darjeeling,SURAJ GURUNG,OTHER,2855.0,ECI
23,Darjeeling,NOTA,OTHER,2540.0,ECI
23,Darjeeling,NIMA GYAMTSHO SHERPA,OTHER,2088.0,ECI
23,Darjeeling,GAUTAM RAJ RAI,CPM,1913.0,ECI
23,Darjeeling,ANJANI SHARMA,OTHER,1677.0,ECI
23,Darjeeling,MILAN THOKAR,OTHER,1397.0,ECI
23,Darjeeling,BHARAT PRAKASH RAI,OTHER,1327.0,ECI
24,Kurseong,Bishnu Prasad Sharma (alias B.P. Bajgain),BJP,73475.0,ECI
24,Kurseong,Tshering Lama,OTHER,57960.0,ECI
24,Kurseong,Narbu Lama,OTHER,33094.0,ECI
24,Kurseong,Uttam Brahman,CPM,2545.0,ECI
24,Kurseong,NOTA,OTHER,2417.0,ECI
24,Kurseong,Ugam Lama,OTHER,2299.0,ECI
24,Kurseong,Bikram Rai,OTHER,1429.0,ECI
24,Kurseong,Pranav Pradhan,OTHER,1366.0,ECI
24,Kurseong,Bhupendra Lepcha,OTHER,960.0,ECI
25,Matigara-Naxalbari,Anandamay Barman,BJP,139785.0,ECI
25,Matigara-Naxalbari,Rajen Sundas,TMC,68937.0,ECI
25,Matigara-Naxalbari,Sankar Malakar,INC,23060.0,ECI
25,Matigara-Naxalbari,NOTA,OTHER,3912.0,ECI
25,Matigara-Naxalbari,Rakesh Mondal,OTHER,2046.0,ECI
25,Matigara-Naxalbari,Sudip Mandal,OTHER,1577.0,ECI
25,Matigara-Naxalbari,Harish Chandra Barman,OTHER,1274.0,ECI
26,Siliguri,Sankar Ghosh,BJP,89370.0,ECI
26,Siliguri,Dr. Omprakash Mishra,TMC,53784.0,ECI
26,Siliguri,Asok Bhattacharya,CPM,28835.0,ECI
26,Siliguri,NOTA,OTHER,2074.0,ECI
26,Siliguri,Kakali Majumdar (Roy),OTHER,1255.0,ECI
26,Siliguri,Habul Ghosh,OTHER,957.0,ECI
26,Siliguri,Nintu Dutta,OTHER,649.0,ECI
26,Siliguri,Chayan Guha,OTHER,594.0,ECI
26,Siliguri,Bhushan Kumar Soni,OTHER,447.0,ECI
26,Siliguri,Dipti Roy,OTHER,379.0,ECI
26,Siliguri,Chhotan Saha,OTHER,306.0,ECI
27,Phansidewa,Durga Murmu,BJP,105651.0,ECI
27,Phansidewa,Chhotan Kisku,TMC,77940.0,ECI
27,Phansidewa,Sunil Chandra Tirkey,INC,12815.0,ECI
27,Phansidewa,Sumanti Ekka,OTHER,2787.0,ECI
27,Phansidewa,NOTA,OTHER,2575.0,ECI
27,Phansidewa,Karuna Ranjan Soren,OTHER,2291.0,ECI
27,Phansidewa,Bhola Tirki,OTHER,1832.0,ECI
27,Phansidewa,Amit Lakra,OTHER,1699.0,ECI
28,Chopra,HAMIDUL RAHAMAN,TMC,124923.0,ECI
28,Chopra,MD. SHAHIN AKHTER,BJP,60018.0,ECI
28,Chopra,ANWARUL HAQUE,CPM,12279.0,ECI
28,Chopra,AJOY KUMAR SINHA,OTHER,3166.0,ECI
28,Chopra,SUROJIT KISKU,OTHER,2193.0,ECI
28,Chopra,NOTA,OTHER,1531.0,ECI
29,Islampur,ABDUL KARIM CHOWDHARY,TMC,100131.0,ECI
29,Islampur,SAUMYAROOP MANDAL,BJP,62691.0,ECI
29,Islampur,SADIQUL ISLAM,INC,3461.0,ECI
29,Islampur,NOTA,OTHER,1976.0,ECI
29,Islampur,BIRENDRA NATH SINHA,OTHER,1152.0,ECI
29,Islampur,MD. NAIYAR ALAM,OTHER,563.0,ECI
30,Goalpokhar,MD. GHULAM RABBANI,TMC,105649.0,ECI
30,Goalpokhar,MD. GHULAM SARWAR,BJP,32135.0,ECI
30,Goalpokhar,MASOOD MD. NASEEM AHSEN,INC,19391.0,ECI
30,Goalpokhar,NOTA,OTHER,2016.0,ECI
30,Goalpokhar,SUNIL BISWAS,OTHER,865.0,ECI
30,Goalpokhar,SHAMBHU LAL ROY,OTHER,694.0,ECI
30,Goalpokhar,RAGHU NATH SINGHA,OTHER,405.0,ECI
30,Goalpokhar,NABIN CHANDRA SINGHA,OTHER,380.0,ECI
31,Chakulia,AZAD MINHAJUL ARFIN,TMC,86311.0,ECI
31,Chakulia,SACHIN PRASAD,BJP,52474.0,ECI
31,Chakulia,ALI IMRAN RAMZ,OTHER,28704.0,ECI
31,Chakulia,GOUTAM PAUL,OTHER,2725.0,ECI
31,Chakulia,NOTA,OTHER,1186.0,ECI
31,Chakulia,MAZHAR IMAM,OTHER,1046.0,ECI
31,Chakulia,KAMKSHYA SARKAR,OTHER,954.0,ECI
32,Karandighi,GOUTAM PAUL,TMC,116594.0,ECI
32,Karandighi,SUBHAS CHANDRA SINHA S/O: HARANARAYAN SINHA,BJP,79968.0,ECI
32,Karandighi,MD. HAFIZUL IQBAL,OTHER,9146.0,ECI
32,Karandighi,NOTA,OTHER,2449.0,ECI
32,Karandighi,BENOY KUMAR DAS,OTHER,1269.0,ECI
32,Karandighi,HARUN RASHID,OTHER,1139.0,ECI
32,Karandighi,SUBHASH CHANDRA SINHA S/O: BUYASU LAL SINGHA,OTHER,693.0,ECI
32,Karandighi,ABDULLAH,OTHER,632.0,ECI
32,Karandighi,DINESH CHANDRA SINGHA,OTHER,537.0,ECI
32,Karandighi,BISHWAJIT SINHA,OTHER,271.0,ECI
32,Karandighi,SANTHAPAN HASDAK,OTHER,231.0,ECI
32,Karandighi,SHANTILAL SINGHA,OTHER,207.0,ECI
33,Hemtabad,SATYAJIT BARMAN,TMC,116425.0,ECI
33,Hemtabad,CHANDIMA ROY,BJP,89210.0,ECI
33,Hemtabad,BHUPEN BARMAN,CPM,9453.0,ECI
33,Hemtabad,NOTA,OTHER,2160.0,ECI
33,Hemtabad,MANINDRA BARMAN,OTHER,1581.0,ECI
33,Hemtabad,JYOTIRMAY BARMAN,OTHER,1518.0,ECI
33,Hemtabad,BINAY KUMAR ROY,OTHER,1411.0,ECI
33,Hemtabad,SANKAR BARMAN,OTHER,842.0,ECI
33,Hemtabad,DIPU BARMAN,OTHER,701.0,ECI
34,Kaliaganj,SOUMEN ROY,BJP,116768.0,ECI
34,Kaliaganj,TAPAN DEB SINGHA,TMC,94948.0,ECI
34,Kaliaganj,PRAVASH SARKAR,INC,16770.0,ECI
34,Kaliaganj,SUDHIR SARKAR,OTHER,4004.0,ECI
34,Kaliaganj,NOTA,OTHER,3007.0,ECI
34,Kaliaganj,GOPAL CHUNARY,OTHER,1073.0,ECI
34,Kaliaganj,SURESH BARMAN,OTHER,1028.0,ECI
34,Kaliaganj,SHYAMA SARKAR,OTHER,781.0,ECI
34,Kaliaganj,Dilip Chandra Ray,OTHER,552.0,ECI
34,Kaliaganj,ALEN SARKAR,OTHER,408.0,ECI
34,Kaliaganj,NAMALA KANTA SARKAR,OTHER,387.0,ECI
35,Raiganj,KRISHNA KALYANI,BJP,79775.0,ECI
35,Raiganj,AGARWAL KANAIA LAL,TMC,59027.0,ECI
35,Raiganj,MOHIT SENGUPTA,INC,17198.0,ECI
35,Raiganj,NOTA,OTHER,2468.0,ECI
35,Raiganj,RAJU PAUL,OTHER,1361.0,ECI
35,Raiganj,MINAKSHI ROY,OTHER,465.0,ECI
35,Raiganj,DIPENDU SARKAR,OTHER,211.0,ECI
35,Raiganj,GOUTAM BISWAS,OTHER,208.0,ECI
35,Raiganj,MANJU DAS (MANDAL),OTHER,196.0,ECI
35,Raiganj,BAHAMONI HANSDA,OTHER,133.0,ECI
35,Raiganj,SANATAN MAJUMDAR,OTHER,133.0,ECI
35,Raiganj,JYOTI BARMAN,OTHER,99.0,ECI
35,Raiganj,BHABATOSH LAHIRI,OTHER,73.0,ECI
36,Itahar,MOSARAF HUSSEN,TMC,114645.0,ECI
36,Itahar,AMIT KUMAR KUNDU,BJP,70670.0,ECI
36,Itahar,SRIKUMAR MUKHERJEE,OTHER,4908.0,ECI
36,Itahar,NOTA,OTHER,1240.0,ECI
36,Itahar,MOJAMMEL HAQUE,OTHER,1024.0,ECI
36,Itahar,MOFAKKERUL ISLAM,OTHER,831.0,ECI
36,Itahar,FIROJ ALAM,OTHER,346.0,ECI
36,Itahar,TUFAN BARMAN,OTHER,189.0,ECI
36,Itahar,DILIP KUMAR BARMAN,OTHER,133.0,ECI
37,Kushmandi,REKHA ROY,TMC,89968.0,ECI
37,Kushmandi,RANJIT KUMAR ROY,BJP,77384.0,ECI
37,Kushmandi,NARMADA CHANDRA ROY,OTHER,12571.0,ECI
37,Kushmandi,NOTA,OTHER,1598.0,ECI
37,Kushmandi,BISWANATH SARKAR,OTHER,1436.0,ECI
37,Kushmandi,BHIMNAL SARKAR,OTHER,1118.0,ECI
38,Kumarganj,TORAF HOSSAIN MANDAL,TMC,89763.0,ECI
38,Kumarganj,Manas Sarkar,BJP,60396.0,ECI
38,Kumarganj,CHAUDHURI NARGIS BANU,INC,17478.0,ECI
38,Kumarganj,RANAJIT DEB,OTHER,1215.0,ECI
38,Kumarganj,NOTA,OTHER,1125.0,ECI
38,Kumarganj,RUBEL SARKAR,OTHER,951.0,ECI
39,Balurghat,Ashok Kumar Lahiri,BJP,72129.0,ECI
39,Balurghat,Sekhar Dasgupta,TMC,58693.0,ECI
39,Balurghat,Sucheta Biswas,OTHER,16153.0,ECI
39,Balurghat,NOTA,OTHER,1830.0,ECI
39,Balurghat,Jogesh Chandra Murmu,OTHER,1141.0,ECI
39,Balurghat,Narottam Saha,OTHER,810.0,ECI
39,Balurghat,BIRENDRA NATH MAHANTA,OTHER,604.0,ECI
39,Balurghat,Dulal Barman,OTHER,379.0,ECI
39,Balurghat,Anup Barman,OTHER,353.0,ECI
40,Tapan,BUDHRAI TUDU,BJP,84381.0,ECI
40,Tapan,KALPANA KISKU,TMC,82731.0,ECI
40,Tapan,RAGHU UROW,OTHER,12088.0,ECI
40,Tapan,BABLU KISKU,OTHER,2146.0,ECI
40,Tapan,NOTA,OTHER,1703.0,ECI
40,Tapan,ALBINUS HASDA,OTHER,1315.0,ECI
40,Tapan,NIPESH TIRKI,OTHER,1125.0,ECI
40,Tapan,KALICHARAN EKKA,OTHER,820.0,ECI
41,Gangarampur,SATYENDRA NATH RAY,BJP,88724.0,ECI
41,Gangarampur,GOUTAM DAS,TMC,84132.0,ECI
41,Gangarampur,NANDA LAL HAZRA,CPM,12273.0,ECI
41,Gangarampur,ARUN KANTI BALA,OTHER,1169.0,ECI
41,Gangarampur,NOTA,OTHER,1149.0,ECI
41,Gangarampur,AKSHAY SARKAR,OTHER,1145.0,ECI
41,Gangarampur,SUBRATA ROY,CPM,890.0,ECI
42,Harirampur,BIPLAB MITRA,TMC,96131.0,ECI
42,Harirampur,NILANJAN ROY,BJP,73459.0,ECI
42,Harirampur,RAFIKUL ISLAM,CPM,12444.0,ECI
42,Harirampur,BIJAN CHAKRABORTY,OTHER,1831.0,ECI
42,Harirampur,NOTA,OTHER,1823.0,ECI
42,Harirampur,PRADIP KUMAR PRAMANIK,OTHER,772.0,ECI
42,Harirampur,SHANKAR MARDI,OTHER,571.0,ECI
42,Harirampur,JALALUDDIN AHMED,OTHER,333.0,ECI
42,Harirampur,HARISH MAHATO,OTHER,278.0,ECI
43,Habibpur,JOYEL MURMU,BJP,94075.0,ECI
43,Habibpur,PRODIP BASKEY,TMC,74558.0,ECI
43,Habibpur,THAKUR TUDU,CPM,13805.0,ECI
43,Habibpur,BABURAM KISKU,OTHER,5896.0,ECI
43,Habibpur,NOTA,OTHER,2162.0,ECI
43,Habibpur,PRATAP KORAMUDI,OTHER,1887.0,ECI
43,Habibpur,PROVAT KISKU,OTHER,1701.0,ECI
43,Habibpur,SHRINATH TUDU,OTHER,1667.0,ECI
43,Habibpur,MURMU JOY,OTHER,830.0,ECI
43,Habibpur,BISWANATH MARDI,OTHER,747.0,ECI
43,Habibpur,NIRMAL SOREN,OTHER,661.0,ECI
44,Gazole,CHINMOY DEB BARMAN,BJP,100655.0,ECI
44,Gazole,BASANTI BARMAN,TMC,98857.0,ECI
44,Gazole,ARUN KUMAR BISWAS,CPM,13950.0,ECI
44,Gazole,SANATAN RISHI,OTHER,1943.0,ECI
44,Gazole,NOTA,OTHER,1736.0,ECI
44,Gazole,SUPEN KUMAR ROY,OTHER,1381.0,ECI
44,Gazole,SATISH RAJBANSHI,OTHER,1127.0,ECI
44,Gazole,BIPAD BHANJAN ROY,OTHER,824.0,ECI
44,Gazole,Minu Sarkar (Barman),OTHER,741.0,ECI
45,Chanchal,Nihar Ranjan Ghosh,TMC,115966.0,ECI
45,Chanchal,Dipankar Ram (Bankat),BJP,48628.0,ECI
45,Chanchal,Asif Mehbub,INC,31346.0,ECI
45,Chanchal,Jhantu Kumar Rabidas,OTHER,1214.0,ECI
45,Chanchal,Younish Mia,OTHER,1050.0,ECI
45,Chanchal,NOTA,OTHER,1023.0,ECI
45,Chanchal,Bhakta Prasad Saha,OTHER,452.0,ECI
46,Harischandrapur,TAJMUL HOSSAIN,TMC,122527.0,ECI
46,Harischandrapur,MD. MATIBUR RAHAMAN,BJP,45054.0,ECI
46,Harischandrapur,ALAM MOSTAQUE,INC,29396.0,ECI
46,Harischandrapur,MD OLIUR RAHAMAN,OTHER,1473.0,ECI
46,Harischandrapur,RAM BILAS MANDAL,OTHER,1305.0,ECI
46,Harischandrapur,ALAM MD RAFIQUL,OTHER,1285.0,ECI
46,Harischandrapur,NOTA,OTHER,1012.0,ECI
46,Harischandrapur,MUSARAF HOSSAIN,OTHER,629.0,ECI
46,Harischandrapur,SUBRATA DAS,OTHER,472.0,ECI
47,Malatipur,ABDUR RAHIM BOXI,TMC,126157.0,ECI
47,Malatipur,MOUSUMI DAS,BJP,34208.0,ECI
47,Malatipur,ALBERUNI ZULKARNAIN,INC,19827.0,ECI
47,Malatipur,NOTA,OTHER,2034.0,ECI
47,Malatipur,MOTIUR RAHAMAN,OTHER,1643.0,ECI
47,Malatipur,MD. KAMRUL HODA,OTHER,1023.0,ECI
47,Malatipur,GOLAM FARUQUE,OTHER,592.0,ECI
48,Ratua,Samar Mukherjee,TMC,130674.0,ECI
48,Ratua,Abishek Singhania,BJP,55024.0,ECI
48,Ratua,Khatun Najema,INC,16173.0,ECI
48,Ratua,Payel Khatun,OTHER,8628.0,ECI
48,Ratua,Arafat Ali,OTHER,2102.0,ECI
48,Ratua,NOTA,OTHER,2051.0,ECI
48,Ratua,Chaitanya Rabidas,OTHER,1682.0,ECI
48,Ratua,Ashok Chowdhury,OTHER,1387.0,ECI
48,Ratua,Sabina Easmin,OTHER,856.0,ECI
48,Ratua,Sk Israil,OTHER,571.0,ECI
49,Manikchak,SABITRI MITRA,TMC,110234.0,ECI
49,Manikchak,GOUR CHANDRA MANDAL,BJP,76356.0,ECI
49,Manikchak,ALAM MOTTAKIN,INC,11555.0,ECI
49,Manikchak,ANIL CH. MANDAL,OTHER,2743.0,ECI
49,Manikchak,CHANCHALA KARMAKAR,OTHER,1740.0,ECI
49,Manikchak,AMAL KUMAR RABIDAS,OTHER,1519.0,ECI
49,Manikchak,NOTA,OTHER,1367.0,ECI
49,Manikchak,SUMITRA DAS,OTHER,826.0,ECI
49,Manikchak,DALIM MANDAL,OTHER,651.0,ECI
50,Maldaha,Gopal Chandra Saha,BJP,93398.0,ECI
50,Maldaha,Ujjwal Kumar Chowdhury,TMC,77942.0,ECI
50,Maldaha,Bhupendra Nath Halder (Arjun),INC,26563.0,ECI
50,Maldaha,NOTA,OTHER,2818.0,ECI
50,Maldaha,Sujit Kumar Moulik,OTHER,2128.0,ECI
50,Maldaha,Santosh Kumar Sarkar,OTHER,1469.0,ECI
50,Maldaha,Mukul Sarkar,OTHER,1240.0,ECI
50,Maldaha,Mirana Sarkar,OTHER,931.0,ECI
51,English Bazar,SREERUPA MITRA CHAUDHURY(NIRBHOY DIDI),BJP,107755.0,ECI
51,English Bazar,KRISHNENDU NARAYAN CHOUDHURY,TMC,87656.0,ECI
51,English Bazar,KOUSHIK MISRA(SAHEB),CPM,10953.0,ECI
51,English Bazar,NOTA,OTHER,3196.0,ECI
51,English Bazar,MD. ANISUR RAHAMAN,OTHER,1787.0,ECI
51,English Bazar,NARESH PAL,OTHER,1129.0,ECI
51,English Bazar,SATISH RAJBANSHI,OTHER,1057.0,ECI
51,English Bazar,SURESH CHANDRA SARKAR,OTHER,1039.0,ECI
51,English Bazar,ADITYA PRAKASH DASGUPTA,OTHER,360.0,ECI
51,English Bazar,UMA DAS (PAUL),OTHER,275.0,ECI
51,English Bazar,GAUTAM SARKAR,OTHER,267.0,ECI
51,English Bazar,FIROZ AKHTAR,OTHER,201.0,ECI
52,Mothabari,YEASMIN SABINA,TMC,97397.0,ECI
52,Mothabari,SHYAMCHAND GHOSH,BJP,40824.0,ECI
52,Mothabari,DULAL SK,INC,16903.0,ECI
52,Mothabari,MD. ALI KALIMULLAH (NUR HOQUE),OTHER,3585.0,ECI
52,Mothabari,NOTA,OTHER,2139.0,ECI
52,Mothabari,SUBODH SARKAR,OTHER,566.0,ECI
52,Mothabari,MST AKTARI KHATUN,OTHER,556.0,ECI
52,Mothabari,SAIDUR RAHAMAN,OTHER,495.0,ECI
52,Mothabari,MD EBRAHIM,OTHER,300.0,ECI
52,Mothabari,MD FARUQUE HOSSAIN(SAHITYARATNA),OTHER,195.0,ECI
52,Mothabari,RAMCHANDRA CHOWDHURI,OTHER,183.0,ECI
53,Sujapur,Md Abdul Ghani,TMC,152445.0,ECI
53,Sujapur,Isha Khan Choudhury,INC,22282.0,ECI
53,Sujapur,Sk Ziauddin,BJP,14789.0,ECI
53,Sujapur,Md. Nur Islam Sekh,OTHER,11173.0,ECI
53,Sujapur,Md. Rahim Biswas,OTHER,2321.0,ECI
53,Sujapur,NOTA,OTHER,1527.0,ECI
53,Sujapur,Rafiqul Islam,OTHER,1461.0,ECI
53,Sujapur,Nasmul Hoque,OTHER,546.0,ECI
53,Sujapur,Manjur Alahi Munshi,OTHER,454.0,ECI
53,Sujapur,Md. Saidul Hoque,OTHER,352.0,ECI
53,Sujapur,Md Monirul Hasan,OTHER,241.0,ECI
54,Baisnabnagar,CHANDANA SARKAR,TMC,83061.0,ECI
54,Baisnabnagar,SWADHIN KUMAR SARKAR,BJP,80590.0,ECI
54,Baisnabnagar,AZIZUL HOQUE,INC,37443.0,ECI
54,Baisnabnagar,NIKHIL CHANDRA MANDAL,OTHER,2282.0,ECI
54,Baisnabnagar,NOTA,OTHER,1705.0,ECI
54,Baisnabnagar,HARENDRANATH SARKAR,OTHER,1346.0,ECI
54,Baisnabnagar,KURBAN ANSARI,OTHER,1247.0,ECI
54,Baisnabnagar,SAMIR GHOSH,OTHER,978.0,ECI
